date,business_date,hour,shift,auth_request_count,cardholder_inquiry_count,lost_stolen_count,call_count,planned_call_count,call_variance,answer_rate,answered_count
2025-09-01,2025-09-01,9,日勤,16,67,58,141,146,-5,0.972,137
2025-09-01,2025-09-01,10,日勤,29,122,76,227,224,3,0.93,211
2025-09-01,2025-09-01,11,日勤,27,129,73,229,237,-8,0.921,211
2025-09-01,2025-09-01,12,日勤,30,108,71,209,199,10,0.909,190
2025-09-01,2025-09-01,13,日勤,29,121,68,218,224,-6,0.931,203
2025-09-01,2025-09-01,14,日勤,30,148,77,255,237,18,0.91,232
2025-09-01,2025-09-01,15,日勤,27,129,63,219,217,2,0.927,203
2025-09-01,2025-09-01,16,日勤,27,118,56,201,197,4,0.91,183
2025-09-01,2025-09-01,17,日勤,23,104,52,179,172,7,0.944,169
2025-09-01,2025-09-01,18,日勤,16,72,43,131,134,-3,0.916,120
2025-09-01,2025-09-01,19,日勤,10,50,34,94,97,-3,0.957,90
2025-09-01,2025-09-01,20,夜勤,8,45,42,95,101,-6,0.968,92
2025-09-01,2025-09-01,21,夜勤,6,34,34,74,79,-5,0.946,70
2025-09-01,2025-09-01,22,夜勤,3,38,26,67,69,-2,0.925,62
2025-09-01,2025-09-01,23,夜勤,3,25,21,49,49,0,0.939,46
2025-09-02,2025-09-01,0,夜勤,1,23,22,46,48,-2,0.913,42
2025-09-02,2025-09-01,1,夜勤,2,12,16,30,28,2,0.967,29
2025-09-02,2025-09-01,2,夜勤,2,12,13,27,28,-1,0.926,25
2025-09-02,2025-09-01,3,夜勤,1,13,14,28,28,0,0.893,25
2025-09-02,2025-09-01,4,夜勤,1,11,15,27,28,-1,0.926,25
2025-09-02,2025-09-01,5,夜勤,2,13,20,35,35,0,0.943,33
2025-09-02,2025-09-01,6,夜勤,1,26,30,57,55,2,0.877,50
2025-09-02,2025-09-01,7,夜勤,1,40,36,77,74,3,0.948,73
2025-09-02,2025-09-01,8,夜勤,1,53,40,94,94,0,0.979,92
2025-09-02,2025-09-02,9,日勤,14,73,59,146,146,0,0.89,130
2025-09-02,2025-09-02,10,日勤,29,130,72,231,224,7,0.974,225
2025-09-02,2025-09-02,11,日勤,30,146,70,246,237,9,0.927,228
2025-09-02,2025-09-02,12,日勤,30,106,71,207,199,8,0.971,201
2025-09-02,2025-09-02,13,日勤,29,120,74,223,224,-1,0.928,207
2025-09-02,2025-09-02,14,日勤,27,138,72,237,237,0,0.941,223
2025-09-02,2025-09-02,15,日勤,27,127,60,214,217,-3,0.972,208
2025-09-02,2025-09-02,16,日勤,28,113,55,196,197,-1,0.954,187
2025-09-02,2025-09-02,17,日勤,24,108,51,183,172,11,0.934,171
2025-09-02,2025-09-02,18,日勤,17,73,47,137,134,3,0.927,127
2025-09-02,2025-09-02,19,日勤,11,51,34,96,97,-1,0.927,89
2025-09-02,2025-09-02,20,夜勤,9,46,41,96,101,-5,0.948,91
2025-09-02,2025-09-02,21,夜勤,5,41,39,85,79,6,0.918,78
2025-09-02,2025-09-02,22,夜勤,3,34,31,68,69,-1,0.912,62
2025-09-02,2025-09-02,23,夜勤,3,24,21,48,49,-1,0.938,45
2025-09-03,2025-09-02,0,夜勤,1,23,23,47,48,-1,0.915,43
2025-09-03,2025-09-02,1,夜勤,1,13,13,27,28,-1,0.963,26
2025-09-03,2025-09-02,2,夜勤,2,13,15,30,28,2,0.967,29
2025-09-03,2025-09-02,3,夜勤,2,12,14,28,28,0,0.964,27
2025-09-03,2025-09-02,4,夜勤,1,14,14,29,28,1,0.931,27
2025-09-03,2025-09-02,5,夜勤,2,13,21,36,35,1,0.889,32
2025-09-03,2025-09-02,6,夜勤,2,25,27,54,55,-1,0.907,49
2025-09-03,2025-09-02,7,夜勤,2,34,32,68,74,-6,0.912,62
2025-09-03,2025-09-02,8,夜勤,2,46,43,91,94,-3,0.923,84
2025-09-03,2025-09-03,9,日勤,14,73,60,147,146,1,0.973,143
2025-09-03,2025-09-03,10,日勤,28,136,77,241,224,17,0.946,228
2025-09-03,2025-09-03,11,日勤,26,126,74,226,237,-11,0.978,221
2025-09-03,2025-09-03,12,日勤,31,99,75,205,199,6,0.937,192
2025-09-03,2025-09-03,13,日勤,27,134,73,234,224,10,0.979,229
2025-09-03,2025-09-03,14,日勤,26,126,66,218,237,-19,0.908,198
2025-09-03,2025-09-03,15,日勤,27,115,65,207,217,-10,0.961,199
2025-09-03,2025-09-03,16,日勤,31,110,60,201,197,4,0.935,188
2025-09-03,2025-09-03,17,日勤,22,102,53,177,172,5,0.91,161
2025-09-03,2025-09-03,18,日勤,16,70,45,131,134,-3,0.931,122
2025-09-03,2025-09-03,19,日勤,13,52,34,99,97,2,0.919,91
2025-09-03,2025-09-03,20,夜勤,8,51,39,98,101,-3,0.929,91
2025-09-03,2025-09-03,21,夜勤,6,40,33,79,79,0,0.924,73
2025-09-03,2025-09-03,22,夜勤,3,38,30,71,69,2,0.859,61
2025-09-03,2025-09-03,23,夜勤,3,23,23,49,49,0,0.857,42
2025-09-04,2025-09-03,0,夜勤,2,24,23,49,48,1,0.939,46
2025-09-04,2025-09-03,1,夜勤,1,11,15,27,28,-1,0.963,26
2025-09-04,2025-09-03,2,夜勤,1,13,14,28,28,0,0.929,26
2025-09-04,2025-09-03,3,夜勤,1,14,16,31,28,3,0.903,28
2025-09-04,2025-09-03,4,夜勤,2,11,14,27,28,-1,0.963,26
2025-09-04,2025-09-03,5,夜勤,1,12,22,35,35,0,0.971,34
2025-09-04,2025-09-03,6,夜勤,1,26,31,58,55,3,0.879,51
2025-09-04,2025-09-03,7,夜勤,1,39,35,75,74,1,0.907,68
2025-09-04,2025-09-03,8,夜勤,1,54,45,100,94,6,0.93,93
2025-09-04,2025-09-04,9,日勤,14,69,59,142,146,-4,0.915,130
2025-09-04,2025-09-04,10,日勤,29,117,77,223,224,-1,0.91,203
2025-09-04,2025-09-04,11,日勤,30,130,73,233,237,-4,0.966,225
2025-09-04,2025-09-04,12,日勤,26,98,67,191,199,-8,0.911,174
2025-09-04,2025-09-04,13,日勤,30,128,73,231,224,7,0.944,218
2025-09-04,2025-09-04,14,日勤,30,127,71,228,237,-9,0.947,216
2025-09-04,2025-09-04,15,日勤,29,116,62,207,217,-10,0.928,192
2025-09-04,2025-09-04,16,日勤,29,107,52,188,197,-9,0.947,178
2025-09-04,2025-09-04,17,日勤,23,99,49,171,172,-1,0.918,157
2025-09-04,2025-09-04,18,日勤,16,68,39,123,134,-11,0.943,116
2025-09-04,2025-09-04,19,日勤,12,54,34,100,97,3,0.94,94
2025-09-04,2025-09-04,20,夜勤,9,51,40,100,101,-1,0.93,93
2025-09-04,2025-09-04,21,夜勤,5,36,39,80,79,1,0.863,69
2025-09-04,2025-09-04,22,夜勤,3,38,27,68,69,-1,0.912,62
2025-09-04,2025-09-04,23,夜勤,3,26,23,52,49,3,0.904,47
2025-09-05,2025-09-04,0,夜勤,1,24,20,45,48,-3,0.956,43
2025-09-05,2025-09-04,1,夜勤,1,11,15,27,28,-1,0.926,25
2025-09-05,2025-09-04,2,夜勤,1,12,13,26,28,-2,0.923,24
2025-09-05,2025-09-04,3,夜勤,1,13,15,29,28,1,0.966,28
2025-09-05,2025-09-04,4,夜勤,2,13,16,31,28,3,0.968,30
2025-09-05,2025-09-04,5,夜勤,1,13,23,37,35,2,0.919,34
2025-09-05,2025-09-04,6,夜勤,1,27,26,54,55,-1,0.926,50
2025-09-05,2025-09-04,7,夜勤,1,40,36,77,74,3,0.948,73
2025-09-05,2025-09-04,8,夜勤,2,46,45,93,94,-1,0.925,86
2025-09-05,2025-09-05,9,日勤,14,69,61,144,146,-2,0.931,134
2025-09-05,2025-09-05,10,日勤,31,116,69,216,224,-8,0.972,210
2025-09-05,2025-09-05,11,日勤,29,144,65,238,237,1,0.92,219
2025-09-05,2025-09-05,12,日勤,28,96,68,192,199,-7,0.891,171
2025-09-05,2025-09-05,13,日勤,26,122,73,221,224,-3,0.9,199
2025-09-05,2025-09-05,14,日勤,28,130,71,229,237,-8,0.939,215
2025-09-05,2025-09-05,15,日勤,28,131,61,220,217,3,0.927,204
2025-09-05,2025-09-05,16,日勤,28,102,62,192,197,-5,0.964,185
2025-09-05,2025-09-05,17,日勤,24,108,45,177,172,5,0.927,164
2025-09-05,2025-09-05,18,日勤,18,73,40,131,134,-3,0.916,120
2025-09-05,2025-09-05,19,日勤,11,47,37,95,97,-2,0.937,89
2025-09-05,2025-09-05,20,夜勤,9,46,40,95,101,-6,0.916,87
2025-09-05,2025-09-05,21,夜勤,5,34,38,77,79,-2,0.883,68
2025-09-05,2025-09-05,22,夜勤,3,35,27,65,69,-4,0.969,63
2025-09-05,2025-09-05,23,夜勤,3,25,20,48,49,-1,0.917,44
2025-09-06,2025-09-05,0,夜勤,1,27,22,50,48,2,0.92,46
2025-09-06,2025-09-05,1,夜勤,1,12,13,26,28,-2,0.962,25
2025-09-06,2025-09-05,2,夜勤,2,13,13,28,28,0,0.893,25
2025-09-06,2025-09-05,3,夜勤,2,13,14,29,28,1,0.931,27
2025-09-06,2025-09-05,4,夜勤,1,13,16,30,28,2,0.9,27
2025-09-06,2025-09-05,5,夜勤,1,11,22,34,35,-1,0.912,31
2025-09-06,2025-09-05,6,夜勤,1,25,31,57,55,2,0.93,53
2025-09-06,2025-09-05,7,夜勤,1,41,35,77,74,3,0.961,74
2025-09-06,2025-09-05,8,夜勤,2,47,45,94,94,0,0.936,88
2025-09-06,2025-09-06,9,日勤,14,74,60,148,146,2,0.953,141
2025-09-06,2025-09-06,10,日勤,28,131,75,234,224,10,0.966,226
2025-09-06,2025-09-06,11,日勤,31,123,66,220,237,-17,0.914,201
2025-09-06,2025-09-06,12,日勤,31,96,70,197,199,-2,0.964,190
2025-09-06,2025-09-06,13,日勤,31,126,74,231,224,7,0.961,222
2025-09-06,2025-09-06,14,日勤,26,148,65,239,237,2,0.883,211
2025-09-06,2025-09-06,15,日勤,31,117,69,217,217,0,0.926,201
2025-09-06,2025-09-06,16,日勤,28,102,57,187,197,-10,0.872,163
2025-09-06,2025-09-06,17,日勤,22,109,52,183,172,11,0.967,177
2025-09-06,2025-09-06,18,日勤,18,73,45,136,134,2,0.971,132
2025-09-06,2025-09-06,19,日勤,11,48,36,95,97,-2,0.926,88
2025-09-06,2025-09-06,20,夜勤,8,54,42,104,101,3,0.913,95
2025-09-06,2025-09-06,21,夜勤,6,36,39,81,79,2,0.963,78
2025-09-06,2025-09-06,22,夜勤,3,35,28,66,69,-3,0.939,62
2025-09-06,2025-09-06,23,夜勤,3,26,20,49,49,0,0.939,46
2025-09-07,2025-09-06,0,夜勤,2,23,22,47,48,-1,0.979,46
2025-09-07,2025-09-06,1,夜勤,1,12,15,28,28,0,0.929,26
2025-09-07,2025-09-06,2,夜勤,1,12,14,27,28,-1,0.926,25
2025-09-07,2025-09-06,3,夜勤,1,13,15,29,28,1,0.931,27
2025-09-07,2025-09-06,4,夜勤,1,13,13,27,28,-1,0.963,26
2025-09-07,2025-09-06,5,夜勤,1,12,22,35,35,0,0.971,34
2025-09-07,2025-09-06,6,夜勤,1,26,27,54,55,-1,0.907,49
2025-09-07,2025-09-06,7,夜勤,1,38,37,76,74,2,0.921,70
2025-09-07,2025-09-06,8,夜勤,1,50,47,98,94,4,0.98,96
2025-09-07,2025-09-07,9,日勤,16,79,55,150,146,4,0.967,145
2025-09-07,2025-09-07,10,日勤,31,128,73,232,224,8,0.966,224
2025-09-07,2025-09-07,11,日勤,31,145,69,245,237,8,0.971,238
2025-09-07,2025-09-07,12,日勤,28,90,76,194,199,-5,0.938,182
2025-09-07,2025-09-07,13,日勤,27,121,70,218,224,-6,0.977,213
2025-09-07,2025-09-07,14,日勤,26,135,68,229,237,-8,0.93,213
2025-09-07,2025-09-07,15,日勤,29,132,58,219,217,2,0.886,194
2025-09-07,2025-09-07,16,日勤,27,107,53,187,197,-10,0.92,172
2025-09-07,2025-09-07,17,日勤,22,106,54,182,172,10,0.907,165
2025-09-07,2025-09-07,18,日勤,18,74,46,138,134,4,0.957,132
2025-09-07,2025-09-07,19,日勤,11,47,33,91,97,-6,0.967,88
2025-09-07,2025-09-07,20,夜勤,9,50,43,102,101,1,0.961,98
2025-09-07,2025-09-07,21,夜勤,6,34,34,74,79,-5,0.959,71
2025-09-07,2025-09-07,22,夜勤,3,34,30,67,69,-2,0.91,61
2025-09-07,2025-09-07,23,夜勤,3,24,20,47,49,-2,0.936,44
2025-09-08,2025-09-07,0,夜勤,2,25,20,47,48,-1,0.979,46
2025-09-08,2025-09-07,1,夜勤,1,12,14,27,28,-1,0.926,25
2025-09-08,2025-09-07,2,夜勤,2,13,15,30,28,2,0.967,29
2025-09-08,2025-09-07,3,夜勤,1,13,13,27,28,-1,0.926,25
2025-09-08,2025-09-07,4,夜勤,1,11,15,27,28,-1,0.889,24
2025-09-08,2025-09-07,5,夜勤,1,13,23,37,35,2,0.946,35
2025-09-08,2025-09-07,6,夜勤,2,25,29,56,55,1,0.964,54
2025-09-08,2025-09-07,7,夜勤,1,36,33,70,74,-4,0.929,65
2025-09-08,2025-09-07,8,夜勤,2,48,46,96,94,2,0.969,93
2025-09-08,2025-09-08,9,日勤,16,71,58,145,146,-1,0.924,134
2025-09-08,2025-09-08,10,日勤,31,132,65,228,224,4,0.952,217
2025-09-08,2025-09-08,11,日勤,28,137,78,243,237,6,0.963,234
2025-09-08,2025-09-08,12,日勤,30,93,75,198,199,-1,0.96,190
2025-09-08,2025-09-08,13,日勤,31,132,75,238,224,14,0.929,221
2025-09-08,2025-09-08,14,日勤,29,129,65,223,237,-14,0.924,206
2025-09-08,2025-09-08,15,日勤,29,133,59,221,217,4,0.905,200
2025-09-08,2025-09-08,16,日勤,29,103,53,185,197,-12,0.93,172
2025-09-08,2025-09-08,17,日勤,23,106,47,176,172,4,0.955,168
2025-09-08,2025-09-08,18,日勤,18,72,43,133,134,-1,0.962,128
2025-09-08,2025-09-08,19,日勤,11,51,36,98,97,1,0.969,95
2025-09-08,2025-09-08,20,夜勤,8,52,40,100,101,-1,0.94,94
2025-09-08,2025-09-08,21,夜勤,6,41,38,85,79,6,0.965,82
2025-09-08,2025-09-08,22,夜勤,3,36,29,68,69,-1,0.971,66
2025-09-08,2025-09-08,23,夜勤,3,25,21,49,49,0,0.959,47
2025-09-09,2025-09-08,0,夜勤,1,27,20,48,48,0,0.979,47
2025-09-09,2025-09-08,1,夜勤,1,12,13,26,28,-2,0.923,24
2025-09-09,2025-09-08,2,夜勤,1,13,15,29,28,1,0.862,25
2025-09-09,2025-09-08,3,夜勤,1,13,14,28,28,0,0.893,25
2025-09-09,2025-09-08,4,夜勤,1,13,16,30,28,2,0.933,28
2025-09-09,2025-09-08,5,夜勤,2,11,23,36,35,1,0.889,32
2025-09-09,2025-09-08,6,夜勤,1,23,28,52,55,-3,0.942,49
2025-09-09,2025-09-08,7,夜勤,1,40,35,76,74,2,0.934,71
2025-09-09,2025-09-08,8,夜勤,1,47,46,94,94,0,0.904,85
2025-09-09,2025-09-09,9,日勤,14,71,55,140,146,-6,0.979,137
2025-09-09,2025-09-09,10,日勤,31,114,72,217,224,-7,0.945,205
2025-09-09,2025-09-09,11,日勤,26,128,75,229,237,-8,0.934,214
2025-09-09,2025-09-09,12,日勤,28,108,69,205,199,6,0.917,188
2025-09-09,2025-09-09,13,日勤,31,129,73,233,224,9,0.876,204
2025-09-09,2025-09-09,14,日勤,29,143,71,243,237,6,0.955,232
2025-09-09,2025-09-09,15,日勤,30,114,69,213,217,-4,0.958,204
2025-09-09,2025-09-09,16,日勤,26,115,52,193,197,-4,0.959,185
2025-09-09,2025-09-09,17,日勤,22,106,52,180,172,8,0.928,167
2025-09-09,2025-09-09,18,日勤,18,78,46,142,134,8,0.915,130
2025-09-09,2025-09-09,19,日勤,13,54,37,104,97,7,0.942,98
2025-09-09,2025-09-09,20,夜勤,9,53,45,107,101,6,0.935,100
2025-09-09,2025-09-09,21,夜勤,5,36,36,77,79,-2,0.974,75
2025-09-09,2025-09-09,22,夜勤,3,41,27,71,69,2,0.944,67
2025-09-09,2025-09-09,23,夜勤,3,26,21,50,49,1,0.94,47
2025-09-10,2025-09-09,0,夜勤,2,23,21,46,48,-2,0.978,45
2025-09-10,2025-09-09,1,夜勤,1,14,15,30,28,2,0.867,26
2025-09-10,2025-09-09,2,夜勤,1,13,15,29,28,1,0.897,26
2025-09-10,2025-09-09,3,夜勤,1,12,15,28,28,0,0.929,26
2025-09-10,2025-09-09,4,夜勤,1,13,15,29,28,1,0.931,27
2025-09-10,2025-09-09,5,夜勤,1,11,23,35,35,0,0.943,33
2025-09-10,2025-09-09,6,夜勤,1,25,30,56,55,1,0.911,51
2025-09-10,2025-09-09,7,夜勤,1,39,33,73,74,-1,0.973,71
2025-09-10,2025-09-09,8,夜勤,1,45,40,86,94,-8,0.953,82
2025-09-10,2025-09-10,9,日勤,14,67,61,142,146,-4,0.937,133
2025-09-10,2025-09-10,10,日勤,29,122,70,221,224,-3,0.955,211
2025-09-10,2025-09-10,11,日勤,28,145,66,239,237,2,0.891,213
2025-09-10,2025-09-10,12,日勤,28,94,73,195,199,-4,0.923,180
2025-09-10,2025-09-10,13,日勤,26,122,77,225,224,1,0.969,218
2025-09-10,2025-09-10,14,日勤,28,127,75,230,237,-7,0.978,225
2025-09-10,2025-09-10,15,日勤,27,121,61,209,217,-8,0.957,200
2025-09-10,2025-09-10,16,日勤,27,116,52,195,197,-2,0.949,185
2025-09-10,2025-09-10,17,日勤,22,91,45,158,172,-14,0.975,154
2025-09-10,2025-09-10,18,日勤,16,67,40,123,134,-11,0.951,117
2025-09-10,2025-09-10,19,日勤,12,52,37,101,97,4,0.921,93
2025-09-10,2025-09-10,20,夜勤,9,50,44,103,101,2,0.961,99
2025-09-10,2025-09-10,21,夜勤,6,41,39,86,79,7,0.872,75
2025-09-10,2025-09-10,22,夜勤,3,40,28,71,69,2,0.901,64
2025-09-10,2025-09-10,23,夜勤,3,23,21,47,49,-2,0.915,43
2025-09-11,2025-09-10,0,夜勤,1,23,22,46,48,-2,0.978,45
2025-09-11,2025-09-10,1,夜勤,1,12,15,28,28,0,0.929,26
2025-09-11,2025-09-10,2,夜勤,1,12,15,28,28,0,0.929,26
2025-09-11,2025-09-10,3,夜勤,1,11,14,26,28,-2,0.885,23
2025-09-11,2025-09-10,4,夜勤,1,12,13,26,28,-2,0.962,25
2025-09-11,2025-09-10,5,夜勤,1,11,21,33,35,-2,0.97,32
2025-09-11,2025-09-10,6,夜勤,2,25,31,58,55,3,0.897,52
2025-09-11,2025-09-10,7,夜勤,1,35,38,74,74,0,0.919,68
2025-09-11,2025-09-10,8,夜勤,2,46,46,94,94,0,0.947,89
2025-09-11,2025-09-11,9,日勤,15,81,58,154,146,8,0.916,141
2025-09-11,2025-09-11,10,日勤,26,120,65,211,224,-13,0.91,192
2025-09-11,2025-09-11,11,日勤,27,126,65,218,237,-19,0.899,196
2025-09-11,2025-09-11,12,日勤,27,92,77,196,199,-3,0.923,181
2025-09-11,2025-09-11,13,日勤,27,113,67,207,224,-17,0.957,198
2025-09-11,2025-09-11,14,日勤,27,134,75,236,237,-1,0.911,215
2025-09-11,2025-09-11,15,日勤,31,120,59,210,217,-7,0.976,205
2025-09-11,2025-09-11,16,日勤,28,114,61,203,197,6,0.966,196
2025-09-11,2025-09-11,17,日勤,24,90,51,165,172,-7,0.933,154
2025-09-11,2025-09-11,18,日勤,18,72,41,131,134,-3,0.916,120
2025-09-11,2025-09-11,19,日勤,12,46,37,95,97,-2,0.874,83
2025-09-11,2025-09-11,20,夜勤,9,48,43,100,101,-1,0.9,90
2025-09-11,2025-09-11,21,夜勤,6,39,38,83,79,4,0.928,77
2025-09-11,2025-09-11,22,夜勤,3,36,31,70,69,1,0.914,64
2025-09-11,2025-09-11,23,夜勤,3,25,22,50,49,1,0.9,45
2025-09-12,2025-09-11,0,夜勤,1,27,20,48,48,0,0.958,46
2025-09-12,2025-09-11,1,夜勤,1,12,15,28,28,0,0.929,26
2025-09-12,2025-09-11,2,夜勤,1,13,15,29,28,1,0.931,27
2025-09-12,2025-09-11,3,夜勤,1,11,15,27,28,-1,0.926,25
2025-09-12,2025-09-11,4,夜勤,1,13,13,27,28,-1,0.963,26
2025-09-12,2025-09-11,5,夜勤,2,13,21,36,35,1,0.917,33
2025-09-12,2025-09-11,6,夜勤,1,23,29,53,55,-2,0.943,50
2025-09-12,2025-09-11,7,夜勤,2,34,33,69,74,-5,0.971,67
2025-09-12,2025-09-11,8,夜勤,1,45,42,88,94,-6,0.977,86
2025-09-12,2025-09-12,9,日勤,15,81,61,157,146,11,0.917,144
2025-09-12,2025-09-12,10,日勤,27,121,71,219,224,-5,0.977,214
2025-09-12,2025-09-12,11,日勤,30,134,66,230,237,-7,0.978,225
2025-09-12,2025-09-12,12,日勤,29,108,75,212,199,13,0.972,206
2025-09-12,2025-09-12,13,日勤,30,117,71,218,224,-6,0.94,205
2025-09-12,2025-09-12,14,日勤,27,136,65,228,237,-9,0.943,215
2025-09-12,2025-09-12,15,日勤,26,115,60,201,217,-16,0.975,196
2025-09-12,2025-09-12,16,日勤,27,111,58,196,197,-1,0.959,188
2025-09-12,2025-09-12,17,日勤,23,98,50,171,172,-1,0.93,159
2025-09-12,2025-09-12,18,日勤,19,77,41,137,134,3,0.942,129
2025-09-12,2025-09-12,19,日勤,11,46,38,95,97,-2,0.958,91
2025-09-12,2025-09-12,20,夜勤,9,53,44,106,101,5,0.906,96
2025-09-12,2025-09-12,21,夜勤,6,37,33,76,79,-3,0.908,69
2025-09-12,2025-09-12,22,夜勤,3,40,29,72,69,3,0.903,65
2025-09-12,2025-09-12,23,夜勤,3,25,21,49,49,0,0.98,48
2025-09-13,2025-09-12,0,夜勤,1,26,20,47,48,-1,0.915,43
2025-09-13,2025-09-12,1,夜勤,1,12,15,28,28,0,0.964,27
2025-09-13,2025-09-12,2,夜勤,2,13,14,29,28,1,0.931,27
2025-09-13,2025-09-12,3,夜勤,1,12,14,27,28,-1,0.926,25
2025-09-13,2025-09-12,4,夜勤,1,12,16,29,28,1,0.931,27
2025-09-13,2025-09-12,5,夜勤,2,12,20,34,35,-1,0.971,33
2025-09-13,2025-09-12,6,夜勤,1,27,29,57,55,2,0.947,54
2025-09-13,2025-09-12,7,夜勤,1,35,35,71,74,-3,0.958,68
2025-09-13,2025-09-12,8,夜勤,1,50,44,95,94,1,0.905,86
2025-09-13,2025-09-13,9,日勤,13,75,57,145,146,-1,0.91,132
2025-09-13,2025-09-13,10,日勤,26,112,68,206,224,-18,0.976,201
2025-09-13,2025-09-13,11,日勤,26,132,67,225,237,-12,0.916,206
2025-09-13,2025-09-13,12,日勤,31,108,68,207,199,8,0.85,176
2025-09-13,2025-09-13,13,日勤,31,115,71,217,224,-7,0.972,211
2025-09-13,2025-09-13,14,日勤,31,149,70,250,237,13,0.96,240
2025-09-13,2025-09-13,15,日勤,29,129,71,229,217,12,0.948,217
2025-09-13,2025-09-13,16,日勤,30,118,63,211,197,14,0.91,192
2025-09-13,2025-09-13,17,日勤,24,104,48,176,172,4,0.955,168
2025-09-13,2025-09-13,18,日勤,18,74,41,133,134,-1,0.932,124
2025-09-13,2025-09-13,19,日勤,11,50,35,96,97,-1,0.917,88
2025-09-13,2025-09-13,20,夜勤,9,53,44,106,101,5,0.925,98
2025-09-13,2025-09-13,21,夜勤,6,36,39,81,79,2,0.926,75
2025-09-13,2025-09-13,22,夜勤,3,37,31,71,69,2,0.93,66
2025-09-13,2025-09-13,23,夜勤,3,25,23,51,49,2,0.902,46
2025-09-14,2025-09-13,0,夜勤,1,26,21,48,48,0,0.958,46
2025-09-14,2025-09-13,1,夜勤,2,13,14,29,28,1,0.897,26
2025-09-14,2025-09-13,2,夜勤,1,12,14,27,28,-1,0.889,24
2025-09-14,2025-09-13,3,夜勤,1,12,15,28,28,0,0.929,26
2025-09-14,2025-09-13,4,夜勤,1,13,15,29,28,1,0.966,28
2025-09-14,2025-09-13,5,夜勤,1,11,22,34,35,-1,0.941,32
2025-09-14,2025-09-13,6,夜勤,1,24,28,53,55,-2,0.962,51
2025-09-14,2025-09-13,7,夜勤,1,39,36,76,74,2,0.947,72
2025-09-14,2025-09-13,8,夜勤,2,54,45,101,94,7,0.96,97
2025-09-14,2025-09-14,9,日勤,15,71,62,148,146,2,0.926,137
2025-09-14,2025-09-14,10,日勤,30,117,67,214,224,-10,0.944,202
2025-09-14,2025-09-14,11,日勤,30,127,65,222,237,-15,0.968,215
2025-09-14,2025-09-14,12,日勤,31,99,70,200,199,1,0.9,180
2025-09-14,2025-09-14,13,日勤,27,126,75,228,224,4,0.974,222
2025-09-14,2025-09-14,14,日勤,29,143,74,246,237,9,0.915,225
2025-09-14,2025-09-14,15,日勤,26,127,65,218,217,1,0.922,201
2025-09-14,2025-09-14,16,日勤,30,115,62,207,197,10,0.942,195
2025-09-14,2025-09-14,17,日勤,22,89,53,164,172,-8,0.963,158
2025-09-14,2025-09-14,18,日勤,17,81,41,139,134,5,0.942,131
2025-09-14,2025-09-14,19,日勤,12,51,37,100,97,3,0.96,96
2025-09-14,2025-09-14,20,夜勤,9,54,44,107,101,6,0.925,99
2025-09-14,2025-09-14,21,夜勤,6,36,35,77,79,-2,0.935,72
2025-09-14,2025-09-14,22,夜勤,3,41,30,74,69,5,0.973,72
2025-09-14,2025-09-14,23,夜勤,3,23,20,46,49,-3,0.957,44
2025-09-15,2025-09-14,0,夜勤,1,22,21,44,48,-4,0.955,42
2025-09-15,2025-09-14,1,夜勤,1,12,16,29,28,1,0.931,27
2025-09-15,2025-09-14,2,夜勤,2,13,15,30,28,2,0.9,27
2025-09-15,2025-09-14,3,夜勤,1,13,15,29,28,1,0.966,28
2025-09-15,2025-09-14,4,夜勤,1,12,15,28,28,0,0.964,27
2025-09-15,2025-09-14,5,夜勤,1,12,21,34,35,-1,0.882,30
2025-09-15,2025-09-14,6,夜勤,1,26,27,54,55,-1,0.963,52
2025-09-15,2025-09-14,7,夜勤,1,34,36,71,74,-3,0.944,67
2025-09-15,2025-09-14,8,夜勤,1,53,45,99,94,5,0.909,90
2025-09-15,2025-09-15,9,日勤,14,68,59,141,146,-5,0.915,129
2025-09-15,2025-09-15,10,日勤,31,126,78,235,224,11,0.979,230
2025-09-15,2025-09-15,11,日勤,27,123,71,221,237,-16,0.95,210
2025-09-15,2025-09-15,12,日勤,27,98,69,194,199,-5,0.928,180
2025-09-15,2025-09-15,13,日勤,26,114,67,207,224,-17,0.961,199
2025-09-15,2025-09-15,14,日勤,30,147,68,245,237,8,0.98,240
2025-09-15,2025-09-15,15,日勤,28,128,66,222,217,5,0.968,215
2025-09-15,2025-09-15,16,日勤,30,102,60,192,197,-5,0.917,176
2025-09-15,2025-09-15,17,日勤,25,91,53,169,172,-3,0.953,161
2025-09-15,2025-09-15,18,日勤,18,75,45,138,134,4,0.978,135
2025-09-15,2025-09-15,19,日勤,12,54,34,100,97,3,0.93,93
2025-09-15,2025-09-15,20,夜勤,8,51,44,103,101,2,0.971,100
2025-09-15,2025-09-15,21,夜勤,6,36,37,79,79,0,0.962,76
2025-09-15,2025-09-15,22,夜勤,3,34,31,68,69,-1,0.956,65
2025-09-15,2025-09-15,23,夜勤,3,25,22,50,49,1,0.9,45
2025-09-16,2025-09-15,0,夜勤,1,25,23,49,48,1,0.98,48
2025-09-16,2025-09-15,1,夜勤,1,13,13,27,28,-1,0.926,25
2025-09-16,2025-09-15,2,夜勤,1,14,15,30,28,2,0.967,29
2025-09-16,2025-09-15,3,夜勤,1,12,14,27,28,-1,0.926,25
2025-09-16,2025-09-15,4,夜勤,1,13,14,28,28,0,0.964,27
2025-09-16,2025-09-15,5,夜勤,2,12,23,37,35,2,0.919,34
2025-09-16,2025-09-15,6,夜勤,1,25,30,56,55,1,0.929,52
2025-09-16,2025-09-15,7,夜勤,1,39,39,79,74,5,0.937,74
2025-09-16,2025-09-15,8,夜勤,1,47,44,92,94,-2,0.924,85
2025-09-16,2025-09-16,9,日勤,13,81,57,151,146,5,0.967,146
2025-09-16,2025-09-16,10,日勤,28,130,76,234,224,10,0.94,220
2025-09-16,2025-09-16,11,日勤,30,148,72,250,237,13,0.928,232
2025-09-16,2025-09-16,12,日勤,30,98,73,201,199,2,0.935,188
2025-09-16,2025-09-16,13,日勤,30,113,65,208,224,-16,0.962,200
2025-09-16,2025-09-16,14,日勤,26,127,66,219,237,-18,0.936,205
2025-09-16,2025-09-16,15,日勤,27,129,63,219,217,2,0.968,212
2025-09-16,2025-09-16,16,日勤,28,106,52,186,197,-11,0.968,180
2025-09-16,2025-09-16,17,日勤,24,108,52,184,172,12,0.962,177
2025-09-16,2025-09-16,18,日勤,16,68,46,130,134,-4,0.908,118
2025-09-16,2025-09-16,19,日勤,12,51,34,97,97,0,0.918,89
2025-09-16,2025-09-16,20,夜勤,9,51,45,105,101,4,0.876,92
2025-09-16,2025-09-16,21,夜勤,6,35,33,74,79,-5,0.946,70
2025-09-16,2025-09-16,22,夜勤,3,40,31,74,69,5,0.946,70
2025-09-16,2025-09-16,23,夜勤,3,24,21,48,49,-1,0.979,47
2025-09-17,2025-09-16,0,夜勤,1,25,22,48,48,0,0.896,43
2025-09-17,2025-09-16,1,夜勤,1,11,15,27,28,-1,0.963,26
2025-09-17,2025-09-16,2,夜勤,2,12,13,27,28,-1,0.963,26
2025-09-17,2025-09-16,3,夜勤,2,12,15,29,28,1,0.931,27
2025-09-17,2025-09-16,4,夜勤,1,12,14,27,28,-1,0.926,25
2025-09-17,2025-09-16,5,夜勤,2,13,20,35,35,0,0.914,32
2025-09-17,2025-09-16,6,夜勤,1,26,29,56,55,1,0.982,55
2025-09-17,2025-09-16,7,夜勤,1,39,37,77,74,3,0.935,72
2025-09-17,2025-09-16,8,夜勤,1,54,47,102,94,8,0.971,99
2025-09-17,2025-09-17,9,日勤,14,70,58,142,146,-4,0.923,131
2025-09-17,2025-09-17,10,日勤,28,136,67,231,224,7,0.931,215
2025-09-17,2025-09-17,11,日勤,30,148,78,256,237,19,0.973,249
2025-09-17,2025-09-17,12,日勤,27,106,71,204,199,5,0.931,190
2025-09-17,2025-09-17,13,日勤,27,130,73,230,224,6,0.9,207
2025-09-17,2025-09-17,14,日勤,29,138,77,244,237,7,0.959,234
2025-09-17,2025-09-17,15,日勤,28,128,59,215,217,-2,0.958,206
2025-09-17,2025-09-17,16,日勤,26,103,57,186,197,-11,0.962,179
2025-09-17,2025-09-17,17,日勤,25,104,51,180,172,8,0.972,175
2025-09-17,2025-09-17,18,日勤,18,77,39,134,134,0,0.955,128
2025-09-17,2025-09-17,19,日勤,12,51,33,96,97,-1,0.948,91
2025-09-17,2025-09-17,20,夜勤,8,48,45,101,101,0,0.861,87
2025-09-17,2025-09-17,21,夜勤,6,37,38,81,79,2,0.963,78
2025-09-17,2025-09-17,22,夜勤,3,36,31,70,69,1,0.943,66
2025-09-17,2025-09-17,23,夜勤,3,27,21,51,49,2,0.922,47
2025-09-18,2025-09-17,0,夜勤,1,22,20,43,48,-5,0.907,39
2025-09-18,2025-09-17,1,夜勤,2,12,14,28,28,0,0.929,26
2025-09-18,2025-09-17,2,夜勤,2,11,14,27,28,-1,0.926,25
2025-09-18,2025-09-17,3,夜勤,2,11,13,26,28,-2,0.962,25
2025-09-18,2025-09-17,4,夜勤,1,13,13,27,28,-1,0.963,26
2025-09-18,2025-09-17,5,夜勤,2,12,23,37,35,2,0.865,32
2025-09-18,2025-09-17,6,夜勤,2,23,28,53,55,-2,0.887,47
2025-09-18,2025-09-17,7,夜勤,1,34,38,73,74,-1,0.959,70
2025-09-18,2025-09-17,8,夜勤,1,51,43,95,94,1,0.937,89
2025-09-18,2025-09-18,9,日勤,14,72,56,142,146,-4,0.901,128
2025-09-18,2025-09-18,10,日勤,31,126,75,232,224,8,0.914,212
2025-09-18,2025-09-18,11,日勤,26,133,71,230,237,-7,0.965,222
2025-09-18,2025-09-18,12,日勤,28,96,68,192,199,-7,0.922,177
2025-09-18,2025-09-18,13,日勤,28,125,77,230,224,6,0.957,220
2025-09-18,2025-09-18,14,日勤,30,134,66,230,237,-7,0.909,209
2025-09-18,2025-09-18,15,日勤,28,136,70,234,217,17,0.962,225
2025-09-18,2025-09-18,16,日勤,30,118,57,205,197,8,0.946,194
2025-09-18,2025-09-18,17,日勤,24,96,54,174,172,2,0.948,165
2025-09-18,2025-09-18,18,日勤,18,71,42,131,134,-3,0.947,124
2025-09-18,2025-09-18,19,日勤,11,46,35,92,97,-5,0.967,89
2025-09-18,2025-09-18,20,夜勤,9,50,43,102,101,1,0.951,97
2025-09-18,2025-09-18,21,夜勤,5,40,36,81,79,2,0.914,74
2025-09-18,2025-09-18,22,夜勤,3,34,26,63,69,-6,0.937,59
2025-09-18,2025-09-18,23,夜勤,3,27,21,51,49,2,0.863,44
2025-09-19,2025-09-18,0,夜勤,1,23,24,48,48,0,0.938,45
2025-09-19,2025-09-18,1,夜勤,2,12,14,28,28,0,0.964,27
2025-09-19,2025-09-18,2,夜勤,2,12,13,27,28,-1,0.926,25
2025-09-19,2025-09-18,3,夜勤,1,12,14,27,28,-1,0.926,25
2025-09-19,2025-09-18,4,夜勤,1,13,13,27,28,-1,0.963,26
2025-09-19,2025-09-18,5,夜勤,1,12,22,35,35,0,0.914,32
2025-09-19,2025-09-18,6,夜勤,1,25,27,53,55,-2,0.962,51
2025-09-19,2025-09-18,7,夜勤,1,38,34,73,74,-1,0.973,71
2025-09-19,2025-09-18,8,夜勤,1,47,46,94,94,0,0.936,88
2025-09-19,2025-09-19,9,日勤,13,81,60,154,146,8,0.968,149
2025-09-19,2025-09-19,10,日勤,27,130,65,222,224,-2,0.959,213
2025-09-19,2025-09-19,11,日勤,31,144,69,244,237,7,0.91,222
2025-09-19,2025-09-19,12,日勤,26,96,67,189,199,-10,0.905,171
2025-09-19,2025-09-19,13,日勤,27,118,65,210,224,-14,0.914,192
2025-09-19,2025-09-19,14,日勤,29,138,75,242,237,5,0.955,231
2025-09-19,2025-09-19,15,日勤,28,121,59,208,217,-9,0.918,191
2025-09-19,2025-09-19,16,日勤,29,107,59,195,197,-2,0.918,179
2025-09-19,2025-09-19,17,日勤,25,96,53,174,172,2,0.977,170
2025-09-19,2025-09-19,18,日勤,16,78,39,133,134,-1,0.977,130
2025-09-19,2025-09-19,19,日勤,11,50,35,96,97,-1,0.927,89
2025-09-19,2025-09-19,20,夜勤,9,50,47,106,101,5,0.698,74
2025-09-19,2025-09-19,21,夜勤,6,34,34,74,79,-5,0.689,51
2025-09-19,2025-09-19,22,夜勤,3,35,26,64,69,-5,0.609,39
2025-09-19,2025-09-19,23,夜勤,3,23,22,48,49,-1,0.667,32
2025-09-20,2025-09-19,0,夜勤,1,25,23,49,48,1,0.633,31
2025-09-20,2025-09-19,1,夜勤,1,12,13,26,28,-2,0.615,16
2025-09-20,2025-09-19,2,夜勤,2,14,14,30,28,2,0.633,19
2025-09-20,2025-09-19,3,夜勤,1,12,15,28,28,0,0.679,19
2025-09-20,2025-09-19,4,夜勤,1,13,15,29,28,1,0.621,18
2025-09-20,2025-09-19,5,夜勤,1,13,22,36,35,1,0.694,25
2025-09-20,2025-09-19,6,夜勤,1,24,31,56,55,1,0.643,36
2025-09-20,2025-09-19,7,夜勤,2,34,32,68,74,-6,0.632,43
2025-09-20,2025-09-19,8,夜勤,1,50,44,95,94,1,0.611,58
2025-09-20,2025-09-20,9,日勤,14,73,62,149,146,3,0.946,141
2025-09-20,2025-09-20,10,日勤,31,129,66,226,224,2,0.907,205
2025-09-20,2025-09-20,11,日勤,30,125,68,223,237,-14,0.955,213
2025-09-20,2025-09-20,12,日勤,29,98,66,193,199,-6,0.953,184
2025-09-20,2025-09-20,13,日勤,27,113,76,216,224,-8,0.968,209
2025-09-20,2025-09-20,14,日勤,30,131,66,227,237,-10,0.916,208
2025-09-20,2025-09-20,15,日勤,29,126,61,216,217,-1,0.921,199
2025-09-20,2025-09-20,16,日勤,30,117,54,201,197,4,0.91,183
2025-09-20,2025-09-20,17,日勤,24,97,54,175,172,3,0.977,171
2025-09-20,2025-09-20,18,日勤,18,76,39,133,134,-1,0.977,130
2025-09-20,2025-09-20,19,日勤,12,45,38,95,97,-2,0.937,89
2025-09-20,2025-09-20,20,夜勤,8,47,41,96,101,-5,0.938,90
2025-09-20,2025-09-20,21,夜勤,6,41,37,84,79,5,0.964,81
2025-09-20,2025-09-20,22,夜勤,3,36,26,65,69,-4,0.954,62
2025-09-20,2025-09-20,23,夜勤,3,27,20,50,49,1,0.96,48
2025-09-21,2025-09-20,0,夜勤,1,27,23,51,48,3,0.961,49
2025-09-21,2025-09-20,1,夜勤,1,12,14,27,28,-1,0.926,25
2025-09-21,2025-09-20,2,夜勤,1,11,13,25,28,-3,0.96,24
2025-09-21,2025-09-20,3,夜勤,1,13,13,27,28,-1,0.963,26
2025-09-21,2025-09-20,4,夜勤,1,13,14,28,28,0,0.929,26
2025-09-21,2025-09-20,5,夜勤,1,13,21,35,35,0,0.914,32
2025-09-21,2025-09-20,6,夜勤,1,24,29,54,55,-1,0.963,52
2025-09-21,2025-09-20,7,夜勤,1,38,38,77,74,3,0.922,71
2025-09-21,2025-09-20,8,夜勤,1,54,45,100,94,6,0.98,98
2025-09-21,2025-09-21,9,日勤,14,70,55,139,146,-7,0.971,135
2025-09-21,2025-09-21,10,日勤,27,126,70,223,224,-1,0.978,218
2025-09-21,2025-09-21,11,日勤,31,138,71,240,237,3,0.929,223
2025-09-21,2025-09-21,12,日勤,26,105,77,208,199,9,0.933,194
2025-09-21,2025-09-21,13,日勤,27,122,73,222,224,-2,0.964,214
2025-09-21,2025-09-21,14,日勤,26,131,67,224,237,-13,0.906,203
2025-09-21,2025-09-21,15,日勤,30,123,67,220,217,3,0.936,206
2025-09-21,2025-09-21,16,日勤,27,111,56,194,197,-3,0.923,179
2025-09-21,2025-09-21,17,日勤,22,99,49,170,172,-2,0.959,163
2025-09-21,2025-09-21,18,日勤,17,71,41,129,134,-5,0.977,126
2025-09-21,2025-09-21,19,日勤,11,46,38,95,97,-2,0.905,86
2025-09-21,2025-09-21,20,夜勤,9,54,41,104,101,3,0.904,94
2025-09-21,2025-09-21,21,夜勤,6,39,39,84,79,5,0.964,81
2025-09-21,2025-09-21,22,夜勤,3,41,27,71,69,2,0.93,66
2025-09-21,2025-09-21,23,夜勤,3,23,23,49,49,0,0.918,45
2025-09-22,2025-09-21,0,夜勤,1,25,22,48,48,0,0.917,44
2025-09-22,2025-09-21,1,夜勤,1,13,13,27,28,-1,0.963,26
2025-09-22,2025-09-21,2,夜勤,1,12,14,27,28,-1,0.926,25
2025-09-22,2025-09-21,3,夜勤,1,12,14,27,28,-1,0.926,25
2025-09-22,2025-09-21,4,夜勤,1,13,16,30,28,2,0.967,29
2025-09-22,2025-09-21,5,夜勤,1,12,20,33,35,-2,0.97,32
2025-09-22,2025-09-21,6,夜勤,1,26,28,55,55,0,0.964,53
2025-09-22,2025-09-21,7,夜勤,1,38,39,78,74,4,0.897,70
2025-09-22,2025-09-21,8,夜勤,1,49,42,92,94,-2,0.913,84
2025-09-22,2025-09-22,9,日勤,14,78,52,144,146,-2,0.951,137
2025-09-22,2025-09-22,10,日勤,30,130,75,235,224,11,0.97,228
2025-09-22,2025-09-22,11,日勤,29,145,78,252,237,15,0.921,232
2025-09-22,2025-09-22,12,日勤,31,109,66,206,199,7,0.971,200
2025-09-22,2025-09-22,13,日勤,27,124,78,229,224,5,0.921,211
2025-09-22,2025-09-22,14,日勤,30,126,73,229,237,-8,0.939,215
2025-09-22,2025-09-22,15,日勤,31,135,58,224,217,7,0.933,209
2025-09-22,2025-09-22,16,日勤,29,113,52,194,197,-3,0.979,190
2025-09-22,2025-09-22,17,日勤,23,90,52,165,172,-7,0.976,161
2025-09-22,2025-09-22,18,日勤,18,77,43,138,134,4,0.978,135
2025-09-22,2025-09-22,19,日勤,12,50,38,100,97,3,0.95,95
2025-09-22,2025-09-22,20,夜勤,8,48,45,101,101,0,0.97,98
2025-09-22,2025-09-22,21,夜勤,6,36,39,81,79,2,0.951,77
2025-09-22,2025-09-22,22,夜勤,3,38,26,67,69,-2,0.955,64
2025-09-22,2025-09-22,23,夜勤,3,25,19,47,49,-2,0.957,45
2025-09-23,2025-09-22,0,夜勤,2,24,23,49,48,1,0.98,48
2025-09-23,2025-09-22,1,夜勤,2,12,15,29,28,1,0.931,27
2025-09-23,2025-09-22,2,夜勤,1,12,13,26,28,-2,0.962,25
2025-09-23,2025-09-22,3,夜勤,1,12,15,28,28,0,0.929,26
2025-09-23,2025-09-22,4,夜勤,1,12,14,27,28,-1,0.963,26
2025-09-23,2025-09-22,5,夜勤,1,12,21,34,35,-1,0.971,33
2025-09-23,2025-09-22,6,夜勤,1,25,26,52,55,-3,0.923,48
2025-09-23,2025-09-22,7,夜勤,1,37,34,72,74,-2,0.958,69
2025-09-23,2025-09-22,8,夜勤,1,49,44,94,94,0,0.968,91
2025-09-23,2025-09-23,9,日勤,14,77,52,143,146,-3,0.979,140
2025-09-23,2025-09-23,10,日勤,28,125,73,226,224,2,0.907,205
2025-09-23,2025-09-23,11,日勤,31,146,73,250,237,13,0.972,243
2025-09-23,2025-09-23,12,日勤,29,101,64,194,199,-5,0.923,179
2025-09-23,2025-09-23,13,日勤,31,119,68,218,224,-6,0.94,205
2025-09-23,2025-09-23,14,日勤,31,146,75,252,237,15,0.956,241
2025-09-23,2025-09-23,15,日勤,32,117,64,213,217,-4,0.93,198
2025-09-23,2025-09-23,16,日勤,28,118,60,206,197,9,0.937,193
2025-09-23,2025-09-23,17,日勤,21,92,55,168,172,-4,0.875,147
2025-09-23,2025-09-23,18,日勤,18,78,45,141,134,7,0.908,128
2025-09-23,2025-09-23,19,日勤,11,48,39,98,97,1,0.939,92
2025-09-23,2025-09-23,20,夜勤,8,49,39,96,101,-5,0.938,90
2025-09-23,2025-09-23,21,夜勤,6,36,39,81,79,2,0.926,75
2025-09-23,2025-09-23,22,夜勤,3,40,27,70,69,1,0.971,68
2025-09-23,2025-09-23,23,夜勤,3,25,20,48,49,-1,0.958,46
2025-09-24,2025-09-23,0,夜勤,2,27,20,49,48,1,0.959,47
2025-09-24,2025-09-23,1,夜勤,1,13,14,28,28,0,0.929,26
2025-09-24,2025-09-23,2,夜勤,1,12,13,26,28,-2,0.923,24
2025-09-24,2025-09-23,3,夜勤,1,12,13,26,28,-2,0.885,23
2025-09-24,2025-09-23,4,夜勤,1,13,15,29,28,1,0.931,27
2025-09-24,2025-09-23,5,夜勤,1,13,23,37,35,2,0.946,35
2025-09-24,2025-09-23,6,夜勤,1,25,27,53,55,-2,0.962,51
2025-09-24,2025-09-23,7,夜勤,1,34,37,72,74,-2,0.944,68
2025-09-24,2025-09-23,8,夜勤,2,47,43,92,94,-2,0.957,88
2025-09-24,2025-09-24,9,日勤,14,68,60,142,146,-4,0.979,139
2025-09-24,2025-09-24,10,日勤,27,130,74,231,224,7,0.952,220
2025-09-24,2025-09-24,11,日勤,31,128,68,227,237,-10,0.93,211
2025-09-24,2025-09-24,12,日勤,31,94,76,201,199,2,0.9,181
2025-09-24,2025-09-24,13,日勤,27,132,71,230,224,6,0.9,207
2025-09-24,2025-09-24,14,日勤,30,147,72,249,237,12,0.9,224
2025-09-24,2025-09-24,15,日勤,30,126,68,224,217,7,0.933,209
2025-09-24,2025-09-24,16,日勤,27,116,58,201,197,4,0.95,191
2025-09-24,2025-09-24,17,日勤,23,106,52,181,172,9,0.934,169
2025-09-24,2025-09-24,18,日勤,16,70,43,129,134,-5,0.946,122
2025-09-24,2025-09-24,19,日勤,12,51,37,100,97,3,0.94,94
2025-09-24,2025-09-24,20,夜勤,9,51,42,102,101,1,0.941,96
2025-09-24,2025-09-24,21,夜勤,6,38,32,76,79,-3,0.974,74
2025-09-24,2025-09-24,22,夜勤,3,34,28,65,69,-4,0.908,59
2025-09-24,2025-09-24,23,夜勤,3,26,21,50,49,1,0.96,48
2025-09-25,2025-09-24,0,夜勤,1,24,22,47,48,-1,0.979,46
2025-09-25,2025-09-24,1,夜勤,1,14,13,28,28,0,0.893,25
2025-09-25,2025-09-24,2,夜勤,1,13,14,28,28,0,0.964,27
2025-09-25,2025-09-24,3,夜勤,2,13,13,28,28,0,0.929,26
2025-09-25,2025-09-24,4,夜勤,1,13,15,29,28,1,0.931,27
2025-09-25,2025-09-24,5,夜勤,1,12,19,32,35,-3,0.906,29
2025-09-25,2025-09-24,6,夜勤,1,26,30,57,55,2,0.947,54
2025-09-25,2025-09-24,7,夜勤,1,35,33,69,74,-5,0.957,66
2025-09-25,2025-09-24,8,夜勤,2,54,43,99,94,5,0.909,90
2025-09-25,2025-09-25,9,日勤,15,71,61,147,146,1,0.918,135
2025-09-25,2025-09-25,10,日勤,26,112,72,210,224,-14,0.919,193
2025-09-25,2025-09-25,11,日勤,27,145,66,238,237,1,0.891,212
2025-09-25,2025-09-25,12,日勤,31,100,65,196,199,-3,0.944,185
2025-09-25,2025-09-25,13,日勤,30,118,66,214,224,-10,0.953,204
2025-09-25,2025-09-25,14,日勤,27,123,73,223,237,-14,0.915,204
2025-09-25,2025-09-25,15,日勤,27,120,62,209,217,-8,0.885,185
2025-09-25,2025-09-25,16,日勤,30,122,61,213,197,16,0.906,193
2025-09-25,2025-09-25,17,日勤,22,95,52,169,172,-3,0.941,159
2025-09-25,2025-09-25,18,日勤,18,80,39,137,134,3,0.92,126
2025-09-25,2025-09-25,19,日勤,11,50,34,95,97,-2,0.905,86
2025-09-25,2025-09-25,20,夜勤,8,54,43,105,101,4,0.981,103
2025-09-25,2025-09-25,21,夜勤,5,35,33,73,79,-6,0.932,68
2025-09-25,2025-09-25,22,夜勤,3,35,27,65,69,-4,0.969,63
2025-09-25,2025-09-25,23,夜勤,3,23,22,48,49,-1,0.938,45
2025-09-26,2025-09-25,0,夜勤,1,27,21,49,48,1,0.959,47
2025-09-26,2025-09-25,1,夜勤,1,12,15,28,28,0,0.893,25
2025-09-26,2025-09-25,2,夜勤,1,13,13,27,28,-1,0.926,25
2025-09-26,2025-09-25,3,夜勤,2,12,15,29,28,1,0.897,26
2025-09-26,2025-09-25,4,夜勤,1,11,15,27,28,-1,0.889,24
2025-09-26,2025-09-25,5,夜勤,1,12,20,33,35,-2,0.909,30
2025-09-26,2025-09-25,6,夜勤,1,25,31,57,55,2,0.912,52
2025-09-26,2025-09-25,7,夜勤,1,38,32,71,74,-3,0.944,67
2025-09-26,2025-09-25,8,夜勤,1,49,46,96,94,2,0.885,85
2025-09-26,2025-09-26,9,日勤,15,76,59,150,146,4,0.907,136
2025-09-26,2025-09-26,10,日勤,27,116,72,215,224,-9,0.935,201
2025-09-26,2025-09-26,11,日勤,28,140,73,241,237,4,0.925,223
2025-09-26,2025-09-26,12,日勤,26,101,74,201,199,2,0.965,194
2025-09-26,2025-09-26,13,日勤,30,130,73,233,224,9,0.961,224
2025-09-26,2025-09-26,14,日勤,27,141,66,234,237,-3,0.902,211
2025-09-26,2025-09-26,15,日勤,29,117,66,212,217,-5,0.915,194
2025-09-26,2025-09-26,16,日勤,27,119,59,205,197,8,0.966,198
2025-09-26,2025-09-26,17,日勤,25,97,47,169,172,-3,0.911,154
2025-09-26,2025-09-26,18,日勤,18,76,44,138,134,4,0.964,133
2025-09-26,2025-09-26,19,日勤,12,52,38,102,97,5,0.931,95
2025-09-26,2025-09-26,20,夜勤,8,51,45,104,101,3,0.913,95
2025-09-26,2025-09-26,21,夜勤,6,35,33,74,79,-5,0.905,67
2025-09-26,2025-09-26,22,夜勤,3,36,27,66,69,-3,0.924,61
2025-09-26,2025-09-26,23,夜勤,3,24,21,48,49,-1,0.979,47
2025-09-27,2025-09-26,0,夜勤,1,26,20,47,48,-1,0.915,43
2025-09-27,2025-09-26,1,夜勤,2,14,13,29,28,1,0.931,27
2025-09-27,2025-09-26,2,夜勤,1,13,15,29,28,1,0.931,27
2025-09-27,2025-09-26,3,夜勤,2,12,13,27,28,-1,0.963,26
2025-09-27,2025-09-26,4,夜勤,1,12,14,27,28,-1,0.963,26
2025-09-27,2025-09-26,5,夜勤,2,13,22,37,35,2,0.892,33
2025-09-27,2025-09-26,6,夜勤,1,26,28,55,55,0,0.927,51
2025-09-27,2025-09-26,7,夜勤,2,36,37,75,74,1,0.907,68
2025-09-27,2025-09-26,8,夜勤,1,46,46,93,94,-1,0.968,90
2025-09-27,2025-09-27,9,日勤,15,70,62,147,146,1,0.932,137
2025-09-27,2025-09-27,10,日勤,29,117,79,225,224,1,0.96,216
2025-09-27,2025-09-27,11,日勤,26,124,70,220,237,-17,0.927,204
2025-09-27,2025-09-27,12,日勤,30,109,65,204,199,5,0.961,196
2025-09-27,2025-09-27,13,日勤,31,130,72,233,224,9,0.974,227
2025-09-27,2025-09-27,14,日勤,28,137,73,238,237,1,0.908,216
2025-09-27,2025-09-27,15,日勤,30,116,68,214,217,-3,0.977,209
2025-09-27,2025-09-27,16,日勤,27,104,56,187,197,-10,0.968,181
2025-09-27,2025-09-27,17,日勤,24,93,52,169,172,-3,0.976,165
2025-09-27,2025-09-27,18,日勤,19,67,43,129,134,-5,0.922,119
2025-09-27,2025-09-27,19,日勤,13,53,35,101,97,4,0.871,88
2025-09-27,2025-09-27,20,夜勤,8,52,46,106,101,5,0.972,103
2025-09-27,2025-09-27,21,夜勤,5,41,33,79,79,0,0.924,73
2025-09-27,2025-09-27,22,夜勤,3,34,29,66,69,-3,0.924,61
2025-09-27,2025-09-27,23,夜勤,3,27,23,53,49,4,0.943,50
2025-09-28,2025-09-27,0,夜勤,1,23,19,43,48,-5,0.93,40
2025-09-28,2025-09-27,1,夜勤,1,11,15,27,28,-1,0.889,24
2025-09-28,2025-09-27,2,夜勤,1,14,14,29,28,1,0.931,27
2025-09-28,2025-09-27,3,夜勤,1,12,15,28,28,0,0.929,26
2025-09-28,2025-09-27,4,夜勤,2,13,15,30,28,2,0.967,29
2025-09-28,2025-09-27,5,夜勤,1,12,21,34,35,-1,0.971,33
2025-09-28,2025-09-27,6,夜勤,1,23,31,55,55,0,0.945,52
2025-09-28,2025-09-27,7,夜勤,1,37,33,71,74,-3,0.915,65
2025-09-28,2025-09-27,8,夜勤,1,50,41,92,94,-2,0.946,87
2025-09-28,2025-09-28,9,日勤,14,70,63,147,146,1,0.959,141
2025-09-28,2025-09-28,10,日勤,30,130,73,233,224,9,0.927,216
2025-09-28,2025-09-28,11,日勤,26,145,73,244,237,7,0.914,223
2025-09-28,2025-09-28,12,日勤,26,92,76,194,199,-5,0.933,181
2025-09-28,2025-09-28,13,日勤,29,116,72,217,224,-7,0.977,212
2025-09-28,2025-09-28,14,日勤,28,135,71,234,237,-3,0.953,223
2025-09-28,2025-09-28,15,日勤,27,114,66,207,217,-10,0.903,187
2025-09-28,2025-09-28,16,日勤,27,101,54,182,197,-15,0.94,171
2025-09-28,2025-09-28,17,日勤,25,104,55,184,172,12,0.957,176
2025-09-28,2025-09-28,18,日勤,19,72,46,137,134,3,0.942,129
2025-09-28,2025-09-28,19,日勤,12,53,33,98,97,1,0.929,91
2025-09-28,2025-09-28,20,夜勤,8,47,41,96,101,-5,0.906,87
2025-09-28,2025-09-28,21,夜勤,6,39,36,81,79,2,0.914,74
2025-09-28,2025-09-28,22,夜勤,3,37,26,66,69,-3,0.909,60
2025-09-28,2025-09-28,23,夜勤,3,25,22,50,49,1,0.98,49
2025-09-29,2025-09-28,0,夜勤,1,24,23,48,48,0,0.938,45
2025-09-29,2025-09-28,1,夜勤,2,11,13,26,28,-2,0.962,25
2025-09-29,2025-09-28,2,夜勤,1,13,15,29,28,1,0.931,27
2025-09-29,2025-09-28,3,夜勤,1,12,14,27,28,-1,0.963,26
2025-09-29,2025-09-28,4,夜勤,1,13,16,30,28,2,0.967,29
2025-09-29,2025-09-28,5,夜勤,1,13,20,34,35,-1,0.912,31
2025-09-29,2025-09-28,6,夜勤,1,27,30,58,55,3,0.931,54
2025-09-29,2025-09-28,7,夜勤,1,36,38,75,74,1,0.92,69
2025-09-29,2025-09-28,8,夜勤,2,52,47,101,94,7,0.931,94
2025-09-29,2025-09-29,9,日勤,14,72,53,139,146,-7,0.928,129
2025-09-29,2025-09-29,10,日勤,27,113,74,214,224,-10,0.921,197
2025-09-29,2025-09-29,11,日勤,26,131,65,222,237,-15,0.95,211
2025-09-29,2025-09-29,12,日勤,30,96,70,196,199,-3,0.959,188
2025-09-29,2025-09-29,13,日勤,26,121,76,223,224,-1,0.946,211
2025-09-29,2025-09-29,14,日勤,31,140,75,246,237,9,0.955,235
2025-09-29,2025-09-29,15,日勤,29,129,66,224,217,7,0.888,199
2025-09-29,2025-09-29,16,日勤,29,121,63,213,197,16,0.967,206
2025-09-29,2025-09-29,17,日勤,25,92,52,169,172,-3,0.976,165
2025-09-29,2025-09-29,18,日勤,19,72,44,135,134,1,0.956,129
2025-09-29,2025-09-29,19,日勤,10,53,39,102,97,5,0.971,99
2025-09-29,2025-09-29,20,夜勤,9,54,45,108,101,7,0.935,101
2025-09-29,2025-09-29,21,夜勤,6,34,33,73,79,-6,0.959,70
2025-09-29,2025-09-29,22,夜勤,3,34,31,68,69,-1,0.926,63
2025-09-29,2025-09-29,23,夜勤,3,24,22,49,49,0,0.918,45
2025-09-30,2025-09-29,0,夜勤,1,23,21,45,48,-3,0.867,39
2025-09-30,2025-09-29,1,夜勤,2,12,15,29,28,1,0.931,27
2025-09-30,2025-09-29,2,夜勤,1,13,15,29,28,1,0.966,28
2025-09-30,2025-09-29,3,夜勤,1,11,13,25,28,-3,0.92,23
2025-09-30,2025-09-29,4,夜勤,2,13,14,29,28,1,0.897,26
2025-09-30,2025-09-29,5,夜勤,2,14,19,35,35,0,0.914,32
2025-09-30,2025-09-29,6,夜勤,1,27,29,57,55,2,0.912,52
2025-09-30,2025-09-29,7,夜勤,1,35,35,71,74,-3,0.901,64
2025-09-30,2025-09-29,8,夜勤,1,53,40,94,94,0,0.957,90
2025-09-30,2025-09-30,9,日勤,14,76,58,148,146,2,0.851,126
2025-09-30,2025-09-30,10,日勤,28,121,74,223,224,-1,0.96,214
2025-09-30,2025-09-30,11,日勤,30,141,66,237,237,0,0.958,227
2025-09-30,2025-09-30,12,日勤,30,95,73,198,199,-1,0.944,187
2025-09-30,2025-09-30,13,日勤,28,136,67,231,224,7,0.918,212
2025-09-30,2025-09-30,14,日勤,29,145,74,248,237,11,0.964,239
2025-09-30,2025-09-30,15,日勤,30,125,64,219,217,2,0.922,202
2025-09-30,2025-09-30,16,日勤,29,103,62,194,197,-3,0.954,185
2025-09-30,2025-09-30,17,日勤,24,103,46,173,172,1,0.908,157
2025-09-30,2025-09-30,18,日勤,19,74,39,132,134,-2,0.939,124
2025-09-30,2025-09-30,19,日勤,12,49,39,100,97,3,0.97,97
2025-09-30,2025-09-30,20,夜勤,9,51,42,102,101,1,0.892,91
2025-09-30,2025-09-30,21,夜勤,5,36,33,74,79,-5,0.959,71
2025-09-30,2025-09-30,22,夜勤,3,36,30,69,69,0,0.87,60
2025-09-30,2025-09-30,23,夜勤,3,26,20,49,49,0,0.918,45
2025-10-01,2025-09-30,0,夜勤,1,23,20,44,48,-4,0.932,41
2025-10-01,2025-09-30,1,夜勤,1,12,14,27,28,-1,0.926,25
2025-10-01,2025-09-30,2,夜勤,1,13,15,29,28,1,0.931,27
2025-10-01,2025-09-30,3,夜勤,1,12,14,27,28,-1,0.963,26
2025-10-01,2025-09-30,4,夜勤,1,11,15,27,28,-1,0.963,26
2025-10-01,2025-09-30,5,夜勤,2,12,20,34,35,-1,0.912,31
2025-10-01,2025-09-30,6,夜勤,1,26,30,57,55,2,0.912,52
2025-10-01,2025-09-30,7,夜勤,2,39,35,76,74,2,0.961,73
2025-10-01,2025-09-30,8,夜勤,1,54,47,102,94,8,0.98,100
2025-10-01,2025-10-01,9,日勤,14,68,62,144,146,-2,0.917,132
2025-10-01,2025-10-01,10,日勤,30,130,65,225,224,1,0.942,212
2025-10-01,2025-10-01,11,日勤,30,136,73,239,237,2,0.946,226
2025-10-01,2025-10-01,12,日勤,31,109,71,211,199,12,0.972,205
2025-10-01,2025-10-01,13,日勤,30,134,69,233,224,9,0.88,205
2025-10-01,2025-10-01,14,日勤,29,141,78,248,237,11,0.948,235
2025-10-01,2025-10-01,15,日勤,26,118,68,212,217,-5,0.962,204
2025-10-01,2025-10-01,16,日勤,27,110,59,196,197,-1,0.934,183
2025-10-01,2025-10-01,17,日勤,21,91,47,159,172,-13,0.943,150
2025-10-01,2025-10-01,18,日勤,18,73,39,130,134,-4,0.938,122
2025-10-01,2025-10-01,19,日勤,11,46,34,91,97,-6,0.934,85
2025-10-01,2025-10-01,20,夜勤,8,54,44,106,101,5,0.925,98
2025-10-01,2025-10-01,21,夜勤,6,35,33,74,79,-5,0.959,71
2025-10-01,2025-10-01,22,夜勤,3,37,28,68,69,-1,0.926,63
2025-10-01,2025-10-01,23,夜勤,3,24,20,47,49,-2,0.915,43
2025-10-02,2025-10-01,0,夜勤,1,23,23,47,48,-1,0.915,43
2025-10-02,2025-10-01,1,夜勤,1,14,13,28,28,0,0.893,25
2025-10-02,2025-10-01,2,夜勤,1,12,14,27,28,-1,0.926,25
2025-10-02,2025-10-01,3,夜勤,1,13,15,29,28,1,0.966,28
2025-10-02,2025-10-01,4,夜勤,1,13,14,28,28,0,0.964,27
2025-10-02,2025-10-01,5,夜勤,2,14,19,35,35,0,0.943,33
2025-10-02,2025-10-01,6,夜勤,1,25,26,52,55,-3,0.923,48
2025-10-02,2025-10-01,7,夜勤,1,40,36,77,74,3,0.896,69
2025-10-02,2025-10-01,8,夜勤,1,53,46,100,94,6,0.95,95
2025-10-02,2025-10-02,9,日勤,15,79,59,153,146,7,0.948,145
2025-10-02,2025-10-02,10,日勤,29,120,65,214,224,-10,0.967,207
2025-10-02,2025-10-02,11,日勤,31,124,66,221,237,-16,0.919,203
2025-10-02,2025-10-02,12,日勤,30,107,71,208,199,9,0.942,196
2025-10-02,2025-10-02,13,日勤,31,121,75,227,224,3,0.899,204
2025-10-02,2025-10-02,14,日勤,31,147,74,252,237,15,0.909,229
2025-10-02,2025-10-02,15,日勤,31,130,66,227,217,10,0.907,206
2025-10-02,2025-10-02,16,日勤,28,122,61,211,197,14,0.886,187
2025-10-02,2025-10-02,17,日勤,21,94,46,161,172,-11,0.969,156
2025-10-02,2025-10-02,18,日勤,18,79,46,143,134,9,0.951,136
2025-10-02,2025-10-02,19,日勤,11,47,35,93,97,-4,0.978,91
2025-10-02,2025-10-02,20,夜勤,9,49,47,105,101,4,0.648,68
2025-10-02,2025-10-02,21,夜勤,5,40,36,81,79,2,0.605,49
2025-10-02,2025-10-02,22,夜勤,3,34,27,64,69,-5,0.609,39
2025-10-02,2025-10-02,23,夜勤,3,24,23,50,49,1,0.64,32
2025-10-03,2025-10-02,0,夜勤,2,23,23,48,48,0,0.688,33
2025-10-03,2025-10-02,1,夜勤,1,12,13,26,28,-2,0.615,16
2025-10-03,2025-10-02,2,夜勤,2,13,15,30,28,2,0.633,19
2025-10-03,2025-10-02,3,夜勤,1,12,16,29,28,1,0.655,19
2025-10-03,2025-10-02,4,夜勤,1,12,15,28,28,0,0.679,19
2025-10-03,2025-10-02,5,夜勤,1,11,21,33,35,-2,0.697,23
2025-10-03,2025-10-02,6,夜勤,2,23,31,56,55,1,0.661,37
2025-10-03,2025-10-02,7,夜勤,1,39,33,73,74,-1,0.603,44
2025-10-03,2025-10-02,8,夜勤,1,53,43,97,94,3,0.68,66
2025-10-03,2025-10-03,9,日勤,15,79,62,156,146,10,0.949,148
2025-10-03,2025-10-03,10,日勤,28,134,70,232,224,8,0.94,218
2025-10-03,2025-10-03,11,日勤,27,140,77,244,237,7,0.906,221
2025-10-03,2025-10-03,12,日勤,26,93,73,192,199,-7,0.911,175
2025-10-03,2025-10-03,13,日勤,31,132,71,234,224,10,0.966,226
2025-10-03,2025-10-03,14,日勤,27,150,67,244,237,7,0.943,230
2025-10-03,2025-10-03,15,日勤,27,116,69,212,217,-5,0.901,191
2025-10-03,2025-10-03,16,日勤,28,118,56,202,197,5,0.931,188
2025-10-03,2025-10-03,17,日勤,21,95,51,167,172,-5,0.952,159
2025-10-03,2025-10-03,18,日勤,17,69,43,129,134,-5,0.884,114
2025-10-03,2025-10-03,19,日勤,11,45,39,95,97,-2,0.926,88
2025-10-03,2025-10-03,20,夜勤,8,53,42,103,101,2,0.913,94
2025-10-03,2025-10-03,21,夜勤,6,36,38,80,79,1,0.863,69
2025-10-03,2025-10-03,22,夜勤,3,36,26,65,69,-4,0.954,62
2025-10-03,2025-10-03,23,夜勤,3,25,20,48,49,-1,0.896,43
2025-10-04,2025-10-03,0,夜勤,1,24,22,47,48,-1,0.936,44
2025-10-04,2025-10-03,1,夜勤,1,12,15,28,28,0,0.929,26
2025-10-04,2025-10-03,2,夜勤,1,12,15,28,28,0,0.929,26
2025-10-04,2025-10-03,3,夜勤,1,13,14,28,28,0,0.929,26
2025-10-04,2025-10-03,4,夜勤,1,13,14,28,28,0,0.964,27
2025-10-04,2025-10-03,5,夜勤,1,13,20,34,35,-1,0.912,31
2025-10-04,2025-10-03,6,夜勤,1,27,27,55,55,0,0.927,51
2025-10-04,2025-10-03,7,夜勤,2,40,38,80,74,6,0.963,77
2025-10-04,2025-10-03,8,夜勤,1,49,46,96,94,2,0.948,91
2025-10-04,2025-10-04,9,日勤,13,78,62,153,146,7,0.935,143
2025-10-04,2025-10-04,10,日勤,31,124,67,222,224,-2,0.928,206
2025-10-04,2025-10-04,11,日勤,31,143,72,246,237,9,0.967,238
2025-10-04,2025-10-04,12,日勤,29,104,67,200,199,1,0.96,192
2025-10-04,2025-10-04,13,日勤,28,135,72,235,224,11,0.919,216
2025-10-04,2025-10-04,14,日勤,28,134,74,236,237,-1,0.928,219
2025-10-04,2025-10-04,15,日勤,27,135,64,226,217,9,0.956,216
2025-10-04,2025-10-04,16,日勤,30,105,59,194,197,-3,0.933,181
2025-10-04,2025-10-04,17,日勤,24,106,49,179,172,7,0.933,167
2025-10-04,2025-10-04,18,日勤,18,69,45,132,134,-2,0.894,118
2025-10-04,2025-10-04,19,日勤,11,51,33,95,97,-2,0.937,89
2025-10-04,2025-10-04,20,夜勤,9,50,45,104,101,3,0.962,100
2025-10-04,2025-10-04,21,夜勤,6,36,36,78,79,-1,0.962,75
2025-10-04,2025-10-04,22,夜勤,3,39,26,68,69,-1,0.956,65
2025-10-04,2025-10-04,23,夜勤,3,24,23,50,49,1,0.96,48
2025-10-05,2025-10-04,0,夜勤,2,23,22,47,48,-1,0.979,46
2025-10-05,2025-10-04,1,夜勤,1,13,14,28,28,0,0.964,27
2025-10-05,2025-10-04,2,夜勤,2,13,15,30,28,2,0.967,29
2025-10-05,2025-10-04,3,夜勤,1,12,15,28,28,0,0.893,25
2025-10-05,2025-10-04,4,夜勤,1,13,13,27,28,-1,0.963,26
2025-10-05,2025-10-04,5,夜勤,1,13,22,36,35,1,0.944,34
2025-10-05,2025-10-04,6,夜勤,2,24,28,54,55,-1,0.926,50
2025-10-05,2025-10-04,7,夜勤,1,38,33,72,74,-2,0.972,70
2025-10-05,2025-10-04,8,夜勤,1,49,41,91,94,-3,0.978,89
2025-10-05,2025-10-05,9,日勤,15,73,54,142,146,-4,0.901,128
2025-10-05,2025-10-05,10,日勤,30,120,66,216,224,-8,0.977,211
2025-10-05,2025-10-05,11,日勤,32,133,69,234,237,-3,0.979,229
2025-10-05,2025-10-05,12,日勤,28,93,73,194,199,-5,0.918,178
2025-10-05,2025-10-05,13,日勤,30,131,72,233,224,9,0.918,214
2025-10-05,2025-10-05,14,日勤,29,123,74,226,237,-11,0.956,216
2025-10-05,2025-10-05,15,日勤,27,128,63,218,217,1,0.922,201
2025-10-05,2025-10-05,16,日勤,27,116,55,198,197,1,0.904,179
2025-10-05,2025-10-05,17,日勤,24,100,55,179,172,7,0.916,164
2025-10-05,2025-10-05,18,日勤,16,67,43,126,134,-8,0.96,121
2025-10-05,2025-10-05,19,日勤,12,50,39,101,97,4,0.96,97
2025-10-05,2025-10-05,20,夜勤,8,53,44,105,101,4,0.981,103
2025-10-05,2025-10-05,21,夜勤,6,35,36,77,79,-2,0.961,74
2025-10-05,2025-10-05,22,夜勤,3,40,30,73,69,4,0.932,68
2025-10-05,2025-10-05,23,夜勤,3,25,20,48,49,-1,0.938,45
2025-10-06,2025-10-05,0,夜勤,1,23,22,46,48,-2,0.978,45
2025-10-06,2025-10-05,1,夜勤,1,12,14,27,28,-1,0.963,26
2025-10-06,2025-10-05,2,夜勤,1,12,15,28,28,0,0.929,26
2025-10-06,2025-10-05,3,夜勤,1,13,14,28,28,0,0.929,26
2025-10-06,2025-10-05,4,夜勤,2,13,15,30,28,2,0.967,29
2025-10-06,2025-10-05,5,夜勤,2,13,22,37,35,2,0.946,35
2025-10-06,2025-10-05,6,夜勤,1,26,28,55,55,0,0.927,51
2025-10-06,2025-10-05,7,夜勤,1,37,33,71,74,-3,0.901,64
2025-10-06,2025-10-05,8,夜勤,1,46,41,88,94,-6,0.943,83
2025-10-06,2025-10-06,9,日勤,14,80,61,155,146,9,0.903,140
2025-10-06,2025-10-06,10,日勤,31,136,69,236,224,12,0.941,222
2025-10-06,2025-10-06,11,日勤,31,133,71,235,237,-2,0.979,230
2025-10-06,2025-10-06,12,日勤,30,100,70,200,199,1,0.95,190
2025-10-06,2025-10-06,13,日勤,30,123,66,219,224,-5,0.95,208
2025-10-06,2025-10-06,14,日勤,28,142,71,241,237,4,0.938,226
2025-10-06,2025-10-06,15,日勤,28,122,60,210,217,-7,0.967,203
2025-10-06,2025-10-06,16,日勤,32,115,60,207,197,10,0.928,192
2025-10-06,2025-10-06,17,日勤,23,105,47,175,172,3,0.92,161
2025-10-06,2025-10-06,18,日勤,17,73,43,133,134,-1,0.917,122
2025-10-06,2025-10-06,19,日勤,12,46,33,91,97,-6,0.934,85
2025-10-06,2025-10-06,20,夜勤,9,48,46,103,101,2,0.961,99
2025-10-06,2025-10-06,21,夜勤,6,36,37,79,79,0,0.924,73
2025-10-06,2025-10-06,22,夜勤,3,40,28,71,69,2,0.972,69
2025-10-06,2025-10-06,23,夜勤,3,26,22,51,49,2,0.922,47
2025-10-07,2025-10-06,0,夜勤,1,26,23,50,48,2,0.9,45
2025-10-07,2025-10-06,1,夜勤,2,12,13,27,28,-1,0.963,26
2025-10-07,2025-10-06,2,夜勤,2,13,16,31,28,3,0.935,29
2025-10-07,2025-10-06,3,夜勤,1,12,15,28,28,0,0.929,26
2025-10-07,2025-10-06,4,夜勤,1,12,14,27,28,-1,0.889,24
2025-10-07,2025-10-06,5,夜勤,1,11,23,35,35,0,0.943,33
2025-10-07,2025-10-06,6,夜勤,1,23,28,52,55,-3,0.923,48
2025-10-07,2025-10-06,7,夜勤,1,35,33,69,74,-5,0.942,65
2025-10-07,2025-10-06,8,夜勤,1,52,41,94,94,0,0.947,89
2025-10-07,2025-10-07,9,日勤,13,68,61,142,146,-4,0.979,139
2025-10-07,2025-10-07,10,日勤,26,117,76,219,224,-5,0.968,212
2025-10-07,2025-10-07,11,日勤,32,139,76,247,237,10,0.935,231
2025-10-07,2025-10-07,12,日勤,30,96,76,202,199,3,0.965,195
2025-10-07,2025-10-07,13,日勤,31,133,79,243,224,19,0.947,230
2025-10-07,2025-10-07,14,日勤,27,132,73,232,237,-5,0.909,211
2025-10-07,2025-10-07,15,日勤,31,115,58,204,217,-13,0.907,185
2025-10-07,2025-10-07,16,日勤,29,107,59,195,197,-2,0.913,178
2025-10-07,2025-10-07,17,日勤,24,92,48,164,172,-8,0.976,160
2025-10-07,2025-10-07,18,日勤,18,72,44,134,134,0,0.94,126
2025-10-07,2025-10-07,19,日勤,11,48,34,93,97,-4,0.957,89
2025-10-07,2025-10-07,20,夜勤,8,50,47,105,101,4,0.924,97
2025-10-07,2025-10-07,21,夜勤,6,36,39,81,79,2,0.914,74
2025-10-07,2025-10-07,22,夜勤,3,40,27,70,69,1,0.914,64
2025-10-07,2025-10-07,23,夜勤,3,26,20,49,49,0,0.898,44
2025-10-08,2025-10-07,0,夜勤,2,26,22,50,48,2,0.9,45
2025-10-08,2025-10-07,1,夜勤,1,13,15,29,28,1,0.897,26
2025-10-08,2025-10-07,2,夜勤,2,11,15,28,28,0,0.964,27
2025-10-08,2025-10-07,3,夜勤,1,13,15,29,28,1,0.966,28
2025-10-08,2025-10-07,4,夜勤,1,13,16,30,28,2,0.967,29
2025-10-08,2025-10-07,5,夜勤,1,12,22,35,35,0,0.914,32
2025-10-08,2025-10-07,6,夜勤,1,27,29,57,55,2,0.982,56
2025-10-08,2025-10-07,7,夜勤,1,36,37,74,74,0,0.946,70
2025-10-08,2025-10-07,8,夜勤,1,51,46,98,94,4,0.898,88
2025-10-08,2025-10-08,9,日勤,15,74,53,142,146,-4,0.923,131
2025-10-08,2025-10-08,10,日勤,26,135,70,231,224,7,0.978,226
2025-10-08,2025-10-08,11,日勤,26,147,71,244,237,7,0.939,229
2025-10-08,2025-10-08,12,日勤,30,91,67,188,199,-11,0.91,171
2025-10-08,2025-10-08,13,日勤,30,123,71,224,224,0,0.906,203
2025-10-08,2025-10-08,14,日勤,30,128,73,231,237,-6,0.905,209
2025-10-08,2025-10-08,15,日勤,28,126,59,213,217,-4,0.925,197
2025-10-08,2025-10-08,16,日勤,30,100,53,183,197,-14,0.918,168
2025-10-08,2025-10-08,17,日勤,23,94,54,171,172,-1,0.977,167
2025-10-08,2025-10-08,18,日勤,19,78,40,137,134,3,0.942,129
2025-10-08,2025-10-08,19,日勤,11,50,34,95,97,-2,0.968,92
2025-10-08,2025-10-08,20,夜勤,9,52,43,104,101,3,0.933,97
2025-10-08,2025-10-08,21,夜勤,6,39,39,84,79,5,0.952,80
2025-10-08,2025-10-08,22,夜勤,3,39,31,73,69,4,0.945,69
2025-10-08,2025-10-08,23,夜勤,3,24,21,48,49,-1,0.938,45
2025-10-09,2025-10-08,0,夜勤,1,23,23,47,48,-1,0.936,44
2025-10-09,2025-10-08,1,夜勤,1,12,16,29,28,1,0.931,27
2025-10-09,2025-10-08,2,夜勤,1,11,14,26,28,-2,0.962,25
2025-10-09,2025-10-08,3,夜勤,2,12,14,28,28,0,0.929,26
2025-10-09,2025-10-08,4,夜勤,1,12,14,27,28,-1,0.963,26
2025-10-09,2025-10-08,5,夜勤,1,13,21,35,35,0,0.971,34
2025-10-09,2025-10-08,6,夜勤,2,25,29,56,55,1,0.911,51
2025-10-09,2025-10-08,7,夜勤,2,37,39,78,74,4,0.949,74
2025-10-09,2025-10-08,8,夜勤,2,53,47,102,94,8,0.961,98
2025-10-09,2025-10-09,9,日勤,15,70,62,147,146,1,0.952,140
2025-10-09,2025-10-09,10,日勤,27,132,69,228,224,4,0.939,214
2025-10-09,2025-10-09,11,日勤,29,145,69,243,237,6,0.942,229
2025-10-09,2025-10-09,12,日勤,30,95,73,198,199,-1,0.955,189
2025-10-09,2025-10-09,13,日勤,30,128,71,229,224,5,0.961,220
2025-10-09,2025-10-09,14,日勤,30,144,73,247,237,10,0.972,240
2025-10-09,2025-10-09,15,日勤,26,124,65,215,217,-2,0.935,201
2025-10-09,2025-10-09,16,日勤,28,115,62,205,197,8,0.937,192
2025-10-09,2025-10-09,17,日勤,24,96,54,174,172,2,0.914,159
2025-10-09,2025-10-09,18,日勤,18,73,46,137,134,3,0.92,126
2025-10-09,2025-10-09,19,日勤,12,47,35,94,97,-3,0.957,90
2025-10-09,2025-10-09,20,夜勤,8,46,45,99,101,-2,0.919,91
2025-10-09,2025-10-09,21,夜勤,5,37,36,78,79,-1,0.91,71
2025-10-09,2025-10-09,22,夜勤,3,39,27,69,69,0,0.928,64
2025-10-09,2025-10-09,23,夜勤,3,25,23,51,49,2,0.902,46
2025-10-10,2025-10-09,0,夜勤,1,26,20,47,48,-1,0.894,42
2025-10-10,2025-10-09,1,夜勤,2,12,14,28,28,0,0.964,27
2025-10-10,2025-10-09,2,夜勤,1,13,15,29,28,1,0.931,27
2025-10-10,2025-10-09,3,夜勤,1,13,14,28,28,0,0.929,26
2025-10-10,2025-10-09,4,夜勤,1,11,15,27,28,-1,0.963,26
2025-10-10,2025-10-09,5,夜勤,2,12,19,33,35,-2,0.939,31
2025-10-10,2025-10-09,6,夜勤,1,24,31,56,55,1,0.946,53
2025-10-10,2025-10-09,7,夜勤,2,35,35,72,74,-2,0.986,71
2025-10-10,2025-10-09,8,夜勤,1,54,40,95,94,1,0.916,87
2025-10-10,2025-10-10,9,日勤,13,81,55,149,146,3,0.919,137
2025-10-10,2025-10-10,10,日勤,28,121,76,225,224,1,0.911,205
2025-10-10,2025-10-10,11,日勤,26,128,66,220,237,-17,0.918,202
2025-10-10,2025-10-10,12,日勤,29,103,69,201,199,2,0.92,185
2025-10-10,2025-10-10,13,日勤,30,129,73,232,224,8,0.905,210
2025-10-10,2025-10-10,14,日勤,29,127,73,229,237,-8,0.873,200
2025-10-10,2025-10-10,15,日勤,28,113,60,201,217,-16,0.905,182
2025-10-10,2025-10-10,16,日勤,30,110,53,193,197,-4,0.964,186
2025-10-10,2025-10-10,17,日勤,24,100,47,171,172,-1,0.953,163
2025-10-10,2025-10-10,18,日勤,16,74,39,129,134,-5,0.915,118
2025-10-10,2025-10-10,19,日勤,10,45,39,94,97,-3,0.979,92
2025-10-10,2025-10-10,20,夜勤,9,52,44,105,101,4,0.962,101
2025-10-10,2025-10-10,21,夜勤,6,37,36,79,79,0,0.911,72
2025-10-10,2025-10-10,22,夜勤,3,38,29,70,69,1,0.957,67
2025-10-10,2025-10-10,23,夜勤,3,23,22,48,49,-1,0.958,46
2025-10-11,2025-10-10,0,夜勤,1,24,20,45,48,-3,0.911,41
2025-10-11,2025-10-10,1,夜勤,1,11,14,26,28,-2,0.962,25
2025-10-11,2025-10-10,2,夜勤,1,12,14,27,28,-1,0.926,25
2025-10-11,2025-10-10,3,夜勤,2,12,13,27,28,-1,0.963,26
2025-10-11,2025-10-10,4,夜勤,2,13,13,28,28,0,0.964,27
2025-10-11,2025-10-10,5,夜勤,1,13,20,34,35,-1,0.941,32
2025-10-11,2025-10-10,6,夜勤,2,23,30,55,55,0,0.927,51
2025-10-11,2025-10-10,7,夜勤,1,38,33,72,74,-2,0.917,66
2025-10-11,2025-10-10,8,夜勤,1,51,46,98,94,4,0.929,91
2025-10-11,2025-10-11,9,日勤,15,73,61,149,146,3,0.94,140
2025-10-11,2025-10-11,10,日勤,28,129,70,227,224,3,0.974,221
2025-10-11,2025-10-11,11,日勤,30,130,66,226,237,-11,0.934,211
2025-10-11,2025-10-11,12,日勤,28,101,66,195,199,-4,0.908,177
2025-10-11,2025-10-11,13,日勤,30,120,75,225,224,1,0.969,218
2025-10-11,2025-10-11,14,日勤,29,132,78,239,237,2,0.916,219
2025-10-11,2025-10-11,15,日勤,27,121,60,208,217,-9,0.952,198
2025-10-11,2025-10-11,16,日勤,31,107,58,196,197,-1,0.964,189
2025-10-11,2025-10-11,17,日勤,25,106,52,183,172,11,0.929,170
2025-10-11,2025-10-11,18,日勤,17,77,42,136,134,2,0.956,130
2025-10-11,2025-10-11,19,日勤,12,50,38,100,97,3,0.96,96
2025-10-11,2025-10-11,20,夜勤,9,46,40,95,101,-6,0.968,92
2025-10-11,2025-10-11,21,夜勤,6,36,36,78,79,-1,0.936,73
2025-10-11,2025-10-11,22,夜勤,3,40,31,74,69,5,0.932,69
2025-10-11,2025-10-11,23,夜勤,3,26,23,52,49,3,0.981,51
2025-10-12,2025-10-11,0,夜勤,1,26,20,47,48,-1,0.894,42
2025-10-12,2025-10-11,1,夜勤,1,13,15,29,28,1,0.966,28
2025-10-12,2025-10-11,2,夜勤,1,12,15,28,28,0,0.929,26
2025-10-12,2025-10-11,3,夜勤,1,12,14,27,28,-1,0.963,26
2025-10-12,2025-10-11,4,夜勤,1,11,14,26,28,-2,0.962,25
2025-10-12,2025-10-11,5,夜勤,1,12,23,36,35,1,0.944,34
2025-10-12,2025-10-11,6,夜勤,1,23,31,55,55,0,0.873,48
2025-10-12,2025-10-11,7,夜勤,1,35,35,71,74,-3,0.944,67
2025-10-12,2025-10-11,8,夜勤,1,46,46,93,94,-1,0.946,88
2025-10-12,2025-10-12,9,日勤,14,78,63,155,146,9,0.935,145
2025-10-12,2025-10-12,10,日勤,29,114,69,212,224,-12,0.981,208
2025-10-12,2025-10-12,11,日勤,27,124,66,217,237,-20,0.972,211
2025-10-12,2025-10-12,12,日勤,31,101,72,204,199,5,0.946,193
2025-10-12,2025-10-12,13,日勤,29,134,75,238,224,14,0.912,217
2025-10-12,2025-10-12,14,日勤,28,138,72,238,237,1,0.95,226
2025-10-12,2025-10-12,15,日勤,31,124,60,215,217,-2,0.958,206
2025-10-12,2025-10-12,16,日勤,30,116,58,204,197,7,0.917,187
2025-10-12,2025-10-12,17,日勤,21,93,54,168,172,-4,0.964,162
2025-10-12,2025-10-12,18,日勤,16,81,44,141,134,7,0.915,129
2025-10-12,2025-10-12,19,日勤,11,54,34,99,97,2,0.929,92
2025-10-12,2025-10-12,20,夜勤,8,47,42,97,101,-4,0.66,64
2025-10-12,2025-10-12,21,夜勤,6,37,39,82,79,3,0.634,52
2025-10-12,2025-10-12,22,夜勤,3,41,29,73,69,4,0.603,44
2025-10-12,2025-10-12,23,夜勤,3,23,20,46,49,-3,0.652,30
2025-10-13,2025-10-12,0,夜勤,1,23,21,45,48,-3,0.689,31
2025-10-13,2025-10-12,1,夜勤,2,12,13,27,28,-1,0.63,17
2025-10-13,2025-10-12,2,夜勤,1,12,13,26,28,-2,0.692,18
2025-10-13,2025-10-12,3,夜勤,2,11,15,28,28,0,0.679,19
2025-10-13,2025-10-12,4,夜勤,1,12,14,27,28,-1,0.667,18
2025-10-13,2025-10-12,5,夜勤,1,13,23,37,35,2,0.649,24
2025-10-13,2025-10-12,6,夜勤,1,25,31,57,55,2,0.614,35
2025-10-13,2025-10-12,7,夜勤,1,40,35,76,74,2,0.605,46
2025-10-13,2025-10-12,8,夜勤,1,46,46,93,94,-1,0.688,64
2025-10-13,2025-10-13,9,日勤,14,79,59,152,146,6,0.967,147
2025-10-13,2025-10-13,10,日勤,26,126,78,230,224,6,0.948,218
2025-10-13,2025-10-13,11,日勤,30,126,77,233,237,-4,0.944,220
2025-10-13,2025-10-13,12,日勤,31,99,73,203,199,4,0.921,187
2025-10-13,2025-10-13,13,日勤,31,132,70,233,224,9,0.901,210
2025-10-13,2025-10-13,14,日勤,27,129,73,229,237,-8,0.943,216
2025-10-13,2025-10-13,15,日勤,28,132,63,223,217,6,0.906,202
2025-10-13,2025-10-13,16,日勤,28,112,60,200,197,3,0.98,196
2025-10-13,2025-10-13,17,日勤,22,108,55,185,172,13,0.978,181
2025-10-13,2025-10-13,18,日勤,19,81,39,139,134,5,0.964,134
2025-10-13,2025-10-13,19,日勤,11,49,37,97,97,0,0.938,91
2025-10-13,2025-10-13,20,夜勤,8,54,42,104,101,3,0.933,97
2025-10-13,2025-10-13,21,夜勤,6,39,37,82,79,3,0.927,76
2025-10-13,2025-10-13,22,夜勤,3,40,28,71,69,2,0.915,65
2025-10-13,2025-10-13,23,夜勤,3,24,21,48,49,-1,0.938,45
2025-10-14,2025-10-13,0,夜勤,2,25,21,48,48,0,0.958,46
2025-10-14,2025-10-13,1,夜勤,1,12,15,28,28,0,0.964,27
2025-10-14,2025-10-13,2,夜勤,2,14,15,31,28,3,0.935,29
2025-10-14,2025-10-13,3,夜勤,2,11,14,27,28,-1,0.963,26
2025-10-14,2025-10-13,4,夜勤,1,13,15,29,28,1,0.931,27
2025-10-14,2025-10-13,5,夜勤,1,13,19,33,35,-2,0.97,32
2025-10-14,2025-10-13,6,夜勤,1,24,27,52,55,-3,0.923,48
2025-10-14,2025-10-13,7,夜勤,2,39,36,77,74,3,0.948,73
2025-10-14,2025-10-13,8,夜勤,1,45,44,90,94,-4,0.922,83
2025-10-14,2025-10-14,9,日勤,13,82,52,147,146,1,0.959,141
2025-10-14,2025-10-14,10,日勤,29,120,65,214,224,-10,0.85,182
2025-10-14,2025-10-14,11,日勤,31,135,72,238,237,1,0.941,224
2025-10-14,2025-10-14,12,日勤,30,106,74,210,199,11,0.943,198
2025-10-14,2025-10-14,13,日勤,26,120,66,212,224,-12,0.948,201
2025-10-14,2025-10-14,14,日勤,30,146,66,242,237,5,0.921,223
2025-10-14,2025-10-14,15,日勤,29,122,64,215,217,-2,0.935,201
2025-10-14,2025-10-14,16,日勤,28,104,59,191,197,-6,0.906,173
2025-10-14,2025-10-14,17,日勤,24,108,52,184,172,12,0.902,166
2025-10-14,2025-10-14,18,日勤,19,76,39,134,134,0,0.933,125
2025-10-14,2025-10-14,19,日勤,11,50,33,94,97,-3,0.957,90
2025-10-14,2025-10-14,20,夜勤,9,49,39,97,101,-4,0.938,91
2025-10-14,2025-10-14,21,夜勤,6,38,35,79,79,0,0.975,77
2025-10-14,2025-10-14,22,夜勤,3,34,27,64,69,-5,0.984,63
2025-10-14,2025-10-14,23,夜勤,3,26,21,50,49,1,0.94,47
2025-10-15,2025-10-14,0,夜勤,1,26,22,49,48,1,0.959,47
2025-10-15,2025-10-14,1,夜勤,1,11,16,28,28,0,0.964,27
2025-10-15,2025-10-14,2,夜勤,1,12,15,28,28,0,0.857,24
2025-10-15,2025-10-14,3,夜勤,2,12,15,29,28,1,0.931,27
2025-10-15,2025-10-14,4,夜勤,1,14,13,28,28,0,0.964,27
2025-10-15,2025-10-14,5,夜勤,1,13,21,35,35,0,0.971,34
2025-10-15,2025-10-14,6,夜勤,1,25,27,53,55,-2,0.906,48
2025-10-15,2025-10-14,7,夜勤,2,41,36,79,74,5,0.962,76
2025-10-15,2025-10-14,8,夜勤,1,52,46,99,94,5,0.939,93
2025-10-15,2025-10-15,9,日勤,15,77,58,150,146,4,0.967,145
2025-10-15,2025-10-15,10,日勤,28,118,68,214,224,-10,0.949,203
2025-10-15,2025-10-15,11,日勤,31,140,68,239,237,2,0.904,216
2025-10-15,2025-10-15,12,日勤,27,104,76,207,199,8,0.908,188
2025-10-15,2025-10-15,13,日勤,31,116,69,216,224,-8,0.907,196
2025-10-15,2025-10-15,14,日勤,31,138,68,237,237,0,0.903,214
2025-10-15,2025-10-15,15,日勤,27,113,68,208,217,-9,0.952,198
2025-10-15,2025-10-15,16,日勤,30,101,60,191,197,-6,0.937,179
2025-10-15,2025-10-15,17,日勤,25,104,51,180,172,8,0.917,165
2025-10-15,2025-10-15,18,日勤,16,69,47,132,134,-2,0.97,128
2025-10-15,2025-10-15,19,日勤,12,50,34,96,97,-1,0.906,87
2025-10-15,2025-10-15,20,夜勤,8,54,42,104,101,3,0.923,96
2025-10-15,2025-10-15,21,夜勤,6,37,34,77,79,-2,0.948,73
2025-10-15,2025-10-15,22,夜勤,3,39,30,72,69,3,0.972,70
2025-10-15,2025-10-15,23,夜勤,3,25,20,48,49,-1,0.958,46
2025-10-16,2025-10-15,0,夜勤,2,24,21,47,48,-1,0.957,45
2025-10-16,2025-10-15,1,夜勤,2,12,13,27,28,-1,0.889,24
2025-10-16,2025-10-15,2,夜勤,1,13,14,28,28,0,0.893,25
2025-10-16,2025-10-15,3,夜勤,2,13,15,30,28,2,0.9,27
2025-10-16,2025-10-15,4,夜勤,2,13,14,29,28,1,0.931,27
2025-10-16,2025-10-15,5,夜勤,2,13,20,35,35,0,0.943,33
2025-10-16,2025-10-15,6,夜勤,1,25,28,54,55,-1,0.963,52
2025-10-16,2025-10-15,7,夜勤,2,40,39,81,74,7,0.951,77
2025-10-16,2025-10-15,8,夜勤,1,54,40,95,94,1,0.926,88
2025-10-16,2025-10-16,9,日勤,15,71,59,145,146,-1,0.938,136
2025-10-16,2025-10-16,10,日勤,28,122,69,219,224,-5,0.954,209
2025-10-16,2025-10-16,11,日勤,30,137,66,233,237,-4,0.901,210
2025-10-16,2025-10-16,12,日勤,27,102,67,196,199,-3,0.908,178
2025-10-16,2025-10-16,13,日勤,31,135,78,244,224,20,0.934,228
2025-10-16,2025-10-16,14,日勤,31,138,68,237,237,0,0.924,219
2025-10-16,2025-10-16,15,日勤,28,123,63,214,217,-3,0.93,199
2025-10-16,2025-10-16,16,日勤,31,102,57,190,197,-7,0.953,181
2025-10-16,2025-10-16,17,日勤,24,91,47,162,172,-10,0.901,146
2025-10-16,2025-10-16,18,日勤,17,79,44,140,134,6,0.914,128
2025-10-16,2025-10-16,19,日勤,10,47,37,94,97,-3,0.926,87
2025-10-16,2025-10-16,20,夜勤,9,51,45,105,101,4,0.952,100
2025-10-16,2025-10-16,21,夜勤,6,39,34,79,79,0,0.861,68
2025-10-16,2025-10-16,22,夜勤,3,35,28,66,69,-3,0.879,58
2025-10-16,2025-10-16,23,夜勤,3,26,21,50,49,1,0.92,46
2025-10-17,2025-10-16,0,夜勤,1,24,20,45,48,-3,0.933,42
2025-10-17,2025-10-16,1,夜勤,2,13,14,29,28,1,0.931,27
2025-10-17,2025-10-16,2,夜勤,2,13,13,28,28,0,0.893,25
2025-10-17,2025-10-16,3,夜勤,1,11,15,27,28,-1,0.926,25
2025-10-17,2025-10-16,4,夜勤,1,13,15,29,28,1,0.931,27
2025-10-17,2025-10-16,5,夜勤,2,13,22,37,35,2,0.919,34
2025-10-17,2025-10-16,6,夜勤,1,23,29,53,55,-2,0.943,50
2025-10-17,2025-10-16,7,夜勤,2,33,34,69,74,-5,0.957,66
2025-10-17,2025-10-16,8,夜勤,1,50,39,90,94,-4,0.911,82
2025-10-17,2025-10-17,9,日勤,15,72,55,142,146,-4,0.908,129
2025-10-17,2025-10-17,10,日勤,30,132,67,229,224,5,0.956,219
2025-10-17,2025-10-17,11,日勤,30,149,67,246,237,9,0.935,230
2025-10-17,2025-10-17,12,日勤,27,96,68,191,199,-8,0.901,172
2025-10-17,2025-10-17,13,日勤,27,113,69,209,224,-15,0.976,204
2025-10-17,2025-10-17,14,日勤,27,123,67,217,237,-20,0.977,212
2025-10-17,2025-10-17,15,日勤,31,120,70,221,217,4,0.923,204
2025-10-17,2025-10-17,16,日勤,31,111,61,203,197,6,0.956,194
2025-10-17,2025-10-17,17,日勤,23,106,49,178,172,6,0.86,153
2025-10-17,2025-10-17,18,日勤,18,81,47,146,134,12,0.932,136
2025-10-17,2025-10-17,19,日勤,11,47,39,97,97,0,0.959,93
2025-10-17,2025-10-17,20,夜勤,8,48,39,95,101,-6,0.947,90
2025-10-17,2025-10-17,21,夜勤,6,34,36,76,79,-3,0.908,69
2025-10-17,2025-10-17,22,夜勤,3,34,30,67,69,-2,0.955,64
2025-10-17,2025-10-17,23,夜勤,3,27,23,53,49,4,0.943,50
2025-10-18,2025-10-17,0,夜勤,1,27,21,49,48,1,0.898,44
2025-10-18,2025-10-17,1,夜勤,1,13,14,28,28,0,0.964,27
2025-10-18,2025-10-17,2,夜勤,1,12,13,26,28,-2,0.962,25
2025-10-18,2025-10-17,3,夜勤,2,12,14,28,28,0,0.929,26
2025-10-18,2025-10-17,4,夜勤,1,12,14,27,28,-1,0.926,25
2025-10-18,2025-10-17,5,夜勤,2,13,22,37,35,2,0.919,34
2025-10-18,2025-10-17,6,夜勤,1,23,26,50,55,-5,0.98,49
2025-10-18,2025-10-17,7,夜勤,1,36,36,73,74,-1,0.973,71
2025-10-18,2025-10-17,8,夜勤,2,49,45,96,94,2,0.906,87
2025-10-18,2025-10-18,9,日勤,15,76,54,145,146,-1,0.903,131
2025-10-18,2025-10-18,10,日勤,28,112,70,210,224,-14,0.929,195
2025-10-18,2025-10-18,11,日勤,28,143,67,238,237,1,0.912,217
2025-10-18,2025-10-18,12,日勤,29,94,76,199,199,0,0.935,186
2025-10-18,2025-10-18,13,日勤,29,131,65,225,224,1,0.938,211
2025-10-18,2025-10-18,14,日勤,28,146,70,244,237,7,0.963,235
2025-10-18,2025-10-18,15,日勤,27,122,63,212,217,-5,0.948,201
2025-10-18,2025-10-18,16,日勤,26,122,52,200,197,3,0.85,170
2025-10-18,2025-10-18,17,日勤,24,100,46,170,172,-2,0.924,157
2025-10-18,2025-10-18,18,日勤,19,81,42,142,134,8,0.93,132
2025-10-18,2025-10-18,19,日勤,11,48,33,92,97,-5,0.978,90
2025-10-18,2025-10-18,20,夜勤,9,48,42,99,101,-2,0.939,93
2025-10-18,2025-10-18,21,夜勤,6,35,38,79,79,0,0.924,73
2025-10-18,2025-10-18,22,夜勤,3,40,30,73,69,4,0.918,67
2025-10-18,2025-10-18,23,夜勤,3,25,20,48,49,-1,0.854,41
2025-10-19,2025-10-18,0,夜勤,1,27,20,48,48,0,0.938,45
2025-10-19,2025-10-18,1,夜勤,1,12,15,28,28,0,0.929,26
2025-10-19,2025-10-18,2,夜勤,2,12,14,28,28,0,0.893,25
2025-10-19,2025-10-18,3,夜勤,2,12,15,29,28,1,0.966,28
2025-10-19,2025-10-18,4,夜勤,2,13,13,28,28,0,0.929,26
2025-10-19,2025-10-18,5,夜勤,1,12,23,36,35,1,0.944,34
2025-10-19,2025-10-18,6,夜勤,2,26,27,55,55,0,0.927,51
2025-10-19,2025-10-18,7,夜勤,1,35,38,74,74,0,0.919,68
2025-10-19,2025-10-18,8,夜勤,2,46,41,89,94,-5,0.899,80
2025-10-19,2025-10-19,9,日勤,14,69,60,143,146,-3,0.902,129
2025-10-19,2025-10-19,10,日勤,31,135,65,231,224,7,0.905,209
2025-10-19,2025-10-19,11,日勤,29,150,75,254,237,17,0.913,232
2025-10-19,2025-10-19,12,日勤,28,92,76,196,199,-3,0.929,182
2025-10-19,2025-10-19,13,日勤,30,133,74,237,224,13,0.945,224
2025-10-19,2025-10-19,14,日勤,28,132,67,227,237,-10,0.903,205
2025-10-19,2025-10-19,15,日勤,30,128,67,225,217,8,0.916,206
2025-10-19,2025-10-19,16,日勤,31,111,60,202,197,5,0.955,193
2025-10-19,2025-10-19,17,日勤,23,95,53,171,172,-1,0.977,167
2025-10-19,2025-10-19,18,日勤,19,70,44,133,134,-1,0.94,125
2025-10-19,2025-10-19,19,日勤,11,52,32,95,97,-2,0.926,88
2025-10-19,2025-10-19,20,夜勤,9,51,43,103,101,2,0.913,94
2025-10-19,2025-10-19,21,夜勤,6,41,38,85,79,6,0.976,83
2025-10-19,2025-10-19,22,夜勤,3,38,28,69,69,0,0.986,68
2025-10-19,2025-10-19,23,夜勤,3,23,23,49,49,0,0.918,45
2025-10-20,2025-10-19,0,夜勤,1,27,20,48,48,0,0.979,47
2025-10-20,2025-10-19,1,夜勤,1,13,14,28,28,0,0.964,27
2025-10-20,2025-10-19,2,夜勤,1,11,15,27,28,-1,0.963,26
2025-10-20,2025-10-19,3,夜勤,1,12,13,26,28,-2,0.885,23
2025-10-20,2025-10-19,4,夜勤,2,11,15,28,28,0,0.964,27
2025-10-20,2025-10-19,5,夜勤,1,14,21,36,35,1,0.944,34
2025-10-20,2025-10-19,6,夜勤,1,27,28,56,55,1,0.964,54
2025-10-20,2025-10-19,7,夜勤,2,39,35,76,74,2,0.961,73
2025-10-20,2025-10-19,8,夜勤,1,53,42,96,94,2,0.958,92
2025-10-20,2025-10-20,9,日勤,16,81,52,149,146,3,0.906,135
2025-10-20,2025-10-20,10,日勤,26,132,72,230,224,6,0.9,207
2025-10-20,2025-10-20,11,日勤,27,143,65,235,237,-2,0.911,214
2025-10-20,2025-10-20,12,日勤,27,100,69,196,199,-3,0.918,180
2025-10-20,2025-10-20,13,日勤,26,129,68,223,224,-1,0.946,211
2025-10-20,2025-10-20,14,日勤,28,148,71,247,237,10,0.947,234
2025-10-20,2025-10-20,15,日勤,26,114,67,207,217,-10,0.937,194
2025-10-20,2025-10-20,16,日勤,29,111,52,192,197,-5,0.938,180
2025-10-20,2025-10-20,17,日勤,23,93,48,164,172,-8,0.963,158
2025-10-20,2025-10-20,18,日勤,16,79,44,139,134,5,0.964,134
2025-10-20,2025-10-20,19,日勤,11,54,39,104,97,7,0.971,101
2025-10-20,2025-10-20,20,夜勤,8,49,39,96,101,-5,0.958,92
2025-10-20,2025-10-20,21,夜勤,5,37,39,81,79,2,0.926,75
2025-10-20,2025-10-20,22,夜勤,3,34,28,65,69,-4,0.969,63
2025-10-20,2025-10-20,23,夜勤,3,24,23,50,49,1,0.98,49
2025-10-21,2025-10-20,0,夜勤,1,27,23,51,48,3,0.941,48
2025-10-21,2025-10-20,1,夜勤,2,12,15,29,28,1,0.931,27
2025-10-21,2025-10-20,2,夜勤,1,13,14,28,28,0,0.929,26
2025-10-21,2025-10-20,3,夜勤,2,11,15,28,28,0,0.929,26
2025-10-21,2025-10-20,4,夜勤,1,14,13,28,28,0,0.929,26
2025-10-21,2025-10-20,5,夜勤,1,12,22,35,35,0,0.943,33
2025-10-21,2025-10-20,6,夜勤,1,25,28,54,55,-1,0.944,51
2025-10-21,2025-10-20,7,夜勤,1,38,34,73,74,-1,0.932,68
2025-10-21,2025-10-20,8,夜勤,1,54,46,101,94,7,0.851,86
2025-10-21,2025-10-21,9,日勤,15,79,56,150,146,4,0.973,146
2025-10-21,2025-10-21,10,日勤,26,132,66,224,224,0,0.906,203
2025-10-21,2025-10-21,11,日勤,30,140,68,238,237,1,0.933,222
2025-10-21,2025-10-21,12,日勤,28,99,66,193,199,-6,0.902,174
2025-10-21,2025-10-21,13,日勤,28,117,74,219,224,-5,0.945,207
2025-10-21,2025-10-21,14,日勤,27,149,78,254,237,17,0.933,237
2025-10-21,2025-10-21,15,日勤,30,129,70,229,217,12,0.969,222
2025-10-21,2025-10-21,16,日勤,29,105,51,185,197,-12,0.957,177
2025-10-21,2025-10-21,17,日勤,21,103,48,172,172,0,0.942,162
2025-10-21,2025-10-21,18,日勤,17,68,47,132,134,-2,0.939,124
2025-10-21,2025-10-21,19,日勤,12,54,34,100,97,3,0.92,92
2025-10-21,2025-10-21,20,夜勤,9,51,39,99,101,-2,0.949,94
2025-10-21,2025-10-21,21,夜勤,6,40,35,81,79,2,0.901,73
2025-10-21,2025-10-21,22,夜勤,3,34,28,65,69,-4,0.954,62
2025-10-21,2025-10-21,23,夜勤,3,24,20,47,49,-2,0.915,43
2025-10-22,2025-10-21,0,夜勤,1,24,22,47,48,-1,0.936,44
2025-10-22,2025-10-21,1,夜勤,2,11,14,27,28,-1,0.926,25
2025-10-22,2025-10-21,2,夜勤,1,14,15,30,28,2,0.967,29
2025-10-22,2025-10-21,3,夜勤,1,12,14,27,28,-1,0.963,26
2025-10-22,2025-10-21,4,夜勤,1,13,14,28,28,0,0.964,27
2025-10-22,2025-10-21,5,夜勤,1,12,19,32,35,-3,0.938,30
2025-10-22,2025-10-21,6,夜勤,1,26,30,57,55,2,0.965,55
2025-10-22,2025-10-21,7,夜勤,1,39,34,74,74,0,0.946,70
2025-10-22,2025-10-21,8,夜勤,1,53,41,95,94,1,0.916,87
2025-10-22,2025-10-22,9,日勤,14,79,59,152,146,6,0.934,142
2025-10-22,2025-10-22,10,日勤,30,129,66,225,224,1,0.951,214
2025-10-22,2025-10-22,11,日勤,29,148,66,243,237,6,0.926,225
2025-10-22,2025-10-22,12,日勤,31,107,69,207,199,8,0.908,188
2025-10-22,2025-10-22,13,日勤,29,114,67,210,224,-14,0.952,200
2025-10-22,2025-10-22,14,日勤,28,126,74,228,237,-9,0.86,196
2025-10-22,2025-10-22,15,日勤,27,121,66,214,217,-3,0.944,202
2025-10-22,2025-10-22,16,日勤,30,103,56,189,197,-8,0.937,177
2025-10-22,2025-10-22,17,日勤,23,107,48,178,172,6,0.927,165
2025-10-22,2025-10-22,18,日勤,17,75,45,137,134,3,0.934,128
2025-10-22,2025-10-22,19,日勤,11,46,33,90,97,-7,0.944,85
2025-10-22,2025-10-22,20,夜勤,9,52,44,105,101,4,0.943,99
2025-10-22,2025-10-22,21,夜勤,5,34,33,72,79,-7,0.944,68
2025-10-22,2025-10-22,22,夜勤,3,39,29,71,69,2,0.958,68
2025-10-22,2025-10-22,23,夜勤,3,25,20,48,49,-1,0.958,46
2025-10-23,2025-10-22,0,夜勤,2,24,20,46,48,-2,0.913,42
2025-10-23,2025-10-22,1,夜勤,2,12,13,27,28,-1,0.926,25
2025-10-23,2025-10-22,2,夜勤,1,12,15,28,28,0,0.964,27
2025-10-23,2025-10-22,3,夜勤,1,13,13,27,28,-1,0.963,26
2025-10-23,2025-10-22,4,夜勤,1,13,15,29,28,1,0.966,28
2025-10-23,2025-10-22,5,夜勤,1,14,20,35,35,0,0.914,32
2025-10-23,2025-10-22,6,夜勤,1,26,29,56,55,1,0.929,52
2025-10-23,2025-10-22,7,夜勤,1,40,38,79,74,5,0.949,75
2025-10-23,2025-10-22,8,夜勤,1,53,40,94,94,0,0.968,91
2025-10-23,2025-10-23,9,日勤,13,74,53,140,146,-6,0.9,126
2025-10-23,2025-10-23,10,日勤,32,112,68,212,224,-12,0.943,200
2025-10-23,2025-10-23,11,日勤,31,141,72,244,237,7,0.934,228
2025-10-23,2025-10-23,12,日勤,31,105,73,209,199,10,0.923,193
2025-10-23,2025-10-23,13,日勤,30,135,77,242,224,18,0.975,236
2025-10-23,2025-10-23,14,日勤,31,142,74,247,237,10,0.964,238
2025-10-23,2025-10-23,15,日勤,29,136,68,233,217,16,0.936,218
2025-10-23,2025-10-23,16,日勤,26,108,61,195,197,-2,0.933,182
2025-10-23,2025-10-23,17,日勤,23,90,53,166,172,-6,0.934,155
2025-10-23,2025-10-23,18,日勤,18,81,45,144,134,10,0.938,135
2025-10-23,2025-10-23,19,日勤,12,46,38,96,97,-1,0.906,87
2025-10-23,2025-10-23,20,夜勤,9,53,41,103,101,2,0.903,93
2025-10-23,2025-10-23,21,夜勤,6,35,32,73,79,-6,0.945,69
2025-10-23,2025-10-23,22,夜勤,3,40,30,73,69,4,0.932,68
2025-10-23,2025-10-23,23,夜勤,3,23,21,47,49,-2,0.979,46
2025-10-24,2025-10-23,0,夜勤,2,23,19,44,48,-4,0.955,42
2025-10-24,2025-10-23,1,夜勤,2,14,14,30,28,2,0.867,26
2025-10-24,2025-10-23,2,夜勤,1,11,14,26,28,-2,0.962,25
2025-10-24,2025-10-23,3,夜勤,1,12,15,28,28,0,0.929,26
2025-10-24,2025-10-23,4,夜勤,1,14,15,30,28,2,0.967,29
2025-10-24,2025-10-23,5,夜勤,1,13,23,37,35,2,0.973,36
2025-10-24,2025-10-23,6,夜勤,1,27,31,59,55,4,0.966,57
2025-10-24,2025-10-23,7,夜勤,1,34,34,69,74,-5,0.957,66
2025-10-24,2025-10-23,8,夜勤,1,49,39,89,94,-5,0.921,82
2025-10-24,2025-10-24,9,日勤,13,77,55,145,146,-1,0.91,132
2025-10-24,2025-10-24,10,日勤,27,133,70,230,224,6,0.97,223
2025-10-24,2025-10-24,11,日勤,28,148,72,248,237,11,0.968,240
2025-10-24,2025-10-24,12,日勤,26,96,71,193,199,-6,0.917,177
2025-10-24,2025-10-24,13,日勤,27,136,75,238,224,14,0.916,218
2025-10-24,2025-10-24,14,日勤,30,142,69,241,237,4,0.921,222
2025-10-24,2025-10-24,15,日勤,27,113,67,207,217,-10,0.966,200
2025-10-24,2025-10-24,16,日勤,29,111,56,196,197,-1,0.923,181
2025-10-24,2025-10-24,17,日勤,22,100,46,168,172,-4,0.917,154
2025-10-24,2025-10-24,18,日勤,18,67,43,128,134,-6,0.914,117
2025-10-24,2025-10-24,19,日勤,12,51,38,101,97,4,0.871,88
2025-10-24,2025-10-24,20,夜勤,9,53,46,108,101,7,0.963,104
2025-10-24,2025-10-24,21,夜勤,5,40,39,84,79,5,0.976,82
2025-10-24,2025-10-24,22,夜勤,3,38,27,68,69,-1,0.912,62
2025-10-24,2025-10-24,23,夜勤,3,23,20,46,49,-3,0.913,42
2025-10-25,2025-10-24,0,夜勤,1,23,21,45,48,-3,0.933,42
2025-10-25,2025-10-24,1,夜勤,1,12,16,29,28,1,0.931,27
2025-10-25,2025-10-24,2,夜勤,2,12,15,29,28,1,0.931,27
2025-10-25,2025-10-24,3,夜勤,1,13,14,28,28,0,0.893,25
2025-10-25,2025-10-24,4,夜勤,1,12,14,27,28,-1,0.926,25
2025-10-25,2025-10-24,5,夜勤,1,11,24,36,35,1,0.944,34
2025-10-25,2025-10-24,6,夜勤,1,26,29,56,55,1,0.946,53
2025-10-25,2025-10-24,7,夜勤,1,40,39,80,74,6,0.938,75
2025-10-25,2025-10-24,8,夜勤,2,49,40,91,94,-3,0.978,89
2025-10-25,2025-10-25,9,日勤,14,68,51,133,146,-13,0.91,121
2025-10-25,2025-10-25,10,日勤,30,126,71,227,224,3,0.938,213
2025-10-25,2025-10-25,11,日勤,29,136,75,240,237,3,0.917,220
2025-10-25,2025-10-25,12,日勤,31,95,72,198,199,-1,0.98,194
2025-10-25,2025-10-25,13,日勤,28,120,67,215,224,-9,0.926,199
2025-10-25,2025-10-25,14,日勤,27,128,75,230,237,-7,0.935,215
2025-10-25,2025-10-25,15,日勤,31,130,59,220,217,3,0.945,208
2025-10-25,2025-10-25,16,日勤,27,110,59,196,197,-1,0.949,186
2025-10-25,2025-10-25,17,日勤,23,90,53,166,172,-6,0.922,153
2025-10-25,2025-10-25,18,日勤,18,73,45,136,134,2,0.912,124
2025-10-25,2025-10-25,19,日勤,12,50,37,99,97,2,0.919,91
2025-10-25,2025-10-25,20,夜勤,9,46,46,101,101,0,0.891,90
2025-10-25,2025-10-25,21,夜勤,6,38,35,79,79,0,0.949,75
2025-10-25,2025-10-25,22,夜勤,3,34,31,68,69,-1,0.971,66
2025-10-25,2025-10-25,23,夜勤,3,24,22,49,49,0,0.898,44
2025-10-26,2025-10-25,0,夜勤,2,27,22,51,48,3,0.98,50
2025-10-26,2025-10-25,1,夜勤,1,12,14,27,28,-1,0.926,25
2025-10-26,2025-10-25,2,夜勤,2,12,13,27,28,-1,0.963,26
2025-10-26,2025-10-25,3,夜勤,1,11,14,26,28,-2,0.923,24
2025-10-26,2025-10-25,4,夜勤,2,13,14,29,28,1,0.931,27
2025-10-26,2025-10-25,5,夜勤,1,13,21,35,35,0,0.857,30
2025-10-26,2025-10-25,6,夜勤,1,25,27,53,55,-2,0.887,47
2025-10-26,2025-10-25,7,夜勤,2,38,37,77,74,3,0.922,71
2025-10-26,2025-10-25,8,夜勤,1,45,44,90,94,-4,0.911,82
2025-10-26,2025-10-26,9,日勤,14,78,58,150,146,4,0.967,145
2025-10-26,2025-10-26,10,日勤,29,124,69,222,224,-2,0.937,208
2025-10-26,2025-10-26,11,日勤,26,129,68,223,237,-14,0.951,212
2025-10-26,2025-10-26,12,日勤,29,101,67,197,199,-2,0.893,176
2025-10-26,2025-10-26,13,日勤,28,129,69,226,224,2,0.969,219
2025-10-26,2025-10-26,14,日勤,29,142,71,242,237,5,0.872,211
2025-10-26,2025-10-26,15,日勤,27,113,58,198,217,-19,0.97,192
2025-10-26,2025-10-26,16,日勤,27,102,54,183,197,-14,0.973,178
2025-10-26,2025-10-26,17,日勤,23,102,52,177,172,5,0.904,160
2025-10-26,2025-10-26,18,日勤,18,78,45,141,134,7,0.879,124
2025-10-26,2025-10-26,19,日勤,12,52,33,97,97,0,0.948,92
2025-10-26,2025-10-26,20,夜勤,9,48,46,103,101,2,0.961,99
2025-10-26,2025-10-26,21,夜勤,6,36,36,78,79,-1,0.974,76
2025-10-26,2025-10-26,22,夜勤,3,39,30,72,69,3,0.972,70
2025-10-26,2025-10-26,23,夜勤,3,26,21,50,49,1,0.92,46
2025-10-27,2025-10-26,0,夜勤,1,27,20,48,48,0,0.979,47
2025-10-27,2025-10-26,1,夜勤,1,14,13,28,28,0,0.964,27
2025-10-27,2025-10-26,2,夜勤,1,13,15,29,28,1,0.966,28
2025-10-27,2025-10-26,3,夜勤,1,11,15,27,28,-1,0.889,24
2025-10-27,2025-10-26,4,夜勤,1,12,14,27,28,-1,0.963,26
2025-10-27,2025-10-26,5,夜勤,1,13,22,36,35,1,0.944,34
2025-10-27,2025-10-26,6,夜勤,1,23,27,51,55,-4,0.98,50
2025-10-27,2025-10-26,7,夜勤,2,34,34,70,74,-4,0.971,68
2025-10-27,2025-10-26,8,夜勤,1,53,47,101,94,7,0.97,98
2025-10-27,2025-10-27,9,日勤,15,68,62,145,146,-1,0.972,141
2025-10-27,2025-10-27,10,日勤,30,121,71,222,224,-2,0.968,215
2025-10-27,2025-10-27,11,日勤,31,147,73,251,237,14,0.94,236
2025-10-27,2025-10-27,12,日勤,31,105,67,203,199,4,0.906,184
2025-10-27,2025-10-27,13,日勤,29,118,78,225,224,1,0.911,205
2025-10-27,2025-10-27,14,日勤,30,128,74,232,237,-5,0.905,210
2025-10-27,2025-10-27,15,日勤,26,123,67,216,217,-1,0.903,195
2025-10-27,2025-10-27,16,日勤,29,111,54,194,197,-3,0.969,188
2025-10-27,2025-10-27,17,日勤,24,102,51,177,172,5,0.938,166
2025-10-27,2025-10-27,18,日勤,18,80,44,142,134,8,0.972,138
2025-10-27,2025-10-27,19,日勤,12,53,34,99,97,2,0.919,91
2025-10-27,2025-10-27,20,夜勤,9,52,42,103,101,2,0.951,98
2025-10-27,2025-10-27,21,夜勤,6,38,37,81,79,2,0.914,74
2025-10-27,2025-10-27,22,夜勤,3,37,30,70,69,1,0.943,66
2025-10-27,2025-10-27,23,夜勤,3,23,20,46,49,-3,0.935,43
2025-10-28,2025-10-27,0,夜勤,1,26,23,50,48,2,0.92,46
2025-10-28,2025-10-27,1,夜勤,2,13,15,30,28,2,0.933,28
2025-10-28,2025-10-27,2,夜勤,1,13,16,30,28,2,0.967,29
2025-10-28,2025-10-27,3,夜勤,1,13,15,29,28,1,0.897,26
2025-10-28,2025-10-27,4,夜勤,1,13,13,27,28,-1,0.926,25
2025-10-28,2025-10-27,5,夜勤,1,12,22,35,35,0,0.914,32
2025-10-28,2025-10-27,6,夜勤,1,23,31,55,55,0,0.945,52
2025-10-28,2025-10-27,7,夜勤,1,38,34,73,74,-1,0.918,67
2025-10-28,2025-10-27,8,夜勤,1,46,45,92,94,-2,0.957,88
2025-10-28,2025-10-28,9,日勤,16,67,57,140,146,-6,0.95,133
2025-10-28,2025-10-28,10,日勤,29,131,72,232,224,8,0.909,211
2025-10-28,2025-10-28,11,日勤,28,129,76,233,237,-4,0.918,214
2025-10-28,2025-10-28,12,日勤,31,104,77,212,199,13,0.925,196
2025-10-28,2025-10-28,13,日勤,30,119,66,215,224,-9,0.977,210
2025-10-28,2025-10-28,14,日勤,31,133,78,242,237,5,0.93,225
2025-10-28,2025-10-28,15,日勤,27,131,60,218,217,1,0.959,209
2025-10-28,2025-10-28,16,日勤,29,107,56,192,197,-5,0.958,184
2025-10-28,2025-10-28,17,日勤,24,92,47,163,172,-9,0.945,154
2025-10-28,2025-10-28,18,日勤,16,77,46,139,134,5,0.914,127
2025-10-28,2025-10-28,19,日勤,12,52,34,98,97,1,0.929,91
2025-10-28,2025-10-28,20,夜勤,8,50,44,102,101,1,0.971,99
2025-10-28,2025-10-28,21,夜勤,6,35,33,74,79,-5,0.932,69
2025-10-28,2025-10-28,22,夜勤,3,34,30,67,69,-2,0.91,61
2025-10-28,2025-10-28,23,夜勤,3,25,21,49,49,0,0.98,48
2025-10-29,2025-10-28,0,夜勤,1,22,21,44,48,-4,0.955,42
2025-10-29,2025-10-28,1,夜勤,2,13,14,29,28,1,0.931,27
2025-10-29,2025-10-28,2,夜勤,1,14,13,28,28,0,0.929,26
2025-10-29,2025-10-28,3,夜勤,1,13,14,28,28,0,0.964,27
2025-10-29,2025-10-28,4,夜勤,1,12,13,26,28,-2,0.923,24
2025-10-29,2025-10-28,5,夜勤,1,12,22,35,35,0,0.971,34
2025-10-29,2025-10-28,6,夜勤,1,24,28,53,55,-2,0.943,50
2025-10-29,2025-10-28,7,夜勤,1,39,39,79,74,5,0.911,72
2025-10-29,2025-10-28,8,夜勤,2,50,44,96,94,2,0.917,88
2025-10-29,2025-10-29,9,日勤,13,78,58,149,146,3,0.966,144
2025-10-29,2025-10-29,10,日勤,26,126,71,223,224,-1,0.933,208
2025-10-29,2025-10-29,11,日勤,31,149,76,256,237,19,0.969,248
2025-10-29,2025-10-29,12,日勤,30,94,65,189,199,-10,0.942,178
2025-10-29,2025-10-29,13,日勤,31,130,65,226,224,2,0.956,216
2025-10-29,2025-10-29,14,日勤,31,133,76,240,237,3,0.954,229
2025-10-29,2025-10-29,15,日勤,26,125,70,221,217,4,0.973,215
2025-10-29,2025-10-29,16,日勤,30,122,52,204,197,7,0.961,196
2025-10-29,2025-10-29,17,日勤,24,103,53,180,172,8,0.956,172
2025-10-29,2025-10-29,18,日勤,18,71,40,129,134,-5,0.977,126
2025-10-29,2025-10-29,19,日勤,11,50,39,100,97,3,0.87,87
2025-10-29,2025-10-29,20,夜勤,8,49,46,103,101,2,0.961,99
2025-10-29,2025-10-29,21,夜勤,5,40,36,81,79,2,0.951,77
2025-10-29,2025-10-29,22,夜勤,3,36,31,70,69,1,0.986,69
2025-10-29,2025-10-29,23,夜勤,3,25,20,48,49,-1,0.917,44
2025-10-30,2025-10-29,0,夜勤,1,24,20,45,48,-3,0.911,41
2025-10-30,2025-10-29,1,夜勤,1,13,15,29,28,1,0.897,26
2025-10-30,2025-10-29,2,夜勤,1,13,13,27,28,-1,0.963,26
2025-10-30,2025-10-29,3,夜勤,1,12,14,27,28,-1,0.889,24
2025-10-30,2025-10-29,4,夜勤,1,14,14,29,28,1,0.966,28
2025-10-30,2025-10-29,5,夜勤,1,13,20,34,35,-1,0.912,31
2025-10-30,2025-10-29,6,夜勤,1,25,29,55,55,0,0.945,52
2025-10-30,2025-10-29,7,夜勤,2,38,38,78,74,4,0.962,75
2025-10-30,2025-10-29,8,夜勤,2,50,41,93,94,-1,0.935,87
2025-10-30,2025-10-30,9,日勤,15,71,53,139,146,-7,0.928,129
2025-10-30,2025-10-30,10,日勤,29,136,69,234,224,10,0.923,216
2025-10-30,2025-10-30,11,日勤,28,138,75,241,237,4,0.95,229
2025-10-30,2025-10-30,12,日勤,30,104,68,202,199,3,0.906,183
2025-10-30,2025-10-30,13,日勤,31,129,76,236,224,12,0.928,219
2025-10-30,2025-10-30,14,日勤,31,140,72,243,237,6,0.909,221
2025-10-30,2025-10-30,15,日勤,28,116,67,211,217,-6,0.948,200
2025-10-30,2025-10-30,16,日勤,29,114,55,198,197,1,0.889,176
2025-10-30,2025-10-30,17,日勤,25,98,53,176,172,4,0.943,166
2025-10-30,2025-10-30,18,日勤,18,69,42,129,134,-5,0.961,124
2025-10-30,2025-10-30,19,日勤,12,45,38,95,97,-2,0.926,88
2025-10-30,2025-10-30,20,夜勤,9,51,44,104,101,3,0.952,99
2025-10-30,2025-10-30,21,夜勤,6,35,35,76,79,-3,0.921,70
2025-10-30,2025-10-30,22,夜勤,3,39,28,70,69,1,0.943,66
2025-10-30,2025-10-30,23,夜勤,3,27,23,53,49,4,0.906,48
2025-10-31,2025-10-30,0,夜勤,1,23,21,45,48,-3,0.956,43
2025-10-31,2025-10-30,1,夜勤,1,12,14,27,28,-1,0.963,26
2025-10-31,2025-10-30,2,夜勤,2,14,15,31,28,3,0.903,28
2025-10-31,2025-10-30,3,夜勤,2,13,14,29,28,1,0.931,27
2025-10-31,2025-10-30,4,夜勤,1,13,14,28,28,0,0.929,26
2025-10-31,2025-10-30,5,夜勤,1,14,21,36,35,1,0.917,33
2025-10-31,2025-10-30,6,夜勤,2,27,26,55,55,0,0.927,51
2025-10-31,2025-10-30,7,夜勤,1,36,39,76,74,2,0.974,74
2025-10-31,2025-10-30,8,夜勤,1,45,44,90,94,-4,0.911,82
2025-10-31,2025-10-31,9,日勤,14,77,56,147,146,1,0.952,140
2025-10-31,2025-10-31,10,日勤,31,127,75,233,224,9,0.906,211
2025-10-31,2025-10-31,11,日勤,26,143,71,240,237,3,0.904,217
2025-10-31,2025-10-31,12,日勤,28,103,65,196,199,-3,0.939,184
2025-10-31,2025-10-31,13,日勤,26,124,74,224,224,0,0.933,209
2025-10-31,2025-10-31,14,日勤,27,149,66,242,237,5,0.926,224
2025-10-31,2025-10-31,15,日勤,29,135,63,227,217,10,0.952,216
2025-10-31,2025-10-31,16,日勤,30,113,61,204,197,7,0.912,186
2025-10-31,2025-10-31,17,日勤,24,104,52,180,172,8,0.922,166
2025-10-31,2025-10-31,18,日勤,16,73,43,132,134,-2,0.955,126
2025-10-31,2025-10-31,19,日勤,11,46,36,93,97,-4,0.957,89
2025-10-31,2025-10-31,20,夜勤,8,50,45,103,101,2,0.971,100
2025-10-31,2025-10-31,21,夜勤,5,40,33,78,79,-1,0.91,71
2025-10-31,2025-10-31,22,夜勤,3,35,29,67,69,-2,0.955,64
2025-10-31,2025-10-31,23,夜勤,3,25,22,50,49,1,0.96,48
2025-11-01,2025-10-31,0,夜勤,1,27,21,49,48,1,0.959,47
2025-11-01,2025-10-31,1,夜勤,2,13,16,31,28,3,0.935,29
2025-11-01,2025-10-31,2,夜勤,1,13,13,27,28,-1,0.926,25
2025-11-01,2025-10-31,3,夜勤,2,12,14,28,28,0,0.893,25
2025-11-01,2025-10-31,4,夜勤,1,12,14,27,28,-1,0.963,26
2025-11-01,2025-10-31,5,夜勤,1,12,21,34,35,-1,0.912,31
2025-11-01,2025-10-31,6,夜勤,2,23,30,55,55,0,0.909,50
2025-11-01,2025-10-31,7,夜勤,2,34,36,72,74,-2,0.917,66
2025-11-01,2025-10-31,8,夜勤,1,48,46,95,94,1,0.968,92
2025-11-01,2025-11-01,9,日勤,14,81,61,156,146,10,0.962,150
2025-11-01,2025-11-01,10,日勤,31,134,74,239,224,15,0.958,229
2025-11-01,2025-11-01,11,日勤,30,139,71,240,237,3,0.954,229
2025-11-01,2025-11-01,12,日勤,26,100,71,197,199,-2,0.929,183
2025-11-01,2025-11-01,13,日勤,28,114,76,218,224,-6,0.881,192
2025-11-01,2025-11-01,14,日勤,27,138,75,240,237,3,0.967,232
2025-11-01,2025-11-01,15,日勤,28,131,64,223,217,6,0.928,207
2025-11-01,2025-11-01,16,日勤,28,120,55,203,197,6,0.941,191
2025-11-01,2025-11-01,17,日勤,22,104,50,176,172,4,0.915,161
2025-11-01,2025-11-01,18,日勤,17,69,45,131,134,-3,0.908,119
2025-11-01,2025-11-01,19,日勤,11,52,38,101,97,4,0.921,93
2025-11-01,2025-11-01,20,夜勤,8,50,39,97,101,-4,0.948,92
2025-11-01,2025-11-01,21,夜勤,6,38,36,80,79,1,0.912,73
2025-11-01,2025-11-01,22,夜勤,3,38,29,70,69,1,0.943,66
2025-11-01,2025-11-01,23,夜勤,3,27,22,52,49,3,0.923,48
2025-11-02,2025-11-01,0,夜勤,2,23,21,46,48,-2,0.935,43
2025-11-02,2025-11-01,1,夜勤,1,13,14,28,28,0,0.893,25
2025-11-02,2025-11-01,2,夜勤,2,13,15,30,28,2,0.933,28
2025-11-02,2025-11-01,3,夜勤,2,12,13,27,28,-1,0.963,26
2025-11-02,2025-11-01,4,夜勤,1,12,15,28,28,0,0.929,26
2025-11-02,2025-11-01,5,夜勤,1,11,21,33,35,-2,0.97,32
2025-11-02,2025-11-01,6,夜勤,2,24,27,53,55,-2,0.906,48
2025-11-02,2025-11-01,7,夜勤,1,34,37,72,74,-2,0.931,67
2025-11-02,2025-11-01,8,夜勤,2,45,46,93,94,-1,0.957,89
2025-11-02,2025-11-02,9,日勤,15,78,53,146,146,0,0.945,138
2025-11-02,2025-11-02,10,日勤,30,119,69,218,224,-6,0.908,198
2025-11-02,2025-11-02,11,日勤,26,136,69,231,237,-6,0.97,224
2025-11-02,2025-11-02,12,日勤,31,104,77,212,199,13,0.953,202
2025-11-02,2025-11-02,13,日勤,30,121,67,218,224,-6,0.936,204
2025-11-02,2025-11-02,14,日勤,28,126,72,226,237,-11,0.938,212
2025-11-02,2025-11-02,15,日勤,30,113,67,210,217,-7,0.924,194
2025-11-02,2025-11-02,16,日勤,29,103,61,193,197,-4,0.964,186
2025-11-02,2025-11-02,17,日勤,21,108,55,184,172,12,0.918,169
2025-11-02,2025-11-02,18,日勤,17,80,45,142,134,8,0.972,138
2025-11-02,2025-11-02,19,日勤,12,51,36,99,97,2,0.98,97
2025-11-02,2025-11-02,20,夜勤,8,47,46,101,101,0,0.921,93
2025-11-02,2025-11-02,21,夜勤,6,34,38,78,79,-1,0.923,72
2025-11-02,2025-11-02,22,夜勤,3,34,30,67,69,-2,0.955,64
2025-11-02,2025-11-02,23,夜勤,3,27,22,52,49,3,0.942,49
2025-11-03,2025-11-02,0,夜勤,1,26,22,49,48,1,0.98,48
2025-11-03,2025-11-02,1,夜勤,2,13,15,30,28,2,0.933,28
2025-11-03,2025-11-02,2,夜勤,1,13,14,28,28,0,0.929,26
2025-11-03,2025-11-02,3,夜勤,2,12,15,29,28,1,0.931,27
2025-11-03,2025-11-02,4,夜勤,1,13,14,28,28,0,0.964,27
2025-11-03,2025-11-02,5,夜勤,1,13,20,34,35,-1,0.941,32
2025-11-03,2025-11-02,6,夜勤,2,24,28,54,55,-1,0.963,52
2025-11-03,2025-11-02,7,夜勤,2,35,36,73,74,-1,0.904,66
2025-11-03,2025-11-02,8,夜勤,1,47,47,95,94,1,0.937,89
2025-11-03,2025-11-03,9,日勤,16,80,55,151,146,5,0.954,144
2025-11-03,2025-11-03,10,日勤,26,132,65,223,224,-1,0.969,216
2025-11-03,2025-11-03,11,日勤,28,138,75,241,237,4,0.9,217
2025-11-03,2025-11-03,12,日勤,28,98,72,198,199,-1,0.975,193
2025-11-03,2025-11-03,13,日勤,30,135,71,236,224,12,0.945,223
2025-11-03,2025-11-03,14,日勤,28,137,72,237,237,0,0.958,227
2025-11-03,2025-11-03,15,日勤,31,136,61,228,217,11,0.912,208
2025-11-03,2025-11-03,16,日勤,27,107,59,193,197,-4,0.959,185
2025-11-03,2025-11-03,17,日勤,24,107,54,185,172,13,0.93,172
2025-11-03,2025-11-03,18,日勤,19,80,40,139,134,5,0.95,132
2025-11-03,2025-11-03,19,日勤,11,50,33,94,97,-3,0.936,88
2025-11-03,2025-11-03,20,夜勤,9,48,44,101,101,0,0.881,89
2025-11-03,2025-11-03,21,夜勤,6,37,35,78,79,-1,0.949,74
2025-11-03,2025-11-03,22,夜勤,3,35,28,66,69,-3,0.97,64
2025-11-03,2025-11-03,23,夜勤,3,23,22,48,49,-1,0.958,46
2025-11-04,2025-11-03,0,夜勤,1,24,21,46,48,-2,0.978,45
2025-11-04,2025-11-03,1,夜勤,2,12,15,29,28,1,0.897,26
2025-11-04,2025-11-03,2,夜勤,1,12,13,26,28,-2,0.923,24
2025-11-04,2025-11-03,3,夜勤,1,13,15,29,28,1,0.931,27
2025-11-04,2025-11-03,4,夜勤,1,11,14,26,28,-2,0.923,24
2025-11-04,2025-11-03,5,夜勤,2,13,21,36,35,1,0.861,31
2025-11-04,2025-11-03,6,夜勤,1,25,30,56,55,1,0.929,52
2025-11-04,2025-11-03,7,夜勤,1,41,35,77,74,3,0.974,75
2025-11-04,2025-11-03,8,夜勤,1,49,39,89,94,-5,0.921,82
2025-11-04,2025-11-04,9,日勤,15,82,58,155,146,9,0.91,141
2025-11-04,2025-11-04,10,日勤,28,113,67,208,224,-16,0.962,200
2025-11-04,2025-11-04,11,日勤,30,150,76,256,237,19,0.871,223
2025-11-04,2025-11-04,12,日勤,30,90,73,193,199,-6,0.953,184
2025-11-04,2025-11-04,13,日勤,31,135,71,237,224,13,0.97,230
2025-11-04,2025-11-04,14,日勤,28,130,68,226,237,-11,0.956,216
2025-11-04,2025-11-04,15,日勤,28,114,65,207,217,-10,0.942,195
2025-11-04,2025-11-04,16,日勤,29,101,57,187,197,-10,0.963,180
2025-11-04,2025-11-04,17,日勤,21,93,49,163,172,-9,0.92,150
2025-11-04,2025-11-04,18,日勤,18,67,47,132,134,-2,0.856,113
2025-11-04,2025-11-04,19,日勤,12,53,33,98,97,1,0.98,96
2025-11-04,2025-11-04,20,夜勤,9,47,40,96,101,-5,0.906,87
2025-11-04,2025-11-04,21,夜勤,5,38,36,79,79,0,0.975,77
2025-11-04,2025-11-04,22,夜勤,3,37,31,71,69,2,0.958,68
2025-11-04,2025-11-04,23,夜勤,3,24,20,47,49,-2,0.957,45
2025-11-05,2025-11-04,0,夜勤,1,23,21,45,48,-3,0.933,42
2025-11-05,2025-11-04,1,夜勤,1,12,14,27,28,-1,0.963,26
2025-11-05,2025-11-04,2,夜勤,1,13,13,27,28,-1,0.926,25
2025-11-05,2025-11-04,3,夜勤,1,11,15,27,28,-1,0.926,25
2025-11-05,2025-11-04,4,夜勤,1,12,15,28,28,0,0.964,27
2025-11-05,2025-11-04,5,夜勤,1,13,23,37,35,2,0.919,34
2025-11-05,2025-11-04,6,夜勤,1,23,31,55,55,0,0.909,50
2025-11-05,2025-11-04,7,夜勤,1,35,36,72,74,-2,0.958,69
2025-11-05,2025-11-04,8,夜勤,1,52,44,97,94,3,0.979,95
2025-11-05,2025-11-05,9,日勤,15,80,60,155,146,9,0.877,136
2025-11-05,2025-11-05,10,日勤,31,119,66,216,224,-8,0.949,205
2025-11-05,2025-11-05,11,日勤,31,146,77,254,237,17,0.969,246
2025-11-05,2025-11-05,12,日勤,27,102,68,197,199,-2,0.959,189
2025-11-05,2025-11-05,13,日勤,30,115,65,210,224,-14,0.957,201
2025-11-05,2025-11-05,14,日勤,27,128,66,221,237,-16,0.932,206
2025-11-05,2025-11-05,15,日勤,31,116,70,217,217,0,0.935,203
2025-11-05,2025-11-05,16,日勤,28,122,56,206,197,9,0.956,197
2025-11-05,2025-11-05,17,日勤,24,90,51,165,172,-7,0.903,149
2025-11-05,2025-11-05,18,日勤,18,79,41,138,134,4,0.957,132
2025-11-05,2025-11-05,19,日勤,12,53,37,102,97,5,0.961,98
2025-11-05,2025-11-05,20,夜勤,9,54,46,109,101,8,0.954,104
2025-11-05,2025-11-05,21,夜勤,5,38,38,81,79,2,0.938,76
2025-11-05,2025-11-05,22,夜勤,3,35,26,64,69,-5,0.953,61
2025-11-05,2025-11-05,23,夜勤,3,27,23,53,49,4,0.906,48
2025-11-06,2025-11-05,0,夜勤,2,25,21,48,48,0,0.958,46
2025-11-06,2025-11-05,1,夜勤,1,13,13,27,28,-1,0.889,24
2025-11-06,2025-11-05,2,夜勤,1,13,14,28,28,0,0.929,26
2025-11-06,2025-11-05,3,夜勤,1,12,16,29,28,1,0.966,28
2025-11-06,2025-11-05,4,夜勤,1,12,15,28,28,0,0.893,25
2025-11-06,2025-11-05,5,夜勤,2,11,21,34,35,-1,0.912,31
2025-11-06,2025-11-05,6,夜勤,1,23,28,52,55,-3,0.904,47
2025-11-06,2025-11-05,7,夜勤,1,40,38,79,74,5,0.962,76
2025-11-06,2025-11-05,8,夜勤,1,49,40,90,94,-4,0.956,86
2025-11-06,2025-11-06,9,日勤,15,67,55,137,146,-9,0.949,130
2025-11-06,2025-11-06,10,日勤,28,127,66,221,224,-3,0.91,201
2025-11-06,2025-11-06,11,日勤,29,125,78,232,237,-5,0.974,226
2025-11-06,2025-11-06,12,日勤,29,104,77,210,199,11,0.952,200
2025-11-06,2025-11-06,13,日勤,31,115,76,222,224,-2,0.878,195
2025-11-06,2025-11-06,14,日勤,29,138,73,240,237,3,0.963,231
2025-11-06,2025-11-06,15,日勤,27,134,64,225,217,8,0.947,213
2025-11-06,2025-11-06,16,日勤,27,118,60,205,197,8,0.922,189
2025-11-06,2025-11-06,17,日勤,23,99,51,173,172,1,0.931,161
2025-11-06,2025-11-06,18,日勤,16,71,43,130,134,-4,0.923,120
2025-11-06,2025-11-06,19,日勤,12,46,38,96,97,-1,0.927,89
2025-11-06,2025-11-06,20,夜勤,8,51,47,106,101,5,0.953,101
2025-11-06,2025-11-06,21,夜勤,5,36,33,74,79,-5,0.905,67
2025-11-06,2025-11-06,22,夜勤,3,35,30,68,69,-1,0.926,63
2025-11-06,2025-11-06,23,夜勤,3,23,21,47,49,-2,0.957,45
2025-11-07,2025-11-06,0,夜勤,1,24,22,47,48,-1,0.936,44
2025-11-07,2025-11-06,1,夜勤,1,12,15,28,28,0,0.893,25
2025-11-07,2025-11-06,2,夜勤,2,13,14,29,28,1,0.931,27
2025-11-07,2025-11-06,3,夜勤,1,13,14,28,28,0,0.929,26
2025-11-07,2025-11-06,4,夜勤,2,13,13,28,28,0,0.929,26
2025-11-07,2025-11-06,5,夜勤,1,13,23,37,35,2,0.946,35
2025-11-07,2025-11-06,6,夜勤,2,27,28,57,55,2,0.93,53
2025-11-07,2025-11-06,7,夜勤,1,35,34,70,74,-4,0.943,66
2025-11-07,2025-11-06,8,夜勤,1,48,41,90,94,-4,0.978,88
2025-11-07,2025-11-07,9,日勤,14,73,61,148,146,2,0.946,140
2025-11-07,2025-11-07,10,日勤,31,126,66,223,224,-1,0.946,211
2025-11-07,2025-11-07,11,日勤,31,130,72,233,237,-4,0.953,222
2025-11-07,2025-11-07,12,日勤,32,103,75,210,199,11,0.9,189
2025-11-07,2025-11-07,13,日勤,31,119,71,221,224,-3,0.95,210
2025-11-07,2025-11-07,14,日勤,31,132,71,234,237,-3,0.897,210
2025-11-07,2025-11-07,15,日勤,29,112,70,211,217,-6,0.962,203
2025-11-07,2025-11-07,16,日勤,28,119,57,204,197,7,0.926,189
2025-11-07,2025-11-07,17,日勤,24,97,48,169,172,-3,0.917,155
2025-11-07,2025-11-07,18,日勤,16,78,47,141,134,7,0.922,130
2025-11-07,2025-11-07,19,日勤,11,48,33,92,97,-5,0.913,84
2025-11-07,2025-11-07,20,夜勤,9,48,43,100,101,-1,0.98,98
2025-11-07,2025-11-07,21,夜勤,5,40,33,78,79,-1,0.962,75
2025-11-07,2025-11-07,22,夜勤,3,36,30,69,69,0,0.913,63
2025-11-07,2025-11-07,23,夜勤,3,26,23,52,49,3,0.923,48
2025-11-08,2025-11-07,0,夜勤,2,25,24,51,48,3,0.941,48
2025-11-08,2025-11-07,1,夜勤,1,13,14,28,28,0,0.929,26
2025-11-08,2025-11-07,2,夜勤,2,11,14,27,28,-1,0.926,25
2025-11-08,2025-11-07,3,夜勤,1,13,15,29,28,1,0.966,28
2025-11-08,2025-11-07,4,夜勤,1,12,15,28,28,0,0.929,26
2025-11-08,2025-11-07,5,夜勤,1,12,21,34,35,-1,0.912,31
2025-11-08,2025-11-07,6,夜勤,1,23,27,51,55,-4,0.922,47
2025-11-08,2025-11-07,7,夜勤,1,39,39,79,74,5,0.899,71
2025-11-08,2025-11-07,8,夜勤,1,45,41,87,94,-7,0.977,85
2025-11-08,2025-11-08,9,日勤,14,68,53,135,146,-11,0.97,131
2025-11-08,2025-11-08,10,日勤,28,126,65,219,224,-5,0.918,201
2025-11-08,2025-11-08,11,日勤,29,142,71,242,237,5,0.917,222
2025-11-08,2025-11-08,12,日勤,28,96,68,192,199,-7,0.938,180
2025-11-08,2025-11-08,13,日勤,27,128,71,226,224,2,0.969,219
2025-11-08,2025-11-08,14,日勤,29,145,77,251,237,14,0.948,238
2025-11-08,2025-11-08,15,日勤,27,130,65,222,217,5,0.91,202
2025-11-08,2025-11-08,16,日勤,31,117,53,201,197,4,0.91,183
2025-11-08,2025-11-08,17,日勤,21,108,52,181,172,9,0.939,170
2025-11-08,2025-11-08,18,日勤,18,77,40,135,134,1,0.933,126
2025-11-08,2025-11-08,19,日勤,11,45,39,95,97,-2,0.947,90
2025-11-08,2025-11-08,20,夜勤,9,50,41,100,101,-1,0.96,96
2025-11-08,2025-11-08,21,夜勤,6,34,38,78,79,-1,0.897,70
2025-11-08,2025-11-08,22,夜勤,3,35,29,67,69,-2,0.94,63
2025-11-08,2025-11-08,23,夜勤,3,25,22,50,49,1,0.98,49
2025-11-09,2025-11-08,0,夜勤,1,25,23,49,48,1,0.939,46
2025-11-09,2025-11-08,1,夜勤,2,14,14,30,28,2,0.967,29
2025-11-09,2025-11-08,2,夜勤,2,13,13,28,28,0,0.964,27
2025-11-09,2025-11-08,3,夜勤,1,12,14,27,28,-1,0.926,25
2025-11-09,2025-11-08,4,夜勤,1,13,14,28,28,0,0.964,27
2025-11-09,2025-11-08,5,夜勤,2,12,23,37,35,2,0.919,34
2025-11-09,2025-11-08,6,夜勤,1,27,29,57,55,2,0.965,55
2025-11-09,2025-11-08,7,夜勤,2,34,33,69,74,-5,0.942,65
2025-11-09,2025-11-08,8,夜勤,1,52,43,96,94,2,0.906,87
2025-11-09,2025-11-09,9,日勤,13,81,60,154,146,8,0.974,150
2025-11-09,2025-11-09,10,日勤,29,127,74,230,224,6,0.961,221
2025-11-09,2025-11-09,11,日勤,31,146,79,256,237,19,0.949,243
2025-11-09,2025-11-09,12,日勤,29,90,69,188,199,-11,0.957,180
2025-11-09,2025-11-09,13,日勤,30,112,73,215,224,-9,0.93,200
2025-11-09,2025-11-09,14,日勤,28,145,78,251,237,14,0.972,244
2025-11-09,2025-11-09,15,日勤,27,123,60,210,217,-7,0.914,192
2025-11-09,2025-11-09,16,日勤,28,113,61,202,197,5,0.941,190
2025-11-09,2025-11-09,17,日勤,24,97,49,170,172,-2,0.906,154
2025-11-09,2025-11-09,18,日勤,16,81,39,136,134,2,0.963,131
2025-11-09,2025-11-09,19,日勤,11,46,34,91,97,-6,0.912,83
2025-11-09,2025-11-09,20,夜勤,8,54,44,106,101,5,0.925,98
2025-11-09,2025-11-09,21,夜勤,6,34,38,78,79,-1,0.949,74
2025-11-09,2025-11-09,22,夜勤,3,37,27,67,69,-2,0.985,66
2025-11-09,2025-11-09,23,夜勤,3,26,23,52,49,3,0.865,45
2025-11-10,2025-11-09,0,夜勤,1,23,22,46,48,-2,0.913,42
2025-11-10,2025-11-09,1,夜勤,1,11,14,26,28,-2,0.923,24
2025-11-10,2025-11-09,2,夜勤,1,13,15,29,28,1,0.931,27
2025-11-10,2025-11-09,3,夜勤,1,13,15,29,28,1,0.931,27
2025-11-10,2025-11-09,4,夜勤,2,12,14,28,28,0,0.964,27
2025-11-10,2025-11-09,5,夜勤,1,12,22,35,35,0,0.914,32
2025-11-10,2025-11-09,6,夜勤,2,23,27,52,55,-3,0.923,48
2025-11-10,2025-11-09,7,夜勤,2,34,37,73,74,-1,0.904,66
2025-11-10,2025-11-09,8,夜勤,1,54,46,101,94,7,0.941,95
2025-11-10,2025-11-10,9,日勤,15,74,53,142,146,-4,0.93,132
2025-11-10,2025-11-10,10,日勤,29,116,68,213,224,-11,0.972,207
2025-11-10,2025-11-10,11,日勤,31,130,66,227,237,-10,0.938,213
2025-11-10,2025-11-10,12,日勤,31,100,71,202,199,3,0.941,190
2025-11-10,2025-11-10,13,日勤,26,113,78,217,224,-7,0.968,210
2025-11-10,2025-11-10,14,日勤,29,134,75,238,237,1,0.924,220
2025-11-10,2025-11-10,15,日勤,28,121,65,214,217,-3,0.977,209
2025-11-10,2025-11-10,16,日勤,27,111,61,199,197,2,0.96,191
2025-11-10,2025-11-10,17,日勤,25,99,54,178,172,6,0.91,162
2025-11-10,2025-11-10,18,日勤,18,68,40,126,134,-8,0.968,122
2025-11-10,2025-11-10,19,日勤,12,47,39,98,97,1,0.969,95
2025-11-10,2025-11-10,20,夜勤,8,50,46,104,101,3,0.971,101
2025-11-10,2025-11-10,21,夜勤,5,35,38,78,79,-1,0.923,72
2025-11-10,2025-11-10,22,夜勤,3,38,26,67,69,-2,0.985,66
2025-11-10,2025-11-10,23,夜勤,3,25,20,48,49,-1,0.854,41
2025-11-11,2025-11-10,0,夜勤,1,27,23,51,48,3,0.961,49
2025-11-11,2025-11-10,1,夜勤,1,12,13,26,28,-2,0.923,24
2025-11-11,2025-11-10,2,夜勤,1,11,14,26,28,-2,0.962,25
2025-11-11,2025-11-10,3,夜勤,1,12,15,28,28,0,0.929,26
2025-11-11,2025-11-10,4,夜勤,1,12,13,26,28,-2,0.962,25
2025-11-11,2025-11-10,5,夜勤,1,12,23,36,35,1,0.944,34
2025-11-11,2025-11-10,6,夜勤,1,23,29,53,55,-2,0.962,51
2025-11-11,2025-11-10,7,夜勤,1,39,38,78,74,4,0.974,76
2025-11-11,2025-11-10,8,夜勤,2,50,42,94,94,0,0.904,85
2025-11-11,2025-11-11,9,日勤,15,71,54,140,146,-6,0.979,137
2025-11-11,2025-11-11,10,日勤,31,135,64,230,224,6,0.922,212
2025-11-11,2025-11-11,11,日勤,31,143,70,244,237,7,0.959,234
2025-11-11,2025-11-11,12,日勤,28,96,68,192,199,-7,0.948,182
2025-11-11,2025-11-11,13,日勤,31,132,65,228,224,4,0.917,209
2025-11-11,2025-11-11,14,日勤,29,140,65,234,237,-3,0.979,229
2025-11-11,2025-11-11,15,日勤,30,123,71,224,217,7,0.946,212
2025-11-11,2025-11-11,16,日勤,31,109,60,200,197,3,0.92,184
2025-11-11,2025-11-11,17,日勤,21,90,52,163,172,-9,0.945,154
2025-11-11,2025-11-11,18,日勤,16,67,41,124,134,-10,0.927,115
2025-11-11,2025-11-11,19,日勤,11,49,38,98,97,1,0.939,92
2025-11-11,2025-11-11,20,夜勤,9,45,46,100,101,-1,0.96,96
2025-11-11,2025-11-11,21,夜勤,6,39,37,82,79,3,0.915,75
2025-11-11,2025-11-11,22,夜勤,3,38,27,68,69,-1,0.941,64
2025-11-11,2025-11-11,23,夜勤,3,24,23,50,49,1,0.86,43
2025-11-12,2025-11-11,0,夜勤,1,27,23,51,48,3,0.98,50
2025-11-12,2025-11-11,1,夜勤,1,13,13,27,28,-1,0.926,25
2025-11-12,2025-11-11,2,夜勤,1,11,15,27,28,-1,0.963,26
2025-11-12,2025-11-11,3,夜勤,1,13,14,28,28,0,0.929,26
2025-11-12,2025-11-11,4,夜勤,1,14,13,28,28,0,0.964,27
2025-11-12,2025-11-11,5,夜勤,1,13,21,35,35,0,0.914,32
2025-11-12,2025-11-11,6,夜勤,1,24,27,52,55,-3,0.923,48
2025-11-12,2025-11-11,7,夜勤,1,39,34,74,74,0,0.932,69
2025-11-12,2025-11-11,8,夜勤,1,45,42,88,94,-6,0.943,83
2025-11-12,2025-11-12,9,日勤,15,78,54,147,146,1,0.925,136
2025-11-12,2025-11-12,10,日勤,30,114,66,210,224,-14,0.933,196
2025-11-12,2025-11-12,11,日勤,29,127,71,227,237,-10,0.938,213
2025-11-12,2025-11-12,12,日勤,27,104,65,196,199,-3,0.929,182
2025-11-12,2025-11-12,13,日勤,30,127,66,223,224,-1,0.951,212
2025-11-12,2025-11-12,14,日勤,27,134,69,230,237,-7,0.948,218
2025-11-12,2025-11-12,15,日勤,29,133,63,225,217,8,0.956,215
2025-11-12,2025-11-12,16,日勤,30,102,61,193,197,-4,0.943,182
2025-11-12,2025-11-12,17,日勤,24,101,53,178,172,6,0.899,160
2025-11-12,2025-11-12,18,日勤,17,76,45,138,134,4,0.935,129
2025-11-12,2025-11-12,19,日勤,12,54,38,104,97,7,0.952,99
2025-11-12,2025-11-12,20,夜勤,8,51,43,102,101,1,0.922,94
2025-11-12,2025-11-12,21,夜勤,6,34,39,79,79,0,0.975,77
2025-11-12,2025-11-12,22,夜勤,3,39,29,71,69,2,0.901,64
2025-11-12,2025-11-12,23,夜勤,3,25,19,47,49,-2,0.936,44
2025-11-13,2025-11-12,0,夜勤,1,27,22,50,48,2,0.96,48
2025-11-13,2025-11-12,1,夜勤,2,13,14,29,28,1,0.966,28
2025-11-13,2025-11-12,2,夜勤,1,12,15,28,28,0,0.964,27
2025-11-13,2025-11-12,3,夜勤,1,12,15,28,28,0,0.964,27
2025-11-13,2025-11-12,4,夜勤,1,12,15,28,28,0,0.929,26
2025-11-13,2025-11-12,5,夜勤,1,12,23,36,35,1,0.944,34
2025-11-13,2025-11-12,6,夜勤,1,27,28,56,55,1,0.946,53
2025-11-13,2025-11-12,7,夜勤,1,36,36,73,74,-1,0.904,66
2025-11-13,2025-11-12,8,夜勤,1,46,40,87,94,-7,0.943,82
2025-11-13,2025-11-13,9,日勤,15,68,53,136,146,-10,0.971,132
2025-11-13,2025-11-13,10,日勤,30,118,71,219,224,-5,0.904,198
2025-11-13,2025-11-13,11,日勤,31,141,75,247,237,10,0.947,234
2025-11-13,2025-11-13,12,日勤,27,93,77,197,199,-2,0.929,183
2025-11-13,2025-11-13,13,日勤,29,122,77,228,224,4,0.978,223
2025-11-13,2025-11-13,14,日勤,28,123,70,221,237,-16,0.896,198
2025-11-13,2025-11-13,15,日勤,27,127,58,212,217,-5,0.934,198
2025-11-13,2025-11-13,16,日勤,27,107,57,191,197,-6,0.901,172
2025-11-13,2025-11-13,17,日勤,22,105,49,176,172,4,0.909,160
2025-11-13,2025-11-13,18,日勤,19,73,43,135,134,1,0.904,122
2025-11-13,2025-11-13,19,日勤,12,45,36,93,97,-4,0.978,91
2025-11-13,2025-11-13,20,夜勤,9,54,47,110,101,9,0.982,108
2025-11-13,2025-11-13,21,夜勤,6,34,39,79,79,0,0.911,72
2025-11-13,2025-11-13,22,夜勤,3,36,30,69,69,0,0.971,67
2025-11-13,2025-11-13,23,夜勤,3,26,19,48,49,-1,0.958,46
2025-11-14,2025-11-13,0,夜勤,2,27,22,51,48,3,0.941,48
2025-11-14,2025-11-13,1,夜勤,1,14,14,29,28,1,0.897,26
2025-11-14,2025-11-13,2,夜勤,1,13,13,27,28,-1,0.963,26
2025-11-14,2025-11-13,3,夜勤,1,13,13,27,28,-1,0.926,25
2025-11-14,2025-11-13,4,夜勤,2,11,13,26,28,-2,0.923,24
2025-11-14,2025-11-13,5,夜勤,1,12,23,36,35,1,0.972,35
2025-11-14,2025-11-13,6,夜勤,2,23,26,51,55,-4,0.961,49
2025-11-14,2025-11-13,7,夜勤,1,40,35,76,74,2,0.934,71
2025-11-14,2025-11-13,8,夜勤,1,50,42,93,94,-1,0.935,87
2025-11-14,2025-11-14,9,日勤,14,76,54,144,146,-2,0.931,134
2025-11-14,2025-11-14,10,日勤,31,124,75,230,224,6,0.97,223
2025-11-14,2025-11-14,11,日勤,31,140,78,249,237,12,0.968,241
2025-11-14,2025-11-14,12,日勤,28,91,70,189,199,-10,0.947,179
2025-11-14,2025-11-14,13,日勤,26,128,71,225,224,1,0.973,219
2025-11-14,2025-11-14,14,日勤,30,129,67,226,237,-11,0.929,210
2025-11-14,2025-11-14,15,日勤,26,125,68,219,217,2,0.932,204
2025-11-14,2025-11-14,16,日勤,31,103,52,186,197,-11,0.855,159
2025-11-14,2025-11-14,17,日勤,23,101,52,176,172,4,0.909,160
2025-11-14,2025-11-14,18,日勤,19,76,43,138,134,4,0.971,134
2025-11-14,2025-11-14,19,日勤,12,52,38,102,97,5,0.931,95
2025-11-14,2025-11-14,20,夜勤,9,53,39,101,101,0,0.96,97
2025-11-14,2025-11-14,21,夜勤,5,35,37,77,79,-2,0.948,73
2025-11-14,2025-11-14,22,夜勤,3,36,26,65,69,-4,0.954,62
2025-11-14,2025-11-14,23,夜勤,3,26,23,52,49,3,0.923,48
2025-11-15,2025-11-14,0,夜勤,1,24,23,48,48,0,0.917,44
2025-11-15,2025-11-14,1,夜勤,2,13,14,29,28,1,0.931,27
2025-11-15,2025-11-14,2,夜勤,1,13,14,28,28,0,0.964,27
2025-11-15,2025-11-14,3,夜勤,1,12,15,28,28,0,0.929,26
2025-11-15,2025-11-14,4,夜勤,1,14,14,29,28,1,0.931,27
2025-11-15,2025-11-14,5,夜勤,1,12,22,35,35,0,0.914,32
2025-11-15,2025-11-14,6,夜勤,1,27,29,57,55,2,0.912,52
2025-11-15,2025-11-14,7,夜勤,2,36,32,70,74,-4,0.929,65
2025-11-15,2025-11-14,8,夜勤,1,52,42,95,94,1,0.968,92
2025-11-15,2025-11-15,9,日勤,14,70,52,136,146,-10,0.956,130
2025-11-15,2025-11-15,10,日勤,30,125,78,233,224,9,0.97,226
2025-11-15,2025-11-15,11,日勤,27,143,70,240,237,3,0.971,233
2025-11-15,2025-11-15,12,日勤,28,107,72,207,199,8,0.937,194
2025-11-15,2025-11-15,13,日勤,31,135,72,238,224,14,0.916,218
2025-11-15,2025-11-15,14,日勤,32,140,77,249,237,12,0.948,236
2025-11-15,2025-11-15,15,日勤,26,129,65,220,217,3,0.918,202
2025-11-15,2025-11-15,16,日勤,30,109,60,199,197,2,0.91,181
2025-11-15,2025-11-15,17,日勤,21,99,46,166,172,-6,0.97,161
2025-11-15,2025-11-15,18,日勤,17,69,39,125,134,-9,0.92,115
2025-11-15,2025-11-15,19,日勤,11,52,33,96,97,-1,0.948,91
2025-11-15,2025-11-15,20,夜勤,9,49,45,103,101,2,0.922,95
2025-11-15,2025-11-15,21,夜勤,6,35,35,76,79,-3,0.947,72
2025-11-15,2025-11-15,22,夜勤,3,36,29,68,69,-1,0.941,64
2025-11-15,2025-11-15,23,夜勤,3,27,22,52,49,3,0.904,47
2025-11-16,2025-11-15,0,夜勤,1,26,23,50,48,2,0.98,49
2025-11-16,2025-11-15,1,夜勤,1,12,15,28,28,0,0.857,24
2025-11-16,2025-11-15,2,夜勤,1,12,14,27,28,-1,0.926,25
2025-11-16,2025-11-15,3,夜勤,2,12,13,27,28,-1,0.963,26
2025-11-16,2025-11-15,4,夜勤,1,12,15,28,28,0,0.964,27
2025-11-16,2025-11-15,5,夜勤,1,13,20,34,35,-1,0.971,33
2025-11-16,2025-11-15,6,夜勤,1,24,29,54,55,-1,0.944,51
2025-11-16,2025-11-15,7,夜勤,1,38,33,72,74,-2,0.931,67
2025-11-16,2025-11-15,8,夜勤,1,52,42,95,94,1,0.905,86
2025-11-16,2025-11-16,9,日勤,15,70,59,144,146,-2,0.958,138
2025-11-16,2025-11-16,10,日勤,27,113,65,205,224,-19,0.932,191
2025-11-16,2025-11-16,11,日勤,29,129,67,225,237,-12,0.951,214
2025-11-16,2025-11-16,12,日勤,29,108,66,203,199,4,0.901,183
2025-11-16,2025-11-16,13,日勤,31,129,72,232,224,8,0.948,220
2025-11-16,2025-11-16,14,日勤,27,147,65,239,237,2,0.904,216
2025-11-16,2025-11-16,15,日勤,27,119,61,207,217,-10,0.976,202
2025-11-16,2025-11-16,16,日勤,26,108,54,188,197,-9,0.91,171
2025-11-16,2025-11-16,17,日勤,21,100,54,175,172,3,0.96,168
2025-11-16,2025-11-16,18,日勤,17,78,40,135,134,1,0.904,122
2025-11-16,2025-11-16,19,日勤,12,49,38,99,97,2,0.97,96
2025-11-16,2025-11-16,20,夜勤,9,45,44,98,101,-3,0.959,94
2025-11-16,2025-11-16,21,夜勤,6,39,39,84,79,5,0.917,77
2025-11-16,2025-11-16,22,夜勤,3,39,28,70,69,1,0.914,64
2025-11-16,2025-11-16,23,夜勤,3,25,23,51,49,2,0.98,50
2025-11-17,2025-11-16,0,夜勤,2,26,23,51,48,3,0.922,47
2025-11-17,2025-11-16,1,夜勤,1,12,14,27,28,-1,0.852,23
2025-11-17,2025-11-16,2,夜勤,1,11,15,27,28,-1,0.963,26
2025-11-17,2025-11-16,3,夜勤,1,12,14,27,28,-1,0.926,25
2025-11-17,2025-11-16,4,夜勤,1,12,16,29,28,1,0.966,28
2025-11-17,2025-11-16,5,夜勤,1,11,23,35,35,0,0.914,32
2025-11-17,2025-11-16,6,夜勤,1,27,29,57,55,2,0.947,54
2025-11-17,2025-11-16,7,夜勤,2,35,39,76,74,2,0.882,67
2025-11-17,2025-11-16,8,夜勤,1,50,41,92,94,-2,0.913,84
2025-11-17,2025-11-17,9,日勤,15,75,60,150,146,4,0.967,145
2025-11-17,2025-11-17,10,日勤,28,126,67,221,224,-3,0.977,216
2025-11-17,2025-11-17,11,日勤,27,123,68,218,237,-19,0.931,203
2025-11-17,2025-11-17,12,日勤,27,108,76,211,199,12,0.948,200
2025-11-17,2025-11-17,13,日勤,30,131,72,233,224,9,0.923,215
2025-11-17,2025-11-17,14,日勤,27,141,66,234,237,-3,0.915,214
2025-11-17,2025-11-17,15,日勤,31,113,65,209,217,-8,0.923,193
2025-11-17,2025-11-17,16,日勤,26,107,55,188,197,-9,0.973,183
2025-11-17,2025-11-17,17,日勤,23,98,55,176,172,4,0.932,164
2025-11-17,2025-11-17,18,日勤,18,77,40,135,134,1,0.978,132
2025-11-17,2025-11-17,19,日勤,11,49,35,95,97,-2,0.979,93
2025-11-17,2025-11-17,20,夜勤,8,47,43,98,101,-3,0.929,91
2025-11-17,2025-11-17,21,夜勤,6,38,32,76,79,-3,0.908,69
2025-11-17,2025-11-17,22,夜勤,3,40,30,73,69,4,0.932,68
2025-11-17,2025-11-17,23,夜勤,3,27,22,52,49,3,0.942,49
2025-11-18,2025-11-17,0,夜勤,1,22,22,45,48,-3,0.933,42
2025-11-18,2025-11-17,1,夜勤,1,13,15,29,28,1,0.897,26
2025-11-18,2025-11-17,2,夜勤,1,12,13,26,28,-2,0.962,25
2025-11-18,2025-11-17,3,夜勤,1,12,16,29,28,1,0.966,28
2025-11-18,2025-11-17,4,夜勤,1,13,16,30,28,2,0.9,27
2025-11-18,2025-11-17,5,夜勤,1,12,23,36,35,1,0.917,33
2025-11-18,2025-11-17,6,夜勤,2,25,28,55,55,0,0.982,54
2025-11-18,2025-11-17,7,夜勤,1,36,38,75,74,1,0.907,68
2025-11-18,2025-11-17,8,夜勤,2,51,45,98,94,4,0.969,95
2025-11-18,2025-11-18,9,日勤,15,74,61,150,146,4,0.973,146
2025-11-18,2025-11-18,10,日勤,27,129,78,234,224,10,0.979,229
2025-11-18,2025-11-18,11,日勤,28,144,71,243,237,6,0.963,234
2025-11-18,2025-11-18,12,日勤,30,105,76,211,199,12,0.948,200
2025-11-18,2025-11-18,13,日勤,29,120,76,225,224,1,0.947,213
2025-11-18,2025-11-18,14,日勤,29,123,70,222,237,-15,0.937,208
2025-11-18,2025-11-18,15,日勤,30,135,65,230,217,13,0.974,224
2025-11-18,2025-11-18,16,日勤,30,113,56,199,197,2,0.925,184
2025-11-18,2025-11-18,17,日勤,25,99,53,177,172,5,0.972,172
2025-11-18,2025-11-18,18,日勤,17,81,43,141,134,7,0.936,132
2025-11-18,2025-11-18,19,日勤,12,46,33,91,97,-6,0.923,84
2025-11-18,2025-11-18,20,夜勤,8,47,45,100,101,-1,0.94,94
2025-11-18,2025-11-18,21,夜勤,6,39,32,77,79,-2,0.948,73
2025-11-18,2025-11-18,22,夜勤,3,34,31,68,69,-1,0.912,62
2025-11-18,2025-11-18,23,夜勤,3,25,21,49,49,0,0.959,47
2025-11-19,2025-11-18,0,夜勤,1,23,23,47,48,-1,0.957,45
2025-11-19,2025-11-18,1,夜勤,1,12,15,28,28,0,0.929,26
2025-11-19,2025-11-18,2,夜勤,1,13,15,29,28,1,0.897,26
2025-11-19,2025-11-18,3,夜勤,1,12,14,27,28,-1,0.963,26
2025-11-19,2025-11-18,4,夜勤,1,13,13,27,28,-1,0.963,26
2025-11-19,2025-11-18,5,夜勤,1,13,21,35,35,0,0.971,34
2025-11-19,2025-11-18,6,夜勤,1,25,31,57,55,2,0.947,54
2025-11-19,2025-11-18,7,夜勤,1,41,34,76,74,2,0.908,69
2025-11-19,2025-11-18,8,夜勤,1,47,42,90,94,-4,0.956,86
2025-11-19,2025-11-19,9,日勤,13,68,63,144,146,-2,0.903,130
2025-11-19,2025-11-19,10,日勤,27,115,76,218,224,-6,0.927,202
2025-11-19,2025-11-19,11,日勤,30,145,70,245,237,8,0.931,228
2025-11-19,2025-11-19,12,日勤,31,93,75,199,199,0,0.94,187
2025-11-19,2025-11-19,13,日勤,30,134,72,236,224,12,0.924,218
2025-11-19,2025-11-19,14,日勤,31,134,74,239,237,2,0.946,226
2025-11-19,2025-11-19,15,日勤,29,114,58,201,217,-16,0.94,189
2025-11-19,2025-11-19,16,日勤,29,117,60,206,197,9,0.893,184
2025-11-19,2025-11-19,17,日勤,25,99,46,170,172,-2,0.906,154
2025-11-19,2025-11-19,18,日勤,16,82,40,138,134,4,0.92,127
2025-11-19,2025-11-19,19,日勤,12,46,35,93,97,-4,0.957,89
2025-11-19,2025-11-19,20,夜勤,8,50,46,104,101,3,0.856,89
2025-11-19,2025-11-19,21,夜勤,5,38,34,77,79,-2,0.948,73
2025-11-19,2025-11-19,22,夜勤,3,35,30,68,69,-1,0.941,64
2025-11-19,2025-11-19,23,夜勤,3,25,21,49,49,0,0.898,44
2025-11-20,2025-11-19,0,夜勤,1,27,20,48,48,0,0.917,44
2025-11-20,2025-11-19,1,夜勤,1,12,14,27,28,-1,0.926,25
2025-11-20,2025-11-19,2,夜勤,2,13,15,30,28,2,0.933,28
2025-11-20,2025-11-19,3,夜勤,1,11,15,27,28,-1,0.963,26
2025-11-20,2025-11-19,4,夜勤,1,13,14,28,28,0,0.929,26
2025-11-20,2025-11-19,5,夜勤,1,13,19,33,35,-2,0.909,30
2025-11-20,2025-11-19,6,夜勤,1,24,26,51,55,-4,0.941,48
2025-11-20,2025-11-19,7,夜勤,2,36,39,77,74,3,0.922,71
2025-11-20,2025-11-19,8,夜勤,1,50,45,96,94,2,0.979,94
2025-11-20,2025-11-20,9,日勤,13,77,55,145,146,-1,0.903,131
2025-11-20,2025-11-20,10,日勤,26,132,78,236,224,12,0.949,224
2025-11-20,2025-11-20,11,日勤,30,144,68,242,237,5,0.942,228
2025-11-20,2025-11-20,12,日勤,26,107,66,199,199,0,0.93,185
2025-11-20,2025-11-20,13,日勤,31,130,68,229,224,5,0.965,221
2025-11-20,2025-11-20,14,日勤,30,149,73,252,237,15,0.972,245
2025-11-20,2025-11-20,15,日勤,31,126,69,226,217,9,0.947,214
2025-11-20,2025-11-20,16,日勤,28,112,56,196,197,-1,0.923,181
2025-11-20,2025-11-20,17,日勤,24,92,51,167,172,-5,0.964,161
2025-11-20,2025-11-20,18,日勤,18,71,43,132,134,-2,0.977,129
2025-11-20,2025-11-20,19,日勤,12,47,33,92,97,-5,0.946,87
2025-11-20,2025-11-20,20,夜勤,9,48,41,98,101,-3,0.694,68
2025-11-20,2025-11-20,21,夜勤,6,34,38,78,79,-1,0.667,52
2025-11-20,2025-11-20,22,夜勤,3,36,26,65,69,-4,0.677,44
2025-11-20,2025-11-20,23,夜勤,3,24,23,50,49,1,0.6,30
2025-11-21,2025-11-20,0,夜勤,2,27,22,51,48,3,0.608,31
2025-11-21,2025-11-20,1,夜勤,1,13,14,28,28,0,0.679,19
2025-11-21,2025-11-20,2,夜勤,1,14,14,29,28,1,0.655,19
2025-11-21,2025-11-20,3,夜勤,1,13,14,28,28,0,0.679,19
2025-11-21,2025-11-20,4,夜勤,1,12,14,27,28,-1,0.63,17
2025-11-21,2025-11-20,5,夜勤,2,11,22,35,35,0,0.6,21
2025-11-21,2025-11-20,6,夜勤,2,27,28,57,55,2,0.632,36
2025-11-21,2025-11-20,7,夜勤,1,38,38,77,74,3,0.662,51
2025-11-21,2025-11-20,8,夜勤,1,47,42,90,94,-4,0.644,58
2025-11-21,2025-11-21,9,日勤,14,76,62,152,146,6,0.934,142
2025-11-21,2025-11-21,10,日勤,31,122,78,231,224,7,0.931,215
2025-11-21,2025-11-21,11,日勤,28,142,68,238,237,1,0.861,205
2025-11-21,2025-11-21,12,日勤,30,108,77,215,199,16,0.912,196
2025-11-21,2025-11-21,13,日勤,29,122,71,222,224,-2,0.964,214
2025-11-21,2025-11-21,14,日勤,29,143,65,237,237,0,0.92,218
2025-11-21,2025-11-21,15,日勤,30,133,61,224,217,7,0.973,218
2025-11-21,2025-11-21,16,日勤,27,107,59,193,197,-4,0.86,166
2025-11-21,2025-11-21,17,日勤,22,91,53,166,172,-6,0.946,157
2025-11-21,2025-11-21,18,日勤,16,71,41,128,134,-6,0.914,117
2025-11-21,2025-11-21,19,日勤,11,49,37,97,97,0,0.897,87
2025-11-21,2025-11-21,20,夜勤,9,47,45,101,101,0,0.95,96
2025-11-21,2025-11-21,21,夜勤,6,35,36,77,79,-2,0.961,74
2025-11-21,2025-11-21,22,夜勤,3,37,29,69,69,0,0.884,61
2025-11-21,2025-11-21,23,夜勤,3,25,23,51,49,2,0.922,47
2025-11-22,2025-11-21,0,夜勤,1,23,21,45,48,-3,0.956,43
2025-11-22,2025-11-21,1,夜勤,1,12,13,26,28,-2,0.923,24
2025-11-22,2025-11-21,2,夜勤,1,12,14,27,28,-1,0.963,26
2025-11-22,2025-11-21,3,夜勤,1,13,14,28,28,0,0.857,24
2025-11-22,2025-11-21,4,夜勤,2,13,14,29,28,1,0.966,28
2025-11-22,2025-11-21,5,夜勤,1,12,22,35,35,0,0.943,33
2025-11-22,2025-11-21,6,夜勤,2,24,30,56,55,1,0.929,52
2025-11-22,2025-11-21,7,夜勤,2,39,38,79,74,5,0.899,71
2025-11-22,2025-11-21,8,夜勤,1,52,47,100,94,6,0.96,96
2025-11-22,2025-11-22,9,日勤,14,68,57,139,146,-7,0.971,135
2025-11-22,2025-11-22,10,日勤,27,124,73,224,224,0,0.946,212
2025-11-22,2025-11-22,11,日勤,27,128,77,232,237,-5,0.927,215
2025-11-22,2025-11-22,12,日勤,29,106,76,211,199,12,0.915,193
2025-11-22,2025-11-22,13,日勤,28,121,70,219,224,-5,0.941,206
2025-11-22,2025-11-22,14,日勤,28,150,72,250,237,13,0.904,226
2025-11-22,2025-11-22,15,日勤,30,125,70,225,217,8,0.924,208
2025-11-22,2025-11-22,16,日勤,28,120,57,205,197,8,0.976,200
2025-11-22,2025-11-22,17,日勤,24,94,51,169,172,-3,0.947,160
2025-11-22,2025-11-22,18,日勤,18,79,46,143,134,9,0.916,131
2025-11-22,2025-11-22,19,日勤,12,48,34,94,97,-3,0.947,89
2025-11-22,2025-11-22,20,夜勤,8,46,39,93,101,-8,0.914,85
2025-11-22,2025-11-22,21,夜勤,6,37,37,80,79,1,0.963,77
2025-11-22,2025-11-22,22,夜勤,3,39,31,73,69,4,0.959,70
2025-11-22,2025-11-22,23,夜勤,3,24,20,47,49,-2,0.872,41
2025-11-23,2025-11-22,0,夜勤,1,25,23,49,48,1,0.918,45
2025-11-23,2025-11-22,1,夜勤,1,12,15,28,28,0,0.964,27
2025-11-23,2025-11-22,2,夜勤,1,12,15,28,28,0,0.929,26
2025-11-23,2025-11-22,3,夜勤,1,13,14,28,28,0,0.964,27
2025-11-23,2025-11-22,4,夜勤,1,12,13,26,28,-2,0.962,25
2025-11-23,2025-11-22,5,夜勤,1,12,21,34,35,-1,0.971,33
2025-11-23,2025-11-22,6,夜勤,2,23,26,51,55,-4,0.961,49
2025-11-23,2025-11-22,7,夜勤,1,40,36,77,74,3,0.922,71
2025-11-23,2025-11-22,8,夜勤,1,48,45,94,94,0,0.968,91
2025-11-23,2025-11-23,9,日勤,14,77,53,144,146,-2,0.924,133
2025-11-23,2025-11-23,10,日勤,26,132,78,236,224,12,0.928,219
2025-11-23,2025-11-23,11,日勤,26,127,64,217,237,-20,0.926,201
2025-11-23,2025-11-23,12,日勤,30,108,69,207,199,8,0.932,193
2025-11-23,2025-11-23,13,日勤,30,126,77,233,224,9,0.923,215
2025-11-23,2025-11-23,14,日勤,29,148,67,244,237,7,0.971,237
2025-11-23,2025-11-23,15,日勤,30,119,61,210,217,-7,0.929,195
2025-11-23,2025-11-23,16,日勤,30,115,62,207,197,10,0.918,190
2025-11-23,2025-11-23,17,日勤,22,95,47,164,172,-8,0.976,160
2025-11-23,2025-11-23,18,日勤,16,69,43,128,134,-6,0.977,125
2025-11-23,2025-11-23,19,日勤,11,49,39,99,97,2,0.98,97
2025-11-23,2025-11-23,20,夜勤,9,51,41,101,101,0,0.911,92
2025-11-23,2025-11-23,21,夜勤,5,35,38,78,79,-1,0.974,76
2025-11-23,2025-11-23,22,夜勤,3,38,30,71,69,2,0.915,65
2025-11-23,2025-11-23,23,夜勤,3,26,23,52,49,3,0.962,50
2025-11-24,2025-11-23,0,夜勤,1,24,21,46,48,-2,0.935,43
2025-11-24,2025-11-23,1,夜勤,1,12,14,27,28,-1,0.926,25
2025-11-24,2025-11-23,2,夜勤,1,12,14,27,28,-1,0.963,26
2025-11-24,2025-11-23,3,夜勤,1,12,13,26,28,-2,0.923,24
2025-11-24,2025-11-23,4,夜勤,1,13,15,29,28,1,0.931,27
2025-11-24,2025-11-23,5,夜勤,1,12,23,36,35,1,0.917,33
2025-11-24,2025-11-23,6,夜勤,1,25,28,54,55,-1,0.963,52
2025-11-24,2025-11-23,7,夜勤,1,35,38,74,74,0,0.959,71
2025-11-24,2025-11-23,8,夜勤,1,50,42,93,94,-1,0.849,79
2025-11-24,2025-11-24,9,日勤,15,80,55,150,146,4,0.933,140
2025-11-24,2025-11-24,10,日勤,30,136,64,230,224,6,0.904,208
2025-11-24,2025-11-24,11,日勤,30,136,73,239,237,2,0.908,217
2025-11-24,2025-11-24,12,日勤,28,96,69,193,199,-6,0.907,175
2025-11-24,2025-11-24,13,日勤,27,133,73,233,224,9,0.97,226
2025-11-24,2025-11-24,14,日勤,28,134,66,228,237,-9,0.965,220
2025-11-24,2025-11-24,15,日勤,26,128,62,216,217,-1,0.921,199
2025-11-24,2025-11-24,16,日勤,26,107,63,196,197,-1,0.913,179
2025-11-24,2025-11-24,17,日勤,23,108,49,180,172,8,0.933,168
2025-11-24,2025-11-24,18,日勤,16,77,39,132,134,-2,0.955,126
2025-11-24,2025-11-24,19,日勤,12,53,38,103,97,6,0.981,101
2025-11-24,2025-11-24,20,夜勤,8,52,44,104,101,3,0.923,96
2025-11-24,2025-11-24,21,夜勤,6,40,34,80,79,1,0.975,78
2025-11-24,2025-11-24,22,夜勤,3,37,26,66,69,-3,0.985,65
2025-11-24,2025-11-24,23,夜勤,3,26,23,52,49,3,0.942,49
2025-11-25,2025-11-24,0,夜勤,2,25,20,47,48,-1,0.936,44
2025-11-25,2025-11-24,1,夜勤,1,13,14,28,28,0,0.929,26
2025-11-25,2025-11-24,2,夜勤,1,12,15,28,28,0,0.929,26
2025-11-25,2025-11-24,3,夜勤,1,12,13,26,28,-2,0.962,25
2025-11-25,2025-11-24,4,夜勤,1,12,15,28,28,0,0.893,25
2025-11-25,2025-11-24,5,夜勤,1,12,24,37,35,2,0.946,35
2025-11-25,2025-11-24,6,夜勤,1,23,28,52,55,-3,0.865,45
2025-11-25,2025-11-24,7,夜勤,2,37,36,75,74,1,0.947,71
2025-11-25,2025-11-24,8,夜勤,2,53,40,95,94,1,0.884,84
2025-11-25,2025-11-25,9,日勤,14,74,56,144,146,-2,0.965,139
2025-11-25,2025-11-25,10,日勤,27,119,76,222,224,-2,0.964,214
2025-11-25,2025-11-25,11,日勤,31,147,78,256,237,19,0.918,235
2025-11-25,2025-11-25,12,日勤,30,92,78,200,199,1,0.98,196
2025-11-25,2025-11-25,13,日勤,30,124,67,221,224,-3,0.919,203
2025-11-25,2025-11-25,14,日勤,30,138,78,246,237,9,0.967,238
2025-11-25,2025-11-25,15,日勤,26,131,64,221,217,4,0.973,215
2025-11-25,2025-11-25,16,日勤,30,107,52,189,197,-8,0.958,181
2025-11-25,2025-11-25,17,日勤,24,90,47,161,172,-11,0.913,147
2025-11-25,2025-11-25,18,日勤,17,69,45,131,134,-3,0.954,125
2025-11-25,2025-11-25,19,日勤,11,53,37,101,97,4,0.911,92
2025-11-25,2025-11-25,20,夜勤,9,47,43,99,101,-2,0.929,92
2025-11-25,2025-11-25,21,夜勤,6,38,37,81,79,2,0.963,78
2025-11-25,2025-11-25,22,夜勤,3,40,27,70,69,1,0.914,64
2025-11-25,2025-11-25,23,夜勤,3,25,22,50,49,1,0.94,47
2025-11-26,2025-11-25,0,夜勤,2,23,22,47,48,-1,0.915,43
2025-11-26,2025-11-25,1,夜勤,2,12,15,29,28,1,0.897,26
2025-11-26,2025-11-25,2,夜勤,2,11,15,28,28,0,0.929,26
2025-11-26,2025-11-25,3,夜勤,1,12,15,28,28,0,0.964,27
2025-11-26,2025-11-25,4,夜勤,2,13,13,28,28,0,0.929,26
2025-11-26,2025-11-25,5,夜勤,2,13,20,35,35,0,0.943,33
2025-11-26,2025-11-25,6,夜勤,1,23,29,53,55,-2,0.925,49
2025-11-26,2025-11-25,7,夜勤,1,37,33,71,74,-3,0.901,64
2025-11-26,2025-11-25,8,夜勤,1,54,41,96,94,2,0.927,89
2025-11-26,2025-11-26,9,日勤,14,72,60,146,146,0,0.925,135
2025-11-26,2025-11-26,10,日勤,28,112,76,216,224,-8,0.931,201
2025-11-26,2025-11-26,11,日勤,31,133,65,229,237,-8,0.952,218
2025-11-26,2025-11-26,12,日勤,31,102,73,206,199,7,0.913,188
2025-11-26,2025-11-26,13,日勤,29,130,70,229,224,5,0.969,222
2025-11-26,2025-11-26,14,日勤,31,138,71,240,237,3,0.967,232
2025-11-26,2025-11-26,15,日勤,26,135,68,229,217,12,0.939,215
2025-11-26,2025-11-26,16,日勤,29,122,61,212,197,15,0.943,200
2025-11-26,2025-11-26,17,日勤,23,101,54,178,172,6,0.966,172
2025-11-26,2025-11-26,18,日勤,18,77,42,137,134,3,0.942,129
2025-11-26,2025-11-26,19,日勤,12,52,34,98,97,1,0.847,83
2025-11-26,2025-11-26,20,夜勤,8,49,41,98,101,-3,0.949,93
2025-11-26,2025-11-26,21,夜勤,6,36,37,79,79,0,0.975,77
2025-11-26,2025-11-26,22,夜勤,3,36,30,69,69,0,0.957,66
2025-11-26,2025-11-26,23,夜勤,3,24,22,49,49,0,0.918,45
2025-11-27,2025-11-26,0,夜勤,1,26,22,49,48,1,0.959,47
2025-11-27,2025-11-26,1,夜勤,1,12,14,27,28,-1,0.926,25
2025-11-27,2025-11-26,2,夜勤,1,11,13,25,28,-3,0.92,23
2025-11-27,2025-11-26,3,夜勤,2,12,14,28,28,0,0.929,26
2025-11-27,2025-11-26,4,夜勤,1,11,14,26,28,-2,0.923,24
2025-11-27,2025-11-26,5,夜勤,2,11,23,36,35,1,0.917,33
2025-11-27,2025-11-26,6,夜勤,1,26,31,58,55,3,0.966,56
2025-11-27,2025-11-26,7,夜勤,2,39,37,78,74,4,0.91,71
2025-11-27,2025-11-26,8,夜勤,2,48,41,91,94,-3,0.956,87
2025-11-27,2025-11-27,9,日勤,15,73,52,140,146,-6,0.964,135
2025-11-27,2025-11-27,10,日勤,31,127,73,231,224,7,0.905,209
2025-11-27,2025-11-27,11,日勤,31,148,69,248,237,11,0.952,236
2025-11-27,2025-11-27,12,日勤,27,106,68,201,199,2,0.95,191
2025-11-27,2025-11-27,13,日勤,32,134,77,243,224,19,0.942,229
2025-11-27,2025-11-27,14,日勤,31,128,74,233,237,-4,0.944,220
2025-11-27,2025-11-27,15,日勤,31,129,70,230,217,13,0.93,214
2025-11-27,2025-11-27,16,日勤,29,114,56,199,197,2,0.955,190
2025-11-27,2025-11-27,17,日勤,24,97,53,174,172,2,0.897,156
2025-11-27,2025-11-27,18,日勤,16,73,44,133,134,-1,0.917,122
2025-11-27,2025-11-27,19,日勤,11,51,32,94,97,-3,0.915,86
2025-11-27,2025-11-27,20,夜勤,9,50,41,100,101,-1,0.92,92
2025-11-27,2025-11-27,21,夜勤,6,37,38,81,79,2,0.914,74
2025-11-27,2025-11-27,22,夜勤,3,40,29,72,69,3,0.944,68
2025-11-27,2025-11-27,23,夜勤,3,25,23,51,49,2,0.902,46
2025-11-28,2025-11-27,0,夜勤,1,23,20,44,48,-4,0.955,42
2025-11-28,2025-11-27,1,夜勤,1,13,15,29,28,1,0.862,25
2025-11-28,2025-11-27,2,夜勤,1,13,13,27,28,-1,0.926,25
2025-11-28,2025-11-27,3,夜勤,1,13,16,30,28,2,0.967,29
2025-11-28,2025-11-27,4,夜勤,1,12,15,28,28,0,0.964,27
2025-11-28,2025-11-27,5,夜勤,1,12,21,34,35,-1,0.912,31
2025-11-28,2025-11-27,6,夜勤,2,23,26,51,55,-4,0.961,49
2025-11-28,2025-11-27,7,夜勤,1,34,38,73,74,-1,0.918,67
2025-11-28,2025-11-27,8,夜勤,1,45,45,91,94,-3,0.934,85
2025-11-28,2025-11-28,9,日勤,16,76,56,148,146,2,0.946,140
2025-11-28,2025-11-28,10,日勤,29,112,72,213,224,-11,0.939,200
2025-11-28,2025-11-28,11,日勤,29,134,78,241,237,4,0.967,233
2025-11-28,2025-11-28,12,日勤,28,106,68,202,199,3,0.97,196
2025-11-28,2025-11-28,13,日勤,28,124,74,226,224,2,0.907,205
2025-11-28,2025-11-28,14,日勤,28,144,65,237,237,0,0.911,216
2025-11-28,2025-11-28,15,日勤,27,134,69,230,217,13,0.904,208
2025-11-28,2025-11-28,16,日勤,29,121,61,211,197,14,0.872,184
2025-11-28,2025-11-28,17,日勤,21,100,51,172,172,0,0.977,168
2025-11-28,2025-11-28,18,日勤,18,78,43,139,134,5,0.849,118
2025-11-28,2025-11-28,19,日勤,12,52,36,100,97,3,0.95,95
2025-11-28,2025-11-28,20,夜勤,9,52,41,102,101,1,0.941,96
2025-11-28,2025-11-28,21,夜勤,6,36,38,80,79,1,0.925,74
2025-11-28,2025-11-28,22,夜勤,3,37,26,66,69,-3,0.985,65
2025-11-28,2025-11-28,23,夜勤,3,24,21,48,49,-1,0.979,47
2025-11-29,2025-11-28,0,夜勤,1,24,21,46,48,-2,0.957,44
2025-11-29,2025-11-28,1,夜勤,1,12,16,29,28,1,0.966,28
2025-11-29,2025-11-28,2,夜勤,1,13,15,29,28,1,0.897,26
2025-11-29,2025-11-28,3,夜勤,1,13,14,28,28,0,0.929,26
2025-11-29,2025-11-28,4,夜勤,1,13,13,27,28,-1,0.926,25
2025-11-29,2025-11-28,5,夜勤,2,11,20,33,35,-2,0.97,32
2025-11-29,2025-11-28,6,夜勤,2,25,28,55,55,0,0.945,52
2025-11-29,2025-11-28,7,夜勤,2,38,39,79,74,5,0.937,74
2025-11-29,2025-11-28,8,夜勤,1,51,41,93,94,-1,0.871,81
2025-11-29,2025-11-29,9,日勤,14,80,54,148,146,2,0.939,139
2025-11-29,2025-11-29,10,日勤,30,119,72,221,224,-3,0.941,208
2025-11-29,2025-11-29,11,日勤,30,143,69,242,237,5,0.921,223
2025-11-29,2025-11-29,12,日勤,31,105,69,205,199,6,0.907,186
2025-11-29,2025-11-29,13,日勤,29,114,64,207,224,-17,0.932,193
2025-11-29,2025-11-29,14,日勤,29,149,75,253,237,16,0.937,237
2025-11-29,2025-11-29,15,日勤,28,136,69,233,217,16,0.931,217
2025-11-29,2025-11-29,16,日勤,26,112,59,197,197,0,0.909,179
2025-11-29,2025-11-29,17,日勤,25,92,47,164,172,-8,0.921,151
2025-11-29,2025-11-29,18,日勤,16,80,45,141,134,7,0.957,135
2025-11-29,2025-11-29,19,日勤,12,52,37,101,97,4,0.911,92
2025-11-29,2025-11-29,20,夜勤,8,52,44,104,101,3,0.962,100
2025-11-29,2025-11-29,21,夜勤,5,35,35,75,79,-4,0.947,71
2025-11-29,2025-11-29,22,夜勤,3,37,31,71,69,2,0.93,66
2025-11-29,2025-11-29,23,夜勤,3,25,22,50,49,1,0.94,47
2025-11-30,2025-11-29,0,夜勤,1,24,21,46,48,-2,0.935,43
2025-11-30,2025-11-29,1,夜勤,1,14,15,30,28,2,0.967,29
2025-11-30,2025-11-29,2,夜勤,1,11,14,26,28,-2,0.923,24
2025-11-30,2025-11-29,3,夜勤,1,13,13,27,28,-1,0.963,26
2025-11-30,2025-11-29,4,夜勤,2,11,14,27,28,-1,0.889,24
2025-11-30,2025-11-29,5,夜勤,1,13,23,37,35,2,0.892,33
2025-11-30,2025-11-29,6,夜勤,1,23,31,55,55,0,0.982,54
2025-11-30,2025-11-29,7,夜勤,1,39,36,76,74,2,0.908,69
2025-11-30,2025-11-29,8,夜勤,1,48,44,93,94,-1,0.935,87
2025-11-30,2025-11-30,9,日勤,13,67,62,142,146,-4,0.923,131
2025-11-30,2025-11-30,10,日勤,29,114,68,211,224,-13,0.976,206
2025-11-30,2025-11-30,11,日勤,26,147,68,241,237,4,0.946,228
2025-11-30,2025-11-30,12,日勤,29,101,72,202,199,3,0.96,194
2025-11-30,2025-11-30,13,日勤,30,135,76,241,224,17,0.913,220
2025-11-30,2025-11-30,14,日勤,29,136,67,232,237,-5,0.918,213
2025-11-30,2025-11-30,15,日勤,30,122,66,218,217,1,0.908,198
2025-11-30,2025-11-30,16,日勤,28,123,58,209,197,12,0.947,198
2025-11-30,2025-11-30,17,日勤,23,91,51,165,172,-7,0.982,162
2025-11-30,2025-11-30,18,日勤,17,74,39,130,134,-4,0.962,125
2025-11-30,2025-11-30,19,日勤,11,51,39,101,97,4,0.941,95
2025-11-30,2025-11-30,20,夜勤,9,46,45,100,101,-1,0.96,96
2025-11-30,2025-11-30,21,夜勤,6,35,34,75,79,-4,0.933,70
2025-11-30,2025-11-30,22,夜勤,3,37,30,70,69,1,0.957,67
2025-11-30,2025-11-30,23,夜勤,3,27,22,52,49,3,0.904,47
2025-12-01,2025-11-30,0,夜勤,1,23,22,46,48,-2,0.935,43
2025-12-01,2025-11-30,1,夜勤,1,13,14,28,28,0,0.893,25
2025-12-01,2025-11-30,2,夜勤,1,13,13,27,28,-1,0.889,24
2025-12-01,2025-11-30,3,夜勤,2,12,14,28,28,0,0.929,26
2025-12-01,2025-11-30,4,夜勤,1,12,15,28,28,0,0.857,24
2025-12-01,2025-11-30,5,夜勤,1,12,21,34,35,-1,0.912,31
2025-12-01,2025-11-30,6,夜勤,1,23,27,51,55,-4,0.902,46
2025-12-01,2025-11-30,7,夜勤,2,36,34,72,74,-2,0.944,68
2025-12-01,2025-11-30,8,夜勤,2,49,39,90,94,-4,0.867,78
2025-12-01,2025-12-01,9,日勤,14,78,59,151,146,5,0.94,142
2025-12-01,2025-12-01,10,日勤,29,129,72,230,224,6,0.965,222
2025-12-01,2025-12-01,11,日勤,29,142,73,244,237,7,0.914,223
2025-12-01,2025-12-01,12,日勤,29,106,68,203,199,4,0.956,194
2025-12-01,2025-12-01,13,日勤,31,113,71,215,224,-9,0.967,208
2025-12-01,2025-12-01,14,日勤,29,145,76,250,237,13,0.976,244
2025-12-01,2025-12-01,15,日勤,27,113,68,208,217,-9,0.899,187
2025-12-01,2025-12-01,16,日勤,26,114,52,192,197,-5,0.932,179
2025-12-01,2025-12-01,17,日勤,24,92,49,165,172,-7,0.945,156
2025-12-01,2025-12-01,18,日勤,16,70,40,126,134,-8,0.968,122
2025-12-01,2025-12-01,19,日勤,12,48,34,94,97,-3,0.936,88
2025-12-01,2025-12-01,20,夜勤,8,49,47,104,101,3,0.942,98
2025-12-01,2025-12-01,21,夜勤,6,40,38,84,79,5,0.964,81
2025-12-01,2025-12-01,22,夜勤,3,40,31,74,69,5,0.946,70
2025-12-01,2025-12-01,23,夜勤,3,23,23,49,49,0,0.98,48
2025-12-02,2025-12-01,0,夜勤,1,23,24,48,48,0,0.958,46
2025-12-02,2025-12-01,1,夜勤,2,13,14,29,28,1,0.931,27
2025-12-02,2025-12-01,2,夜勤,1,13,15,29,28,1,0.966,28
2025-12-02,2025-12-01,3,夜勤,1,11,15,27,28,-1,0.926,25
2025-12-02,2025-12-01,4,夜勤,1,13,13,27,28,-1,0.889,24
2025-12-02,2025-12-01,5,夜勤,1,12,22,35,35,0,0.914,32
2025-12-02,2025-12-01,6,夜勤,1,23,31,55,55,0,0.982,54
2025-12-02,2025-12-01,7,夜勤,1,40,35,76,74,2,0.882,67
2025-12-02,2025-12-01,8,夜勤,1,46,42,89,94,-5,0.91,81
2025-12-02,2025-12-02,9,日勤,14,73,62,149,146,3,0.919,137
2025-12-02,2025-12-02,10,日勤,31,127,78,236,224,12,0.949,224
2025-12-02,2025-12-02,11,日勤,27,123,77,227,237,-10,0.907,206
2025-12-02,2025-12-02,12,日勤,31,104,69,204,199,5,0.956,195
2025-12-02,2025-12-02,13,日勤,29,126,72,227,224,3,0.947,215
2025-12-02,2025-12-02,14,日勤,29,140,65,234,237,-3,0.97,227
2025-12-02,2025-12-02,15,日勤,27,123,62,212,217,-5,0.91,193
2025-12-02,2025-12-02,16,日勤,27,103,62,192,197,-5,0.906,174
2025-12-02,2025-12-02,17,日勤,25,94,46,165,172,-7,0.964,159
2025-12-02,2025-12-02,18,日勤,18,78,44,140,134,6,0.929,130
2025-12-02,2025-12-02,19,日勤,11,51,36,98,97,1,0.949,93
2025-12-02,2025-12-02,20,夜勤,8,47,43,98,101,-3,0.898,88
2025-12-02,2025-12-02,21,夜勤,6,36,36,78,79,-1,0.974,76
2025-12-02,2025-12-02,22,夜勤,3,34,31,68,69,-1,0.912,62
2025-12-02,2025-12-02,23,夜勤,3,26,21,50,49,1,0.94,47
2025-12-03,2025-12-02,0,夜勤,1,27,22,50,48,2,0.9,45
2025-12-03,2025-12-02,1,夜勤,1,12,16,29,28,1,0.966,28
2025-12-03,2025-12-02,2,夜勤,1,12,13,26,28,-2,0.962,25
2025-12-03,2025-12-02,3,夜勤,1,13,14,28,28,0,0.964,27
2025-12-03,2025-12-02,4,夜勤,1,11,14,26,28,-2,0.962,25
2025-12-03,2025-12-02,5,夜勤,1,12,20,33,35,-2,0.97,32
2025-12-03,2025-12-02,6,夜勤,2,24,29,55,55,0,0.927,51
2025-12-03,2025-12-02,7,夜勤,2,41,36,79,74,5,0.962,76
2025-12-03,2025-12-02,8,夜勤,2,48,42,92,94,-2,0.935,86
2025-12-03,2025-12-03,9,日勤,15,82,58,155,146,9,0.929,144
2025-12-03,2025-12-03,10,日勤,27,116,73,216,224,-8,0.94,203
2025-12-03,2025-12-03,11,日勤,31,140,73,244,237,7,0.906,221
2025-12-03,2025-12-03,12,日勤,26,94,68,188,199,-11,0.952,179
2025-12-03,2025-12-03,13,日勤,28,118,75,221,224,-3,0.941,208
2025-12-03,2025-12-03,14,日勤,26,149,72,247,237,10,0.951,235
2025-12-03,2025-12-03,15,日勤,27,131,65,223,217,6,0.915,204
2025-12-03,2025-12-03,16,日勤,27,110,59,196,197,-1,0.98,192
2025-12-03,2025-12-03,17,日勤,22,93,55,170,172,-2,0.965,164
2025-12-03,2025-12-03,18,日勤,18,72,47,137,134,3,0.949,130
2025-12-03,2025-12-03,19,日勤,11,54,37,102,97,5,0.941,96
2025-12-03,2025-12-03,20,夜勤,8,54,41,103,101,2,0.68,70
2025-12-03,2025-12-03,21,夜勤,6,34,38,78,79,-1,0.654,51
2025-12-03,2025-12-03,22,夜勤,3,39,31,73,69,4,0.63,46
2025-12-03,2025-12-03,23,夜勤,3,23,20,46,49,-3,0.674,31
2025-12-04,2025-12-03,0,夜勤,1,27,20,48,48,0,0.625,30
2025-12-04,2025-12-03,1,夜勤,1,12,14,27,28,-1,0.63,17
2025-12-04,2025-12-03,2,夜勤,2,13,15,30,28,2,0.7,21
2025-12-04,2025-12-03,3,夜勤,1,13,15,29,28,1,0.655,19
2025-12-04,2025-12-03,4,夜勤,1,13,14,28,28,0,0.607,17
2025-12-04,2025-12-03,5,夜勤,1,13,20,34,35,-1,0.618,21
2025-12-04,2025-12-03,6,夜勤,2,23,30,55,55,0,0.636,35
2025-12-04,2025-12-03,7,夜勤,1,41,36,78,74,4,0.667,52
2025-12-04,2025-12-03,8,夜勤,1,51,46,98,94,4,0.602,59
2025-12-04,2025-12-04,9,日勤,15,78,60,153,146,7,0.935,143
2025-12-04,2025-12-04,10,日勤,30,118,67,215,224,-9,0.949,204
2025-12-04,2025-12-04,11,日勤,26,139,71,236,237,-1,0.932,220
2025-12-04,2025-12-04,12,日勤,28,99,78,205,199,6,0.917,188
2025-12-04,2025-12-04,13,日勤,31,130,73,234,224,10,0.949,222
2025-12-04,2025-12-04,14,日勤,31,136,70,237,237,0,0.941,223
2025-12-04,2025-12-04,15,日勤,28,130,69,227,217,10,0.974,221
2025-12-04,2025-12-04,16,日勤,27,111,59,197,197,0,0.914,180
2025-12-04,2025-12-04,17,日勤,21,93,49,163,172,-9,0.945,154
2025-12-04,2025-12-04,18,日勤,16,75,44,135,134,1,0.926,125
2025-12-04,2025-12-04,19,日勤,13,45,33,91,97,-6,0.912,83
2025-12-04,2025-12-04,20,夜勤,8,51,46,105,101,4,0.943,99
2025-12-04,2025-12-04,21,夜勤,6,36,34,76,79,-3,0.961,73
2025-12-04,2025-12-04,22,夜勤,3,37,27,67,69,-2,0.866,58
2025-12-04,2025-12-04,23,夜勤,3,24,21,48,49,-1,0.917,44
2025-12-05,2025-12-04,0,夜勤,2,23,21,46,48,-2,0.978,45
2025-12-05,2025-12-04,1,夜勤,1,12,15,28,28,0,0.893,25
2025-12-05,2025-12-04,2,夜勤,2,11,14,27,28,-1,0.926,25
2025-12-05,2025-12-04,3,夜勤,1,13,13,27,28,-1,0.926,25
2025-12-05,2025-12-04,4,夜勤,1,12,14,27,28,-1,0.889,24
2025-12-05,2025-12-04,5,夜勤,1,11,19,31,35,-4,0.903,28
2025-12-05,2025-12-04,6,夜勤,1,23,29,53,55,-2,0.906,48
2025-12-05,2025-12-04,7,夜勤,2,39,36,77,74,3,0.909,70
2025-12-05,2025-12-04,8,夜勤,1,54,44,99,94,5,0.919,91
2025-12-05,2025-12-05,9,日勤,15,70,60,145,146,-1,0.966,140
2025-12-05,2025-12-05,10,日勤,30,131,76,237,224,13,0.928,220
2025-12-05,2025-12-05,11,日勤,30,132,74,236,237,-1,0.945,223
2025-12-05,2025-12-05,12,日勤,31,104,69,204,199,5,0.907,185
2025-12-05,2025-12-05,13,日勤,27,118,72,217,224,-7,0.908,197
2025-12-05,2025-12-05,14,日勤,31,139,68,238,237,1,0.92,219
2025-12-05,2025-12-05,15,日勤,29,131,61,221,217,4,0.964,213
2025-12-05,2025-12-05,16,日勤,28,112,55,195,197,-2,0.928,181
2025-12-05,2025-12-05,17,日勤,21,107,50,178,172,6,0.949,169
2025-12-05,2025-12-05,18,日勤,17,68,44,129,134,-5,0.876,113
2025-12-05,2025-12-05,19,日勤,12,45,35,92,97,-5,0.924,85
2025-12-05,2025-12-05,20,夜勤,9,48,46,103,101,2,0.922,95
2025-12-05,2025-12-05,21,夜勤,5,38,35,78,79,-1,0.936,73
2025-12-05,2025-12-05,22,夜勤,3,37,30,70,69,1,0.914,64
2025-12-05,2025-12-05,23,夜勤,3,27,22,52,49,3,0.923,48
2025-12-06,2025-12-05,0,夜勤,2,27,22,51,48,3,0.961,49
2025-12-06,2025-12-05,1,夜勤,1,12,13,26,28,-2,0.923,24
2025-12-06,2025-12-05,2,夜勤,1,12,14,27,28,-1,0.926,25
2025-12-06,2025-12-05,3,夜勤,1,11,14,26,28,-2,0.962,25
2025-12-06,2025-12-05,4,夜勤,1,12,15,28,28,0,0.893,25
2025-12-06,2025-12-05,5,夜勤,1,13,20,34,35,-1,0.971,33
2025-12-06,2025-12-05,6,夜勤,2,27,31,60,55,5,0.9,54
2025-12-06,2025-12-05,7,夜勤,1,37,38,76,74,2,0.934,71
2025-12-06,2025-12-05,8,夜勤,1,46,47,94,94,0,0.904,85
2025-12-06,2025-12-06,9,日勤,13,80,54,147,146,1,0.966,142
2025-12-06,2025-12-06,10,日勤,30,135,65,230,224,6,0.952,219
2025-12-06,2025-12-06,11,日勤,28,132,78,238,237,1,0.908,216
2025-12-06,2025-12-06,12,日勤,31,92,67,190,199,-9,0.926,176
2025-12-06,2025-12-06,13,日勤,27,115,77,219,224,-5,0.968,212
2025-12-06,2025-12-06,14,日勤,31,133,68,232,237,-5,0.901,209
2025-12-06,2025-12-06,15,日勤,29,117,71,217,217,0,0.959,208
2025-12-06,2025-12-06,16,日勤,29,116,57,202,197,5,0.941,190
2025-12-06,2025-12-06,17,日勤,23,102,46,171,172,-1,0.854,146
2025-12-06,2025-12-06,18,日勤,17,76,43,136,134,2,0.941,128
2025-12-06,2025-12-06,19,日勤,12,50,33,95,97,-2,0.926,88
2025-12-06,2025-12-06,20,夜勤,9,53,39,101,101,0,0.98,99
2025-12-06,2025-12-06,21,夜勤,5,40,34,79,79,0,0.937,74
2025-12-06,2025-12-06,22,夜勤,3,35,28,66,69,-3,0.955,63
2025-12-06,2025-12-06,23,夜勤,3,27,22,52,49,3,0.981,51
2025-12-07,2025-12-06,0,夜勤,1,25,20,46,48,-2,0.978,45
2025-12-07,2025-12-06,1,夜勤,1,13,14,28,28,0,0.964,27
2025-12-07,2025-12-06,2,夜勤,1,13,13,27,28,-1,0.926,25
2025-12-07,2025-12-06,3,夜勤,2,13,15,30,28,2,0.933,28
2025-12-07,2025-12-06,4,夜勤,6,17,15,38,28,10,0.684,26
2025-12-07,2025-12-06,5,夜勤,6,18,22,46,35,11,0.739,34
2025-12-07,2025-12-06,6,夜勤,3,32,31,66,55,11,0.652,43
2025-12-07,2025-12-06,7,夜勤,4,47,32,83,74,9,0.675,56
2025-12-07,2025-12-06,8,夜勤,1,46,41,88,94,-6,0.955,84
2025-12-07,2025-12-07,9,日勤,15,72,59,146,146,0,0.959,140
2025-12-07,2025-12-07,10,日勤,26,123,68,217,224,-7,0.977,212
2025-12-07,2025-12-07,11,日勤,31,134,74,239,237,2,0.946,226
2025-12-07,2025-12-07,12,日勤,30,102,71,203,199,4,0.966,196
2025-12-07,2025-12-07,13,日勤,31,112,69,212,224,-12,0.958,203
2025-12-07,2025-12-07,14,日勤,30,134,72,236,237,-1,0.966,228
2025-12-07,2025-12-07,15,日勤,27,119,66,212,217,-5,0.925,196
2025-12-07,2025-12-07,16,日勤,28,117,52,197,197,0,0.954,188
2025-12-07,2025-12-07,17,日勤,24,91,48,163,172,-9,0.908,148
2025-12-07,2025-12-07,18,日勤,17,74,45,136,134,2,0.919,125
2025-12-07,2025-12-07,19,日勤,12,47,35,94,97,-3,0.947,89
2025-12-07,2025-12-07,20,夜勤,9,46,41,96,101,-5,0.906,87
2025-12-07,2025-12-07,21,夜勤,6,39,38,83,79,4,0.94,78
2025-12-07,2025-12-07,22,夜勤,3,35,26,64,69,-5,0.969,62
2025-12-07,2025-12-07,23,夜勤,3,23,23,49,49,0,0.898,44
2025-12-08,2025-12-07,0,夜勤,1,23,22,46,48,-2,0.978,45
2025-12-08,2025-12-07,1,夜勤,2,13,15,30,28,2,0.9,27
2025-12-08,2025-12-07,2,夜勤,1,12,13,26,28,-2,0.962,25
2025-12-08,2025-12-07,3,夜勤,2,12,13,27,28,-1,0.963,26
2025-12-08,2025-12-07,4,夜勤,1,13,15,29,28,1,0.966,28
2025-12-08,2025-12-07,5,夜勤,1,12,20,33,35,-2,0.909,30
2025-12-08,2025-12-07,6,夜勤,2,23,28,53,55,-2,0.943,50
2025-12-08,2025-12-07,7,夜勤,1,35,33,69,74,-5,0.913,63
2025-12-08,2025-12-07,8,夜勤,2,54,39,95,94,1,0.937,89
2025-12-08,2025-12-08,9,日勤,15,70,59,144,146,-2,0.91,131
2025-12-08,2025-12-08,10,日勤,26,136,66,228,224,4,0.921,210
2025-12-08,2025-12-08,11,日勤,30,127,74,231,237,-6,0.879,203
2025-12-08,2025-12-08,12,日勤,31,95,69,195,199,-4,0.959,187
2025-12-08,2025-12-08,13,日勤,28,119,74,221,224,-3,0.914,202
2025-12-08,2025-12-08,14,日勤,29,125,66,220,237,-17,0.905,199
2025-12-08,2025-12-08,15,日勤,30,113,61,204,217,-13,0.951,194
2025-12-08,2025-12-08,16,日勤,28,117,56,201,197,4,0.925,186
2025-12-08,2025-12-08,17,日勤,23,108,51,182,172,10,0.962,175
2025-12-08,2025-12-08,18,日勤,17,78,45,140,134,6,0.964,135
2025-12-08,2025-12-08,19,日勤,10,53,38,101,97,4,0.921,93
2025-12-08,2025-12-08,20,夜勤,8,49,43,100,101,-1,0.64,64
2025-12-08,2025-12-08,21,夜勤,5,40,36,81,79,2,0.617,50
2025-12-08,2025-12-08,22,夜勤,3,40,27,70,69,1,0.6,42
2025-12-08,2025-12-08,23,夜勤,3,24,23,50,49,1,0.64,32
2025-12-09,2025-12-08,0,夜勤,1,23,21,45,48,-3,0.667,30
2025-12-09,2025-12-08,1,夜勤,1,11,15,27,28,-1,0.63,17
2025-12-09,2025-12-08,2,夜勤,1,12,15,28,28,0,0.679,19
2025-12-09,2025-12-08,3,夜勤,2,13,13,28,28,0,0.679,19
2025-12-09,2025-12-08,4,夜勤,1,13,16,30,28,2,0.667,20
2025-12-09,2025-12-08,5,夜勤,1,13,22,36,35,1,0.667,24
2025-12-09,2025-12-08,6,夜勤,1,27,28,56,55,1,0.625,35
2025-12-09,2025-12-08,7,夜勤,1,40,34,75,74,1,0.68,51
2025-12-09,2025-12-08,8,夜勤,1,46,45,92,94,-2,0.652,60
2025-12-09,2025-12-09,9,日勤,15,82,58,155,146,9,0.903,140
2025-12-09,2025-12-09,10,日勤,29,136,65,230,224,6,0.978,225
2025-12-09,2025-12-09,11,日勤,28,138,65,231,237,-6,0.931,215
2025-12-09,2025-12-09,12,日勤,30,92,76,198,199,-1,0.965,191
2025-12-09,2025-12-09,13,日勤,28,115,74,217,224,-7,0.908,197
2025-12-09,2025-12-09,14,日勤,27,133,70,230,237,-7,0.917,211
2025-12-09,2025-12-09,15,日勤,27,136,62,225,217,8,0.889,200
2025-12-09,2025-12-09,16,日勤,27,119,63,209,197,12,0.904,189
2025-12-09,2025-12-09,17,日勤,25,98,47,170,172,-2,0.906,154
2025-12-09,2025-12-09,18,日勤,19,79,39,137,134,3,0.891,122
2025-12-09,2025-12-09,19,日勤,11,49,34,94,97,-3,0.957,90
2025-12-09,2025-12-09,20,夜勤,9,54,39,102,101,1,0.971,99
2025-12-09,2025-12-09,21,夜勤,6,38,34,78,79,-1,0.897,70
2025-12-09,2025-12-09,22,夜勤,3,37,31,71,69,2,0.915,65
2025-12-09,2025-12-09,23,夜勤,3,25,21,49,49,0,0.918,45
2025-12-10,2025-12-09,0,夜勤,2,26,20,48,48,0,0.938,45
2025-12-10,2025-12-09,1,夜勤,1,11,14,26,28,-2,0.962,25
2025-12-10,2025-12-09,2,夜勤,2,12,13,27,28,-1,0.926,25
2025-12-10,2025-12-09,3,夜勤,2,13,15,30,28,2,0.967,29
2025-12-10,2025-12-09,4,夜勤,2,12,16,30,28,2,0.9,27
2025-12-10,2025-12-09,5,夜勤,1,12,23,36,35,1,0.944,34
2025-12-10,2025-12-09,6,夜勤,1,25,28,54,55,-1,0.926,50
2025-12-10,2025-12-09,7,夜勤,1,34,33,68,74,-6,0.897,61
2025-12-10,2025-12-09,8,夜勤,1,54,45,100,94,6,0.9,90
2025-12-10,2025-12-10,9,日勤,16,71,55,142,146,-4,0.923,131
2025-12-10,2025-12-10,10,日勤,27,135,74,236,224,12,0.915,216
2025-12-10,2025-12-10,11,日勤,30,149,76,255,237,18,0.933,238
2025-12-10,2025-12-10,12,日勤,30,100,78,208,199,9,0.904,188
2025-12-10,2025-12-10,13,日勤,26,134,78,238,224,14,0.933,222
2025-12-10,2025-12-10,14,日勤,29,138,76,243,237,6,0.901,219
2025-12-10,2025-12-10,15,日勤,28,134,63,225,217,8,0.947,213
2025-12-10,2025-12-10,16,日勤,30,113,55,198,197,1,0.97,192
2025-12-10,2025-12-10,17,日勤,23,94,49,166,172,-6,0.94,156
2025-12-10,2025-12-10,18,日勤,18,70,45,133,134,-1,0.85,113
2025-12-10,2025-12-10,19,日勤,12,47,34,93,97,-4,0.914,85
2025-12-10,2025-12-10,20,夜勤,9,53,42,104,101,3,0.856,89
2025-12-10,2025-12-10,21,夜勤,6,36,33,75,79,-4,0.92,69
2025-12-10,2025-12-10,22,夜勤,3,40,27,70,69,1,0.9,63
2025-12-10,2025-12-10,23,夜勤,3,24,21,48,49,-1,0.917,44
2025-12-11,2025-12-10,0,夜勤,1,26,23,50,48,2,0.94,47
2025-12-11,2025-12-10,1,夜勤,1,13,14,28,28,0,0.893,25
2025-12-11,2025-12-10,2,夜勤,1,12,15,28,28,0,0.929,26
2025-12-11,2025-12-10,3,夜勤,1,11,15,27,28,-1,0.926,25
2025-12-11,2025-12-10,4,夜勤,2,12,14,28,28,0,0.929,26
2025-12-11,2025-12-10,5,夜勤,1,14,23,38,35,3,0.921,35
2025-12-11,2025-12-10,6,夜勤,1,25,27,53,55,-2,0.962,51
2025-12-11,2025-12-10,7,夜勤,1,34,36,71,74,-3,0.915,65
2025-12-11,2025-12-10,8,夜勤,1,51,42,94,94,0,0.915,86
2025-12-11,2025-12-11,9,日勤,15,78,62,155,146,9,0.981,152
2025-12-11,2025-12-11,10,日勤,26,129,73,228,224,4,0.952,217
2025-12-11,2025-12-11,11,日勤,27,150,75,252,237,15,0.94,237
2025-12-11,2025-12-11,12,日勤,27,93,70,190,199,-9,0.968,184
2025-12-11,2025-12-11,13,日勤,31,131,75,237,224,13,0.966,229
2025-12-11,2025-12-11,14,日勤,29,136,72,237,237,0,0.852,202
2025-12-11,2025-12-11,15,日勤,30,113,69,212,217,-5,0.943,200
2025-12-11,2025-12-11,16,日勤,31,121,63,215,197,18,0.926,199
2025-12-11,2025-12-11,17,日勤,24,100,45,169,172,-3,0.899,152
2025-12-11,2025-12-11,18,日勤,18,82,41,141,134,7,0.915,129
2025-12-11,2025-12-11,19,日勤,12,51,32,95,97,-2,0.926,88
2025-12-11,2025-12-11,20,夜勤,9,48,40,97,101,-4,0.948,92
2025-12-11,2025-12-11,21,夜勤,6,39,33,78,79,-1,0.936,73
2025-12-11,2025-12-11,22,夜勤,3,40,27,70,69,1,0.9,63
2025-12-11,2025-12-11,23,夜勤,3,25,20,48,49,-1,0.917,44
2025-12-12,2025-12-11,0,夜勤,1,23,21,45,48,-3,0.956,43
2025-12-12,2025-12-11,1,夜勤,1,13,14,28,28,0,0.929,26
2025-12-12,2025-12-11,2,夜勤,1,12,15,28,28,0,0.929,26
2025-12-12,2025-12-11,3,夜勤,1,12,13,26,28,-2,0.923,24
2025-12-12,2025-12-11,4,夜勤,1,12,14,27,28,-1,0.889,24
2025-12-12,2025-12-11,5,夜勤,1,12,22,35,35,0,0.857,30
2025-12-12,2025-12-11,6,夜勤,2,25,29,56,55,1,0.946,53
2025-12-12,2025-12-11,7,夜勤,1,38,37,76,74,2,0.974,74
2025-12-12,2025-12-11,8,夜勤,2,52,47,101,94,7,0.97,98
2025-12-12,2025-12-12,9,日勤,13,81,62,156,146,10,0.91,142
2025-12-12,2025-12-12,10,日勤,27,118,70,215,224,-9,0.93,200
2025-12-12,2025-12-12,11,日勤,28,132,79,239,237,2,0.954,228
2025-12-12,2025-12-12,12,日勤,29,106,73,208,199,9,0.942,196
2025-12-12,2025-12-12,13,日勤,31,125,66,222,224,-2,0.968,215
2025-12-12,2025-12-12,14,日勤,26,126,66,218,237,-19,0.972,212
2025-12-12,2025-12-12,15,日勤,26,129,65,220,217,3,0.909,200
2025-12-12,2025-12-12,16,日勤,29,112,54,195,197,-2,0.979,191
2025-12-12,2025-12-12,17,日勤,24,102,45,171,172,-1,0.936,160
2025-12-12,2025-12-12,18,日勤,17,70,42,129,134,-5,0.915,118
2025-12-12,2025-12-12,19,日勤,11,54,34,99,97,2,0.949,94
2025-12-12,2025-12-12,20,夜勤,9,47,45,101,101,0,0.921,93
2025-12-12,2025-12-12,21,夜勤,6,36,33,75,79,-4,0.947,71
2025-12-12,2025-12-12,22,夜勤,3,40,29,72,69,3,0.903,65
2025-12-12,2025-12-12,23,夜勤,3,25,20,48,49,-1,0.917,44
2025-12-13,2025-12-12,0,夜勤,1,27,21,49,48,1,0.98,48
2025-12-13,2025-12-12,1,夜勤,2,12,14,28,28,0,0.964,27
2025-12-13,2025-12-12,2,夜勤,1,12,15,28,28,0,0.964,27
2025-12-13,2025-12-12,3,夜勤,1,13,14,28,28,0,0.964,27
2025-12-13,2025-12-12,4,夜勤,1,14,15,30,28,2,0.9,27
2025-12-13,2025-12-12,5,夜勤,1,12,21,34,35,-1,0.912,31
2025-12-13,2025-12-12,6,夜勤,1,26,27,54,55,-1,0.907,49
2025-12-13,2025-12-12,7,夜勤,1,34,39,74,74,0,0.932,69
2025-12-13,2025-12-12,8,夜勤,1,48,47,96,94,2,0.958,92
2025-12-13,2025-12-13,9,日勤,14,70,55,139,146,-7,0.892,124
2025-12-13,2025-12-13,10,日勤,27,113,70,210,224,-14,0.91,191
2025-12-13,2025-12-13,11,日勤,31,135,78,244,237,7,0.98,239
2025-12-13,2025-12-13,12,日勤,28,102,69,199,199,0,0.98,195
2025-12-13,2025-12-13,13,日勤,28,132,67,227,224,3,0.943,214
2025-12-13,2025-12-13,14,日勤,26,133,68,227,237,-10,0.965,219
2025-12-13,2025-12-13,15,日勤,28,116,65,209,217,-8,0.933,195
2025-12-13,2025-12-13,16,日勤,26,119,61,206,197,9,0.951,196
2025-12-13,2025-12-13,17,日勤,24,100,49,173,172,1,0.977,169
2025-12-13,2025-12-13,18,日勤,19,75,42,136,134,2,0.941,128
2025-12-13,2025-12-13,19,日勤,11,50,37,98,97,1,0.918,90
2025-12-13,2025-12-13,20,夜勤,8,45,44,97,101,-4,0.918,89
2025-12-13,2025-12-13,21,夜勤,5,39,36,80,79,1,0.912,73
2025-12-13,2025-12-13,22,夜勤,3,40,29,72,69,3,0.944,68
2025-12-13,2025-12-13,23,夜勤,3,23,21,47,49,-2,0.957,45
2025-12-14,2025-12-13,0,夜勤,2,27,20,49,48,1,0.939,46
2025-12-14,2025-12-13,1,夜勤,1,13,15,29,28,1,0.966,28
2025-12-14,2025-12-13,2,夜勤,1,13,13,27,28,-1,0.963,26
2025-12-14,2025-12-13,3,夜勤,1,12,14,27,28,-1,0.926,25
2025-12-14,2025-12-13,4,夜勤,1,13,14,28,28,0,0.964,27
2025-12-14,2025-12-13,5,夜勤,1,12,22,35,35,0,0.971,34
2025-12-14,2025-12-13,6,夜勤,1,23,29,53,55,-2,0.906,48
2025-12-14,2025-12-13,7,夜勤,1,35,38,74,74,0,0.973,72
2025-12-14,2025-12-13,8,夜勤,1,49,39,89,94,-5,0.966,86
2025-12-14,2025-12-14,9,日勤,15,77,59,151,146,5,0.907,137
2025-12-14,2025-12-14,10,日勤,31,123,78,232,224,8,0.944,219
2025-12-14,2025-12-14,11,日勤,27,147,67,241,237,4,0.905,218
2025-12-14,2025-12-14,12,日勤,27,95,71,193,199,-6,0.974,188
2025-12-14,2025-12-14,13,日勤,29,131,77,237,224,13,0.924,219
2025-12-14,2025-12-14,14,日勤,29,138,72,239,237,2,0.904,216
2025-12-14,2025-12-14,15,日勤,28,122,64,214,217,-3,0.977,209
2025-12-14,2025-12-14,16,日勤,28,110,56,194,197,-3,0.964,187
2025-12-14,2025-12-14,17,日勤,24,99,51,174,172,2,0.96,167
2025-12-14,2025-12-14,18,日勤,17,75,46,138,134,4,0.964,133
2025-12-14,2025-12-14,19,日勤,10,49,39,98,97,1,0.969,95
2025-12-14,2025-12-14,20,夜勤,9,46,41,96,101,-5,0.969,93
2025-12-14,2025-12-14,21,夜勤,5,38,33,76,79,-3,0.947,72
2025-12-14,2025-12-14,22,夜勤,3,35,27,65,69,-4,0.923,60
2025-12-14,2025-12-14,23,夜勤,3,24,23,50,49,1,0.92,46
2025-12-15,2025-12-14,0,夜勤,1,26,23,50,48,2,0.94,47
2025-12-15,2025-12-14,1,夜勤,2,12,15,29,28,1,0.931,27
2025-12-15,2025-12-14,2,夜勤,1,13,15,29,28,1,0.862,25
2025-12-15,2025-12-14,3,夜勤,1,12,13,26,28,-2,0.962,25
2025-12-15,2025-12-14,4,夜勤,1,12,16,29,28,1,0.966,28
2025-12-15,2025-12-14,5,夜勤,1,12,22,35,35,0,0.943,33
2025-12-15,2025-12-14,6,夜勤,1,26,28,55,55,0,0.945,52
2025-12-15,2025-12-14,7,夜勤,1,39,39,79,74,5,0.924,73
2025-12-15,2025-12-14,8,夜勤,2,54,45,101,94,7,0.911,92
2025-12-15,2025-12-15,9,日勤,15,68,56,139,146,-7,0.935,130
2025-12-15,2025-12-15,10,日勤,27,120,72,219,224,-5,0.963,211
2025-12-15,2025-12-15,11,日勤,28,131,76,235,237,-2,0.923,217
2025-12-15,2025-12-15,12,日勤,31,93,69,193,199,-6,0.948,183
2025-12-15,2025-12-15,13,日勤,29,120,66,215,224,-9,0.967,208
2025-12-15,2025-12-15,14,日勤,32,147,79,258,237,21,0.926,239
2025-12-15,2025-12-15,15,日勤,30,117,65,212,217,-5,0.92,195
2025-12-15,2025-12-15,16,日勤,28,106,57,191,197,-6,0.937,179
2025-12-15,2025-12-15,17,日勤,24,101,46,171,172,-1,0.977,167
2025-12-15,2025-12-15,18,日勤,18,72,40,130,134,-4,0.946,123
2025-12-15,2025-12-15,19,日勤,11,47,36,94,97,-3,0.979,92
2025-12-15,2025-12-15,20,夜勤,8,54,39,101,101,0,0.97,98
2025-12-15,2025-12-15,21,夜勤,6,41,33,80,79,1,0.938,75
2025-12-15,2025-12-15,22,夜勤,3,35,28,66,69,-3,0.985,65
2025-12-15,2025-12-15,23,夜勤,3,27,22,52,49,3,0.923,48
2025-12-16,2025-12-15,0,夜勤,1,25,22,48,48,0,0.958,46
2025-12-16,2025-12-15,1,夜勤,2,12,13,27,28,-1,0.926,25
2025-12-16,2025-12-15,2,夜勤,1,12,14,27,28,-1,0.963,26
2025-12-16,2025-12-15,3,夜勤,1,11,15,27,28,-1,0.926,25
2025-12-16,2025-12-15,4,夜勤,2,13,15,30,28,2,0.9,27
2025-12-16,2025-12-15,5,夜勤,2,13,21,36,35,1,0.972,35
2025-12-16,2025-12-15,6,夜勤,2,23,30,55,55,0,0.909,50
2025-12-16,2025-12-15,7,夜勤,1,38,39,78,74,4,0.962,75
2025-12-16,2025-12-15,8,夜勤,1,50,43,94,94,0,0.926,87
2025-12-16,2025-12-16,9,日勤,15,74,53,142,146,-4,0.93,132
2025-12-16,2025-12-16,10,日勤,28,122,65,215,224,-9,0.953,205
2025-12-16,2025-12-16,11,日勤,28,142,73,243,237,6,0.909,221
2025-12-16,2025-12-16,12,日勤,32,98,67,197,199,-2,0.924,182
2025-12-16,2025-12-16,13,日勤,26,122,77,225,224,1,0.929,209
2025-12-16,2025-12-16,14,日勤,27,145,75,247,237,10,0.919,227
2025-12-16,2025-12-16,15,日勤,26,121,61,208,217,-9,0.913,190
2025-12-16,2025-12-16,16,日勤,26,108,59,193,197,-4,0.964,186
2025-12-16,2025-12-16,17,日勤,24,105,49,178,172,6,0.978,174
2025-12-16,2025-12-16,18,日勤,19,74,45,138,134,4,0.978,135
2025-12-16,2025-12-16,19,日勤,12,50,36,98,97,1,0.918,90
2025-12-16,2025-12-16,20,夜勤,8,51,39,98,101,-3,0.959,94
2025-12-16,2025-12-16,21,夜勤,5,34,39,78,79,-1,0.936,73
2025-12-16,2025-12-16,22,夜勤,3,38,29,70,69,1,0.943,66
2025-12-16,2025-12-16,23,夜勤,3,26,20,49,49,0,0.857,42
2025-12-17,2025-12-16,0,夜勤,1,23,20,44,48,-4,0.909,40
2025-12-17,2025-12-16,1,夜勤,1,13,15,29,28,1,0.897,26
2025-12-17,2025-12-16,2,夜勤,1,14,14,29,28,1,0.966,28
2025-12-17,2025-12-16,3,夜勤,1,13,13,27,28,-1,0.926,25
2025-12-17,2025-12-16,4,夜勤,1,11,15,27,28,-1,0.926,25
2025-12-17,2025-12-16,5,夜勤,1,12,23,36,35,1,0.917,33
2025-12-17,2025-12-16,6,夜勤,1,25,29,55,55,0,0.945,52
2025-12-17,2025-12-16,7,夜勤,2,39,38,79,74,5,0.911,72
2025-12-17,2025-12-16,8,夜勤,2,49,43,94,94,0,0.883,83
2025-12-17,2025-12-17,9,日勤,14,81,61,156,146,10,0.955,149
2025-12-17,2025-12-17,10,日勤,31,126,71,228,224,4,0.969,221
2025-12-17,2025-12-17,11,日勤,26,147,74,247,237,10,0.96,237
2025-12-17,2025-12-17,12,日勤,29,104,71,204,199,5,0.966,197
2025-12-17,2025-12-17,13,日勤,27,128,72,227,224,3,0.938,213
2025-12-17,2025-12-17,14,日勤,28,132,72,232,237,-5,0.94,218
2025-12-17,2025-12-17,15,日勤,26,115,62,203,217,-14,0.966,196
2025-12-17,2025-12-17,16,日勤,28,112,58,198,197,1,0.914,181
2025-12-17,2025-12-17,17,日勤,22,107,48,177,172,5,0.972,172
2025-12-17,2025-12-17,18,日勤,17,71,44,132,134,-2,0.902,119
2025-12-17,2025-12-17,19,日勤,11,54,38,103,97,6,0.903,93
2025-12-17,2025-12-17,20,夜勤,9,50,45,104,101,3,0.971,101
2025-12-17,2025-12-17,21,夜勤,6,34,36,76,79,-3,0.921,70
2025-12-17,2025-12-17,22,夜勤,3,40,28,71,69,2,0.93,66
2025-12-17,2025-12-17,23,夜勤,3,23,23,49,49,0,0.939,46
2025-12-18,2025-12-17,0,夜勤,1,27,22,50,48,2,0.98,49
2025-12-18,2025-12-17,1,夜勤,1,12,15,28,28,0,0.893,25
2025-12-18,2025-12-17,2,夜勤,1,13,13,27,28,-1,0.926,25
2025-12-18,2025-12-17,3,夜勤,1,11,14,26,28,-2,0.962,25
2025-12-18,2025-12-17,4,夜勤,2,12,13,27,28,-1,0.926,25
2025-12-18,2025-12-17,5,夜勤,1,12,20,33,35,-2,0.939,31
2025-12-18,2025-12-17,6,夜勤,1,22,26,49,55,-6,0.959,47
2025-12-18,2025-12-17,7,夜勤,2,40,37,79,74,5,0.962,76
2025-12-18,2025-12-17,8,夜勤,1,51,43,95,94,1,0.916,87
2025-12-18,2025-12-18,9,日勤,15,79,57,151,146,5,0.98,148
2025-12-18,2025-12-18,10,日勤,27,131,77,235,224,11,0.979,230
2025-12-18,2025-12-18,11,日勤,29,127,67,223,237,-14,0.928,207
2025-12-18,2025-12-18,12,日勤,31,96,78,205,199,6,0.941,193
2025-12-18,2025-12-18,13,日勤,29,112,78,219,224,-5,0.945,207
2025-12-18,2025-12-18,14,日勤,31,143,73,247,237,10,0.947,234
2025-12-18,2025-12-18,15,日勤,29,123,60,212,217,-5,0.972,206
2025-12-18,2025-12-18,16,日勤,30,113,62,205,197,8,0.907,186
2025-12-18,2025-12-18,17,日勤,21,96,55,172,172,0,0.924,159
2025-12-18,2025-12-18,18,日勤,18,70,41,129,134,-5,0.969,125
2025-12-18,2025-12-18,19,日勤,12,53,37,102,97,5,0.922,94
2025-12-18,2025-12-18,20,夜勤,9,48,44,101,101,0,0.95,96
2025-12-18,2025-12-18,21,夜勤,6,36,37,79,79,0,0.937,74
2025-12-18,2025-12-18,22,夜勤,3,35,30,68,69,-1,0.941,64
2025-12-18,2025-12-18,23,夜勤,3,26,20,49,49,0,0.918,45
2025-12-19,2025-12-18,0,夜勤,2,24,23,49,48,1,0.98,48
2025-12-19,2025-12-18,1,夜勤,1,13,14,28,28,0,0.929,26
2025-12-19,2025-12-18,2,夜勤,1,12,13,26,28,-2,0.923,24
2025-12-19,2025-12-18,3,夜勤,2,13,15,30,28,2,0.967,29
2025-12-19,2025-12-18,4,夜勤,1,13,15,29,28,1,0.931,27
2025-12-19,2025-12-18,5,夜勤,1,12,23,36,35,1,0.944,34
2025-12-19,2025-12-18,6,夜勤,1,24,29,54,55,-1,0.981,53
2025-12-19,2025-12-18,7,夜勤,1,38,34,73,74,-1,0.918,67
2025-12-19,2025-12-18,8,夜勤,1,53,46,100,94,6,0.97,97
2025-12-19,2025-12-19,9,日勤,16,73,55,144,146,-2,0.875,126
2025-12-19,2025-12-19,10,日勤,26,136,68,230,224,6,0.943,217
2025-12-19,2025-12-19,11,日勤,30,124,73,227,237,-10,0.903,205
2025-12-19,2025-12-19,12,日勤,30,102,70,202,199,3,0.936,189
2025-12-19,2025-12-19,13,日勤,31,124,73,228,224,4,0.908,207
2025-12-19,2025-12-19,14,日勤,31,149,69,249,237,12,0.96,239
2025-12-19,2025-12-19,15,日勤,26,116,69,211,217,-6,0.929,196
2025-12-19,2025-12-19,16,日勤,27,120,63,210,197,13,0.948,199
2025-12-19,2025-12-19,17,日勤,22,96,54,172,172,0,0.977,168
2025-12-19,2025-12-19,18,日勤,17,80,42,139,134,5,0.95,132
2025-12-19,2025-12-19,19,日勤,12,45,33,90,97,-7,0.967,87
2025-12-19,2025-12-19,20,夜勤,9,47,42,98,101,-3,0.959,94
2025-12-19,2025-12-19,21,夜勤,6,35,35,76,79,-3,0.974,74
2025-12-19,2025-12-19,22,夜勤,3,39,27,69,69,0,0.942,65
2025-12-19,2025-12-19,23,夜勤,3,24,20,47,49,-2,0.915,43
2025-12-20,2025-12-19,0,夜勤,1,26,20,47,48,-1,0.894,42
2025-12-20,2025-12-19,1,夜勤,1,12,14,27,28,-1,0.926,25
2025-12-20,2025-12-19,2,夜勤,1,11,14,26,28,-2,0.923,24
2025-12-20,2025-12-19,3,夜勤,1,14,16,31,28,3,0.935,29
2025-12-20,2025-12-19,4,夜勤,1,12,15,28,28,0,0.893,25
2025-12-20,2025-12-19,5,夜勤,1,12,22,35,35,0,0.857,30
2025-12-20,2025-12-19,6,夜勤,1,26,28,55,55,0,0.909,50
2025-12-20,2025-12-19,7,夜勤,1,38,38,77,74,3,0.961,74
2025-12-20,2025-12-19,8,夜勤,2,51,39,92,94,-2,0.891,82
2025-12-20,2025-12-20,9,日勤,15,70,62,147,146,1,0.918,135
2025-12-20,2025-12-20,10,日勤,31,115,65,211,224,-13,0.967,204
2025-12-20,2025-12-20,11,日勤,31,127,73,231,237,-6,0.874,202
2025-12-20,2025-12-20,12,日勤,27,89,69,185,199,-14,0.962,178
2025-12-20,2025-12-20,13,日勤,27,131,75,233,224,9,0.923,215
2025-12-20,2025-12-20,14,日勤,27,130,66,223,237,-14,0.933,208
2025-12-20,2025-12-20,15,日勤,31,123,66,220,217,3,0.927,204
2025-12-20,2025-12-20,16,日勤,30,122,54,206,197,9,0.942,194
2025-12-20,2025-12-20,17,日勤,21,100,54,175,172,3,0.926,162
2025-12-20,2025-12-20,18,日勤,19,76,46,141,134,7,0.957,135
2025-12-20,2025-12-20,19,日勤,11,50,35,96,97,-1,0.906,87
2025-12-20,2025-12-20,20,夜勤,9,45,44,98,101,-3,0.908,89
2025-12-20,2025-12-20,21,夜勤,5,40,35,80,79,1,0.95,76
2025-12-20,2025-12-20,22,夜勤,3,35,28,66,69,-3,0.97,64
2025-12-20,2025-12-20,23,夜勤,3,24,21,48,49,-1,0.917,44
2025-12-21,2025-12-20,0,夜勤,1,24,20,45,48,-3,0.911,41
2025-12-21,2025-12-20,1,夜勤,1,12,13,26,28,-2,0.923,24
2025-12-21,2025-12-20,2,夜勤,2,13,15,30,28,2,0.967,29
2025-12-21,2025-12-20,3,夜勤,2,11,15,28,28,0,0.929,26
2025-12-21,2025-12-20,4,夜勤,2,13,14,29,28,1,0.966,28
2025-12-21,2025-12-20,5,夜勤,1,13,20,34,35,-1,0.941,32
2025-12-21,2025-12-20,6,夜勤,1,27,29,57,55,2,0.912,52
2025-12-21,2025-12-20,7,夜勤,2,40,34,76,74,2,0.961,73
2025-12-21,2025-12-20,8,夜勤,1,48,46,95,94,1,0.905,86
2025-12-21,2025-12-21,9,日勤,13,73,58,144,146,-2,0.854,123
2025-12-21,2025-12-21,10,日勤,30,135,78,243,224,19,0.905,220
2025-12-21,2025-12-21,11,日勤,29,137,72,238,237,1,0.975,232
2025-12-21,2025-12-21,12,日勤,27,99,71,197,199,-2,0.97,191
2025-12-21,2025-12-21,13,日勤,31,120,78,229,224,5,0.934,214
2025-12-21,2025-12-21,14,日勤,27,143,68,238,237,1,0.912,217
2025-12-21,2025-12-21,15,日勤,30,116,58,204,217,-13,0.956,195
2025-12-21,2025-12-21,16,日勤,31,112,56,199,197,2,0.97,193
2025-12-21,2025-12-21,17,日勤,25,101,48,174,172,2,0.908,158
2025-12-21,2025-12-21,18,日勤,17,79,47,143,134,9,0.916,131
2025-12-21,2025-12-21,19,日勤,12,50,38,100,97,3,0.91,91
2025-12-21,2025-12-21,20,夜勤,8,53,41,102,101,1,0.931,95
2025-12-21,2025-12-21,21,夜勤,5,38,37,80,79,1,0.938,75
2025-12-21,2025-12-21,22,夜勤,3,40,27,70,69,1,0.871,61
2025-12-21,2025-12-21,23,夜勤,3,23,20,46,49,-3,0.913,42
2025-12-22,2025-12-21,0,夜勤,1,25,21,47,48,-1,0.915,43
2025-12-22,2025-12-21,1,夜勤,1,13,14,28,28,0,0.964,27
2025-12-22,2025-12-21,2,夜勤,1,14,14,29,28,1,0.966,28
2025-12-22,2025-12-21,3,夜勤,1,13,15,29,28,1,0.931,27
2025-12-22,2025-12-21,4,夜勤,2,13,13,28,28,0,0.929,26
2025-12-22,2025-12-21,5,夜勤,2,13,23,38,35,3,0.921,35
2025-12-22,2025-12-21,6,夜勤,2,24,29,55,55,0,0.909,50
2025-12-22,2025-12-21,7,夜勤,1,40,36,77,74,3,0.922,71
2025-12-22,2025-12-21,8,夜勤,1,54,44,99,94,5,0.939,93
2025-12-22,2025-12-22,9,日勤,13,74,61,148,146,2,0.973,144
2025-12-22,2025-12-22,10,日勤,31,124,76,231,224,7,0.909,210
2025-12-22,2025-12-22,11,日勤,27,144,70,241,237,4,0.954,230
2025-12-22,2025-12-22,12,日勤,26,104,77,207,199,8,0.937,194
2025-12-22,2025-12-22,13,日勤,32,120,67,219,224,-5,0.95,208
2025-12-22,2025-12-22,14,日勤,27,128,69,224,237,-13,0.964,216
2025-12-22,2025-12-22,15,日勤,31,130,67,228,217,11,0.961,219
2025-12-22,2025-12-22,16,日勤,31,101,58,190,197,-7,0.937,178
2025-12-22,2025-12-22,17,日勤,25,96,55,176,172,4,0.966,170
2025-12-22,2025-12-22,18,日勤,19,74,43,136,134,2,0.853,116
2025-12-22,2025-12-22,19,日勤,11,53,35,99,97,2,0.939,93
2025-12-22,2025-12-22,20,夜勤,8,51,44,103,101,2,0.951,98
2025-12-22,2025-12-22,21,夜勤,5,39,37,81,79,2,0.938,76
2025-12-22,2025-12-22,22,夜勤,3,35,28,66,69,-3,0.955,63
2025-12-22,2025-12-22,23,夜勤,3,25,21,49,49,0,0.918,45
2025-12-23,2025-12-22,0,夜勤,1,22,20,43,48,-5,0.93,40
2025-12-23,2025-12-22,1,夜勤,1,12,14,27,28,-1,0.889,24
2025-12-23,2025-12-22,2,夜勤,1,14,15,30,28,2,0.967,29
2025-12-23,2025-12-22,3,夜勤,1,13,13,27,28,-1,0.889,24
2025-12-23,2025-12-22,4,夜勤,1,12,15,28,28,0,0.929,26
2025-12-23,2025-12-22,5,夜勤,1,13,20,34,35,-1,0.971,33
2025-12-23,2025-12-22,6,夜勤,1,24,26,51,55,-4,0.961,49
2025-12-23,2025-12-22,7,夜勤,2,37,39,78,74,4,0.974,76
2025-12-23,2025-12-22,8,夜勤,2,47,42,91,94,-3,0.923,84
2025-12-23,2025-12-23,9,日勤,15,68,55,138,146,-8,0.949,131
2025-12-23,2025-12-23,10,日勤,28,129,73,230,224,6,0.978,225
2025-12-23,2025-12-23,11,日勤,26,127,65,218,237,-19,0.913,199
2025-12-23,2025-12-23,12,日勤,28,91,74,193,199,-6,0.959,185
2025-12-23,2025-12-23,13,日勤,27,131,76,234,224,10,0.966,226
2025-12-23,2025-12-23,14,日勤,31,140,77,248,237,11,0.96,238
2025-12-23,2025-12-23,15,日勤,28,133,65,226,217,9,0.947,214
2025-12-23,2025-12-23,16,日勤,26,114,53,193,197,-4,0.902,174
2025-12-23,2025-12-23,17,日勤,24,90,50,164,172,-8,0.896,147
2025-12-23,2025-12-23,18,日勤,18,67,44,129,134,-5,0.915,118
2025-12-23,2025-12-23,19,日勤,12,51,38,101,97,4,0.931,94
2025-12-23,2025-12-23,20,夜勤,8,54,45,107,101,6,0.935,100
2025-12-23,2025-12-23,21,夜勤,5,39,38,82,79,3,0.902,74
2025-12-23,2025-12-23,22,夜勤,3,34,31,68,69,-1,0.956,65
2025-12-23,2025-12-23,23,夜勤,3,27,22,52,49,3,0.923,48
2025-12-24,2025-12-23,0,夜勤,1,25,22,48,48,0,0.917,44
2025-12-24,2025-12-23,1,夜勤,1,11,16,28,28,0,0.929,26
2025-12-24,2025-12-23,2,夜勤,1,11,16,28,28,0,0.964,27
2025-12-24,2025-12-23,3,夜勤,1,11,15,27,28,-1,0.926,25
2025-12-24,2025-12-23,4,夜勤,1,12,15,28,28,0,0.964,27
2025-12-24,2025-12-23,5,夜勤,1,13,23,37,35,2,0.919,34
2025-12-24,2025-12-23,6,夜勤,2,26,31,59,55,4,0.915,54
2025-12-24,2025-12-23,7,夜勤,1,35,35,71,74,-3,0.944,67
2025-12-24,2025-12-23,8,夜勤,2,54,40,96,94,2,0.948,91
2025-12-24,2025-12-24,9,日勤,14,77,53,144,146,-2,0.931,134
2025-12-24,2025-12-24,10,日勤,30,117,75,222,224,-2,0.928,206
2025-12-24,2025-12-24,11,日勤,30,148,78,256,237,19,0.973,249
2025-12-24,2025-12-24,12,日勤,29,107,68,204,199,5,0.966,197
2025-12-24,2025-12-24,13,日勤,28,112,71,211,224,-13,0.972,205
2025-12-24,2025-12-24,14,日勤,26,145,69,240,237,3,0.887,213
2025-12-24,2025-12-24,15,日勤,27,122,67,216,217,-1,0.949,205
2025-12-24,2025-12-24,16,日勤,31,120,56,207,197,10,0.928,192
2025-12-24,2025-12-24,17,日勤,24,101,49,174,172,2,0.914,159
2025-12-24,2025-12-24,18,日勤,19,67,39,125,134,-9,0.872,109
2025-12-24,2025-12-24,19,日勤,11,47,37,95,97,-2,0.916,87
2025-12-24,2025-12-24,20,夜勤,9,51,43,103,101,2,0.922,95
2025-12-24,2025-12-24,21,夜勤,5,34,33,72,79,-7,0.986,71
2025-12-24,2025-12-24,22,夜勤,3,39,26,68,69,-1,0.912,62
2025-12-24,2025-12-24,23,夜勤,3,23,22,48,49,-1,0.958,46
2025-12-25,2025-12-24,0,夜勤,1,22,20,43,48,-5,0.953,41
2025-12-25,2025-12-24,1,夜勤,1,12,13,26,28,-2,0.962,25
2025-12-25,2025-12-24,2,夜勤,1,13,15,29,28,1,0.862,25
2025-12-25,2025-12-24,3,夜勤,1,12,14,27,28,-1,0.963,26
2025-12-25,2025-12-24,4,夜勤,1,12,13,26,28,-2,0.923,24
2025-12-25,2025-12-24,5,夜勤,1,13,22,36,35,1,0.917,33
2025-12-25,2025-12-24,6,夜勤,1,25,30,56,55,1,0.964,54
2025-12-25,2025-12-24,7,夜勤,1,40,36,77,74,3,0.974,75
2025-12-25,2025-12-24,8,夜勤,1,45,39,85,94,-9,0.953,81
2025-12-25,2025-12-25,9,日勤,13,76,59,148,146,2,0.919,136
2025-12-25,2025-12-25,10,日勤,27,117,68,212,224,-12,0.943,200
2025-12-25,2025-12-25,11,日勤,26,138,67,231,237,-6,0.948,219
2025-12-25,2025-12-25,12,日勤,28,107,73,208,199,9,0.971,202
2025-12-25,2025-12-25,13,日勤,28,134,76,238,224,14,0.924,220
2025-12-25,2025-12-25,14,日勤,26,143,75,244,237,7,0.926,226
2025-12-25,2025-12-25,15,日勤,29,134,64,227,217,10,0.885,201
2025-12-25,2025-12-25,16,日勤,26,108,54,188,197,-9,0.92,173
2025-12-25,2025-12-25,17,日勤,24,103,46,173,172,1,0.913,158
2025-12-25,2025-12-25,18,日勤,19,73,39,131,134,-3,0.924,121
2025-12-25,2025-12-25,19,日勤,10,49,38,97,97,0,0.918,89
2025-12-25,2025-12-25,20,夜勤,9,54,45,108,101,7,0.907,98
2025-12-25,2025-12-25,21,夜勤,6,39,37,82,79,3,0.902,74
2025-12-25,2025-12-25,22,夜勤,3,40,30,73,69,4,0.945,69
2025-12-25,2025-12-25,23,夜勤,3,25,21,49,49,0,0.939,46
2025-12-26,2025-12-25,0,夜勤,1,25,22,48,48,0,0.979,47
2025-12-26,2025-12-25,1,夜勤,2,13,16,31,28,3,0.935,29
2025-12-26,2025-12-25,2,夜勤,1,14,14,29,28,1,0.966,28
2025-12-26,2025-12-25,3,夜勤,2,13,14,29,28,1,0.897,26
2025-12-26,2025-12-25,4,夜勤,1,11,14,26,28,-2,0.962,25
2025-12-26,2025-12-25,5,夜勤,1,13,19,33,35,-2,0.939,31
2025-12-26,2025-12-25,6,夜勤,1,25,27,53,55,-2,0.981,52
2025-12-26,2025-12-25,7,夜勤,1,39,39,79,74,5,0.975,77
2025-12-26,2025-12-25,8,夜勤,1,49,47,97,94,3,0.948,92
2025-12-26,2025-12-26,9,日勤,15,69,57,141,146,-5,0.936,132
2025-12-26,2025-12-26,10,日勤,31,113,72,216,224,-8,0.935,202
2025-12-26,2025-12-26,11,日勤,26,146,70,242,237,5,0.921,223
2025-12-26,2025-12-26,12,日勤,28,96,67,191,199,-8,0.953,182
2025-12-26,2025-12-26,13,日勤,29,129,75,233,224,9,0.91,212
2025-12-26,2025-12-26,14,日勤,31,130,78,239,237,2,0.912,218
2025-12-26,2025-12-26,15,日勤,27,117,69,213,217,-4,0.934,199
2025-12-26,2025-12-26,16,日勤,26,118,55,199,197,2,0.95,189
2025-12-26,2025-12-26,17,日勤,24,102,46,172,172,0,0.959,165
2025-12-26,2025-12-26,18,日勤,17,69,42,128,134,-6,0.961,123
2025-12-26,2025-12-26,19,日勤,11,45,37,93,97,-4,0.968,90
2025-12-26,2025-12-26,20,夜勤,9,51,40,100,101,-1,0.96,96
2025-12-26,2025-12-26,21,夜勤,6,36,36,78,79,-1,0.949,74
2025-12-26,2025-12-26,22,夜勤,3,37,28,68,69,-1,0.912,62
2025-12-26,2025-12-26,23,夜勤,3,23,23,49,49,0,0.939,46
2025-12-27,2025-12-26,0,夜勤,1,27,20,48,48,0,0.979,47
2025-12-27,2025-12-26,1,夜勤,1,12,15,28,28,0,0.893,25
2025-12-27,2025-12-26,2,夜勤,1,12,13,26,28,-2,0.923,24
2025-12-27,2025-12-26,3,夜勤,1,12,15,28,28,0,0.929,26
2025-12-27,2025-12-26,4,夜勤,1,13,13,27,28,-1,0.889,24
2025-12-27,2025-12-26,5,夜勤,1,11,20,32,35,-3,0.969,31
2025-12-27,2025-12-26,6,夜勤,2,26,28,56,55,1,0.911,51
2025-12-27,2025-12-26,7,夜勤,2,41,35,78,74,4,0.949,74
2025-12-27,2025-12-26,8,夜勤,1,53,45,99,94,5,0.909,90
2025-12-27,2025-12-27,9,日勤,13,74,58,145,146,-1,0.972,141
2025-12-27,2025-12-27,10,日勤,27,123,67,217,224,-7,0.922,200
2025-12-27,2025-12-27,11,日勤,29,142,66,237,237,0,0.907,215
2025-12-27,2025-12-27,12,日勤,32,105,77,214,199,15,0.944,202
2025-12-27,2025-12-27,13,日勤,28,126,67,221,224,-3,0.937,207
2025-12-27,2025-12-27,14,日勤,29,126,74,229,237,-8,0.908,208
2025-12-27,2025-12-27,15,日勤,27,112,65,204,217,-13,0.922,188
2025-12-27,2025-12-27,16,日勤,31,103,54,188,197,-9,0.915,172
2025-12-27,2025-12-27,17,日勤,24,106,51,181,172,9,0.978,177
2025-12-27,2025-12-27,18,日勤,18,78,41,137,134,3,0.942,129
2025-12-27,2025-12-27,19,日勤,10,47,37,94,97,-3,0.926,87
2025-12-27,2025-12-27,20,夜勤,9,50,41,100,101,-1,0.97,97
2025-12-27,2025-12-27,21,夜勤,6,40,33,79,79,0,0.911,72
2025-12-27,2025-12-27,22,夜勤,3,39,28,70,69,1,0.943,66
2025-12-27,2025-12-27,23,夜勤,3,26,22,51,49,2,0.98,50
2025-12-28,2025-12-27,0,夜勤,1,25,21,47,48,-1,0.957,45
2025-12-28,2025-12-27,1,夜勤,1,13,15,29,28,1,0.931,27
2025-12-28,2025-12-27,2,夜勤,1,12,15,28,28,0,0.929,26
2025-12-28,2025-12-27,3,夜勤,2,12,14,28,28,0,0.929,26
2025-12-28,2025-12-27,4,夜勤,1,13,15,29,28,1,0.931,27
2025-12-28,2025-12-27,5,夜勤,1,12,20,33,35,-2,0.909,30
2025-12-28,2025-12-27,6,夜勤,1,26,31,58,55,3,0.931,54
2025-12-28,2025-12-27,7,夜勤,1,35,38,74,74,0,0.905,67
2025-12-28,2025-12-27,8,夜勤,1,54,45,100,94,6,0.89,89
2025-12-28,2025-12-28,9,日勤,14,77,62,153,146,7,0.954,146
2025-12-28,2025-12-28,10,日勤,27,130,65,222,224,-2,0.959,213
2025-12-28,2025-12-28,11,日勤,30,133,69,232,237,-5,0.918,213
2025-12-28,2025-12-28,12,日勤,30,89,72,191,199,-8,0.906,173
2025-12-28,2025-12-28,13,日勤,27,112,71,210,224,-14,0.91,191
2025-12-28,2025-12-28,14,日勤,29,135,75,239,237,2,0.929,222
2025-12-28,2025-12-28,15,日勤,29,118,68,215,217,-2,0.967,208
2025-12-28,2025-12-28,16,日勤,30,118,60,208,197,11,0.966,201
2025-12-28,2025-12-28,17,日勤,21,92,53,166,172,-6,0.916,152
2025-12-28,2025-12-28,18,日勤,19,78,46,143,134,9,0.902,129
2025-12-28,2025-12-28,19,日勤,12,49,34,95,97,-2,0.947,90
2025-12-28,2025-12-28,20,夜勤,8,48,40,96,101,-5,0.917,88
2025-12-28,2025-12-28,21,夜勤,6,36,37,79,79,0,0.911,72
2025-12-28,2025-12-28,22,夜勤,3,40,31,74,69,5,0.905,67
2025-12-28,2025-12-28,23,夜勤,3,25,20,48,49,-1,0.938,45
2025-12-29,2025-12-28,0,夜勤,1,27,23,51,48,3,0.882,45
2025-12-29,2025-12-28,1,夜勤,1,14,13,28,28,0,0.964,27
2025-12-29,2025-12-28,2,夜勤,1,12,16,29,28,1,0.966,28
2025-12-29,2025-12-28,3,夜勤,1,13,14,28,28,0,0.893,25
2025-12-29,2025-12-28,4,夜勤,1,13,14,28,28,0,0.964,27
2025-12-29,2025-12-28,5,夜勤,1,12,23,36,35,1,0.972,35
2025-12-29,2025-12-28,6,夜勤,1,27,31,59,55,4,0.864,51
2025-12-29,2025-12-28,7,夜勤,1,36,37,74,74,0,0.959,71
2025-12-29,2025-12-28,8,夜勤,1,54,40,95,94,1,0.937,89
2025-12-29,2025-12-29,9,日勤,16,69,53,138,146,-8,0.971,134
2025-12-29,2025-12-29,10,日勤,27,122,69,218,224,-6,0.922,201
2025-12-29,2025-12-29,11,日勤,27,124,68,219,237,-18,0.941,206
2025-12-29,2025-12-29,12,日勤,30,101,69,200,199,1,0.92,184
2025-12-29,2025-12-29,13,日勤,27,117,69,213,224,-11,0.934,199
2025-12-29,2025-12-29,14,日勤,27,137,66,230,237,-7,0.961,221
2025-12-29,2025-12-29,15,日勤,27,116,65,208,217,-9,0.928,193
2025-12-29,2025-12-29,16,日勤,29,105,55,189,197,-8,0.952,180
2025-12-29,2025-12-29,17,日勤,25,109,49,183,172,11,0.956,175
2025-12-29,2025-12-29,18,日勤,16,72,45,133,134,-1,0.962,128
2025-12-29,2025-12-29,19,日勤,12,46,35,93,97,-4,0.957,89
2025-12-29,2025-12-29,20,夜勤,9,50,41,100,101,-1,0.91,91
2025-12-29,2025-12-29,21,夜勤,6,39,39,84,79,5,0.952,80
2025-12-29,2025-12-29,22,夜勤,3,37,29,69,69,0,0.957,66
2025-12-29,2025-12-29,23,夜勤,3,27,20,50,49,1,0.9,45
2025-12-30,2025-12-29,0,夜勤,1,24,20,45,48,-3,0.933,42
2025-12-30,2025-12-29,1,夜勤,1,12,15,28,28,0,0.964,27
2025-12-30,2025-12-29,2,夜勤,1,13,15,29,28,1,0.931,27
2025-12-30,2025-12-29,3,夜勤,2,12,13,27,28,-1,0.926,25
2025-12-30,2025-12-29,4,夜勤,1,13,14,28,28,0,0.964,27
2025-12-30,2025-12-29,5,夜勤,2,12,20,34,35,-1,0.971,33
2025-12-30,2025-12-29,6,夜勤,2,24,31,57,55,2,0.912,52
2025-12-30,2025-12-29,7,夜勤,1,37,35,73,74,-1,0.945,69
2025-12-30,2025-12-29,8,夜勤,1,50,40,91,94,-3,0.945,86
2025-12-30,2025-12-30,9,日勤,13,73,55,141,146,-5,0.943,133
2025-12-30,2025-12-30,10,日勤,30,122,77,229,224,5,0.908,208
2025-12-30,2025-12-30,11,日勤,30,126,65,221,237,-16,0.937,207
2025-12-30,2025-12-30,12,日勤,30,97,73,200,199,1,0.945,189
2025-12-30,2025-12-30,13,日勤,29,114,69,212,224,-12,0.877,186
2025-12-30,2025-12-30,14,日勤,28,139,78,245,237,8,0.947,232
2025-12-30,2025-12-30,15,日勤,31,112,64,207,217,-10,0.928,192
2025-12-30,2025-12-30,16,日勤,27,109,60,196,197,-1,0.903,177
2025-12-30,2025-12-30,17,日勤,22,107,54,183,172,11,0.934,171
2025-12-30,2025-12-30,18,日勤,16,77,44,137,134,3,0.927,127
2025-12-30,2025-12-30,19,日勤,12,49,33,94,97,-3,0.936,88
2025-12-30,2025-12-30,20,夜勤,9,49,41,99,101,-2,0.929,92
2025-12-30,2025-12-30,21,夜勤,6,38,33,77,79,-2,0.974,75
2025-12-30,2025-12-30,22,夜勤,3,38,31,72,69,3,0.944,68
2025-12-30,2025-12-30,23,夜勤,3,25,22,50,49,1,0.94,47
2025-12-31,2025-12-30,0,夜勤,1,26,20,47,48,-1,0.915,43
2025-12-31,2025-12-30,1,夜勤,1,13,14,28,28,0,0.929,26
2025-12-31,2025-12-30,2,夜勤,1,13,14,28,28,0,0.893,25
2025-12-31,2025-12-30,3,夜勤,1,13,15,29,28,1,0.931,27
2025-12-31,2025-12-30,4,夜勤,1,13,16,30,28,2,0.9,27
2025-12-31,2025-12-30,5,夜勤,1,13,20,34,35,-1,0.971,33
2025-12-31,2025-12-30,6,夜勤,2,23,31,56,55,1,0.911,51
2025-12-31,2025-12-30,7,夜勤,1,35,34,70,74,-4,0.957,67
2025-12-31,2025-12-30,8,夜勤,1,48,41,90,94,-4,0.856,77
2025-12-31,2025-12-31,9,日勤,15,77,57,149,146,3,0.919,137
2025-12-31,2025-12-31,10,日勤,26,130,70,226,224,2,0.92,208
2025-12-31,2025-12-31,11,日勤,28,126,75,229,237,-8,0.904,207
2025-12-31,2025-12-31,12,日勤,26,108,68,202,199,3,0.96,194
2025-12-31,2025-12-31,13,日勤,30,119,74,223,224,-1,0.978,218
2025-12-31,2025-12-31,14,日勤,28,142,78,248,237,11,0.935,232
2025-12-31,2025-12-31,15,日勤,27,131,64,222,217,5,0.914,203
2025-12-31,2025-12-31,16,日勤,27,121,61,209,197,12,0.928,194
2025-12-31,2025-12-31,17,日勤,25,100,48,173,172,1,0.971,168
2025-12-31,2025-12-31,18,日勤,19,70,40,129,134,-5,0.891,115
2025-12-31,2025-12-31,19,日勤,11,54,39,104,97,7,0.904,94
2025-12-31,2025-12-31,20,夜勤,8,47,42,97,101,-4,0.866,84
2025-12-31,2025-12-31,21,夜勤,6,38,35,79,79,0,0.911,72
2025-12-31,2025-12-31,22,夜勤,3,40,30,73,69,4,0.932,68
2025-12-31,2025-12-31,23,夜勤,3,24,21,48,49,-1,0.979,47
2026-01-01,2025-12-31,0,夜勤,1,22,19,42,48,-6,0.976,41
2026-01-01,2025-12-31,1,夜勤,1,13,14,28,28,0,0.964,27
2026-01-01,2025-12-31,2,夜勤,1,13,14,28,28,0,0.929,26
2026-01-01,2025-12-31,3,夜勤,1,12,14,27,28,-1,0.963,26
2026-01-01,2025-12-31,4,夜勤,1,13,13,27,28,-1,0.963,26
2026-01-01,2025-12-31,5,夜勤,2,13,20,35,35,0,0.971,34
2026-01-01,2025-12-31,6,夜勤,2,23,29,54,55,-1,0.907,49
2026-01-01,2025-12-31,7,夜勤,1,37,38,76,74,2,0.961,73
2026-01-01,2025-12-31,8,夜勤,2,53,45,100,94,6,0.95,95
2026-01-01,2026-01-01,9,日勤,14,76,60,150,146,4,0.893,134
2026-01-01,2026-01-01,10,日勤,31,116,76,223,224,-1,0.924,206
2026-01-01,2026-01-01,11,日勤,30,143,68,241,237,4,0.921,222
2026-01-01,2026-01-01,12,日勤,26,108,76,210,199,11,0.957,201
2026-01-01,2026-01-01,13,日勤,31,132,76,239,224,15,0.916,219
2026-01-01,2026-01-01,14,日勤,28,142,73,243,237,6,0.947,230
2026-01-01,2026-01-01,15,日勤,29,132,69,230,217,13,0.948,218
2026-01-01,2026-01-01,16,日勤,28,106,62,196,197,-1,0.954,187
2026-01-01,2026-01-01,17,日勤,21,109,55,185,172,13,0.973,180
2026-01-01,2026-01-01,18,日勤,17,75,43,135,134,1,0.904,122
2026-01-01,2026-01-01,19,日勤,10,48,39,97,97,0,0.979,95
2026-01-01,2026-01-01,20,夜勤,9,49,47,105,101,4,0.905,95
2026-01-01,2026-01-01,21,夜勤,6,39,36,81,79,2,0.926,75
2026-01-01,2026-01-01,22,夜勤,3,39,27,69,69,0,0.942,65
2026-01-01,2026-01-01,23,夜勤,3,27,21,51,49,2,0.922,47
2026-01-02,2026-01-01,0,夜勤,1,27,21,49,48,1,0.959,47
2026-01-02,2026-01-01,1,夜勤,1,13,14,28,28,0,0.929,26
2026-01-02,2026-01-01,2,夜勤,1,13,14,28,28,0,0.964,27
2026-01-02,2026-01-01,3,夜勤,2,11,14,27,28,-1,0.926,25
2026-01-02,2026-01-01,4,夜勤,1,13,13,27,28,-1,0.926,25
2026-01-02,2026-01-01,5,夜勤,1,14,23,38,35,3,0.921,35
2026-01-02,2026-01-01,6,夜勤,1,26,28,55,55,0,0.982,54
2026-01-02,2026-01-01,7,夜勤,2,37,35,74,74,0,0.878,65
2026-01-02,2026-01-01,8,夜勤,1,49,45,95,94,1,0.905,86
2026-01-02,2026-01-02,9,日勤,13,68,62,143,146,-3,0.93,133
2026-01-02,2026-01-02,10,日勤,28,123,77,228,224,4,0.969,221
2026-01-02,2026-01-02,11,日勤,31,133,76,240,237,3,0.946,227
2026-01-02,2026-01-02,12,日勤,26,98,74,198,199,-1,0.924,183
2026-01-02,2026-01-02,13,日勤,31,130,73,234,224,10,0.923,216
2026-01-02,2026-01-02,14,日勤,26,139,70,235,237,-2,0.953,224
2026-01-02,2026-01-02,15,日勤,30,126,68,224,217,7,0.964,216
2026-01-02,2026-01-02,16,日勤,26,113,52,191,197,-6,0.932,178
2026-01-02,2026-01-02,17,日勤,23,90,52,165,172,-7,0.97,160
2026-01-02,2026-01-02,18,日勤,19,76,39,134,134,0,0.94,126
2026-01-02,2026-01-02,19,日勤,12,51,39,102,97,5,0.902,92
2026-01-02,2026-01-02,20,夜勤,9,45,45,99,101,-2,0.919,91
2026-01-02,2026-01-02,21,夜勤,6,39,34,79,79,0,0.962,76
2026-01-02,2026-01-02,22,夜勤,3,40,29,72,69,3,0.972,70
2026-01-02,2026-01-02,23,夜勤,3,25,20,48,49,-1,0.958,46
2026-01-03,2026-01-02,0,夜勤,1,25,21,47,48,-1,0.957,45
2026-01-03,2026-01-02,1,夜勤,1,12,14,27,28,-1,0.852,23
2026-01-03,2026-01-02,2,夜勤,1,14,14,29,28,1,0.931,27
2026-01-03,2026-01-02,3,夜勤,1,12,13,26,28,-2,0.923,24
2026-01-03,2026-01-02,4,夜勤,2,11,16,29,28,1,0.897,26
2026-01-03,2026-01-02,5,夜勤,1,12,21,34,35,-1,0.971,33
2026-01-03,2026-01-02,6,夜勤,1,23,31,55,55,0,0.964,53
2026-01-03,2026-01-02,7,夜勤,1,39,34,74,74,0,0.959,71
2026-01-03,2026-01-02,8,夜勤,1,45,41,87,94,-7,0.908,79
2026-01-03,2026-01-03,9,日勤,13,76,56,145,146,-1,0.966,140
2026-01-03,2026-01-03,10,日勤,27,130,75,232,224,8,0.927,215
2026-01-03,2026-01-03,11,日勤,30,133,77,240,237,3,0.963,231
2026-01-03,2026-01-03,12,日勤,31,108,78,217,199,18,0.889,193
2026-01-03,2026-01-03,13,日勤,30,129,75,234,224,10,0.97,227
2026-01-03,2026-01-03,14,日勤,28,138,75,241,237,4,0.954,230
2026-01-03,2026-01-03,15,日勤,27,131,62,220,217,3,0.945,208
2026-01-03,2026-01-03,16,日勤,28,109,59,196,197,-1,0.969,190
2026-01-03,2026-01-03,17,日勤,22,101,54,177,172,5,0.904,160
2026-01-03,2026-01-03,18,日勤,17,80,41,138,134,4,0.964,133
2026-01-03,2026-01-03,19,日勤,12,45,39,96,97,-1,0.896,86
2026-01-03,2026-01-03,20,夜勤,8,53,39,100,101,-1,0.95,95
2026-01-03,2026-01-03,21,夜勤,6,35,37,78,79,-1,0.974,76
2026-01-03,2026-01-03,22,夜勤,3,34,28,65,69,-4,0.908,59
2026-01-03,2026-01-03,23,夜勤,3,27,23,53,49,4,0.943,50
2026-01-04,2026-01-03,0,夜勤,1,23,21,45,48,-3,0.956,43
2026-01-04,2026-01-03,1,夜勤,1,13,15,29,28,1,0.966,28
2026-01-04,2026-01-03,2,夜勤,1,11,14,26,28,-2,0.923,24
2026-01-04,2026-01-03,3,夜勤,1,14,14,29,28,1,0.931,27
2026-01-04,2026-01-03,4,夜勤,1,13,13,27,28,-1,0.963,26
2026-01-04,2026-01-03,5,夜勤,2,12,20,34,35,-1,0.971,33
2026-01-04,2026-01-03,6,夜勤,2,25,29,56,55,1,0.946,53
2026-01-04,2026-01-03,7,夜勤,1,40,39,80,74,6,0.9,72
2026-01-04,2026-01-03,8,夜勤,1,54,42,97,94,3,0.907,88
2026-01-04,2026-01-04,9,日勤,14,77,60,151,146,5,0.98,148
2026-01-04,2026-01-04,10,日勤,27,131,70,228,224,4,0.912,208
2026-01-04,2026-01-04,11,日勤,28,138,71,237,237,0,0.924,219
2026-01-04,2026-01-04,12,日勤,30,108,73,211,199,12,0.929,196
2026-01-04,2026-01-04,13,日勤,31,124,69,224,224,0,0.902,202
2026-01-04,2026-01-04,14,日勤,31,136,73,240,237,3,0.963,231
2026-01-04,2026-01-04,15,日勤,31,127,64,222,217,5,0.914,203
2026-01-04,2026-01-04,16,日勤,27,115,56,198,197,1,0.955,189
2026-01-04,2026-01-04,17,日勤,25,102,53,180,172,8,0.967,174
2026-01-04,2026-01-04,18,日勤,17,72,45,134,134,0,0.97,130
2026-01-04,2026-01-04,19,日勤,12,46,33,91,97,-6,0.967,88
2026-01-04,2026-01-04,20,夜勤,9,54,40,103,101,2,0.942,97
2026-01-04,2026-01-04,21,夜勤,6,35,37,78,79,-1,0.949,74
2026-01-04,2026-01-04,22,夜勤,3,36,30,69,69,0,0.913,63
2026-01-04,2026-01-04,23,夜勤,3,23,22,48,49,-1,0.958,46
2026-01-05,2026-01-04,0,夜勤,1,24,22,47,48,-1,0.957,45
2026-01-05,2026-01-04,1,夜勤,2,11,15,28,28,0,0.929,26
2026-01-05,2026-01-04,2,夜勤,1,12,14,27,28,-1,0.963,26
2026-01-05,2026-01-04,3,夜勤,1,12,13,26,28,-2,0.923,24
2026-01-05,2026-01-04,4,夜勤,1,11,14,26,28,-2,0.962,25
2026-01-05,2026-01-04,5,夜勤,2,12,20,34,35,-1,0.941,32
2026-01-05,2026-01-04,6,夜勤,1,24,26,51,55,-4,0.98,50
2026-01-05,2026-01-04,7,夜勤,1,40,36,77,74,3,0.948,73
2026-01-05,2026-01-04,8,夜勤,1,51,39,91,94,-3,0.923,84
2026-01-05,2026-01-05,9,日勤,15,79,53,147,146,1,0.973,143
2026-01-05,2026-01-05,10,日勤,30,132,65,227,224,3,0.956,217
2026-01-05,2026-01-05,11,日勤,31,149,65,245,237,8,0.955,234
2026-01-05,2026-01-05,12,日勤,31,98,70,199,199,0,0.96,191
2026-01-05,2026-01-05,13,日勤,26,122,67,215,224,-9,0.953,205
2026-01-05,2026-01-05,14,日勤,29,135,76,240,237,3,0.967,232
2026-01-05,2026-01-05,15,日勤,27,131,70,228,217,11,0.917,209
2026-01-05,2026-01-05,16,日勤,27,121,59,207,197,10,0.85,176
2026-01-05,2026-01-05,17,日勤,22,106,53,181,172,9,0.945,171
2026-01-05,2026-01-05,18,日勤,16,71,42,129,134,-5,0.961,124
2026-01-05,2026-01-05,19,日勤,12,48,35,95,97,-2,0.926,88
2026-01-05,2026-01-05,20,夜勤,8,51,40,99,101,-2,0.919,91
2026-01-05,2026-01-05,21,夜勤,6,40,39,85,79,6,0.929,79
2026-01-05,2026-01-05,22,夜勤,3,39,27,69,69,0,0.971,67
2026-01-05,2026-01-05,23,夜勤,3,26,23,52,49,3,0.923,48
2026-01-06,2026-01-05,0,夜勤,1,26,23,50,48,2,0.92,46
2026-01-06,2026-01-05,1,夜勤,2,13,14,29,28,1,0.966,28
2026-01-06,2026-01-05,2,夜勤,1,13,15,29,28,1,0.931,27
2026-01-06,2026-01-05,3,夜勤,1,12,15,28,28,0,0.929,26
2026-01-06,2026-01-05,4,夜勤,1,12,15,28,28,0,0.929,26
2026-01-06,2026-01-05,5,夜勤,1,13,20,34,35,-1,0.912,31
2026-01-06,2026-01-05,6,夜勤,1,27,26,54,55,-1,0.926,50
2026-01-06,2026-01-05,7,夜勤,1,40,35,76,74,2,0.908,69
2026-01-06,2026-01-05,8,夜勤,2,51,39,92,94,-2,0.902,83
2026-01-06,2026-01-06,9,日勤,16,75,56,147,146,1,0.952,140
2026-01-06,2026-01-06,10,日勤,29,136,65,230,224,6,0.909,209
2026-01-06,2026-01-06,11,日勤,30,138,69,237,237,0,0.924,219
2026-01-06,2026-01-06,12,日勤,29,109,69,207,199,8,0.961,199
2026-01-06,2026-01-06,13,日勤,28,116,74,218,224,-6,0.917,200
2026-01-06,2026-01-06,14,日勤,30,136,76,242,237,5,0.926,224
2026-01-06,2026-01-06,15,日勤,28,127,68,223,217,6,0.924,206
2026-01-06,2026-01-06,16,日勤,28,122,63,213,197,16,0.953,203
2026-01-06,2026-01-06,17,日勤,23,109,52,184,172,12,0.875,161
2026-01-06,2026-01-06,18,日勤,17,68,41,126,134,-8,0.889,112
2026-01-06,2026-01-06,19,日勤,11,47,36,94,97,-3,0.936,88
2026-01-06,2026-01-06,20,夜勤,9,51,44,104,101,3,0.962,100
2026-01-06,2026-01-06,21,夜勤,6,36,36,78,79,-1,0.974,76
2026-01-06,2026-01-06,22,夜勤,3,40,28,71,69,2,0.859,61
2026-01-06,2026-01-06,23,夜勤,3,24,23,50,49,1,0.98,49
2026-01-07,2026-01-06,0,夜勤,1,22,20,43,48,-5,0.907,39
2026-01-07,2026-01-06,1,夜勤,1,14,15,30,28,2,0.933,28
2026-01-07,2026-01-06,2,夜勤,1,13,15,29,28,1,0.966,28
2026-01-07,2026-01-06,3,夜勤,2,12,15,29,28,1,0.966,28
2026-01-07,2026-01-06,4,夜勤,1,12,15,28,28,0,0.964,27
2026-01-07,2026-01-06,5,夜勤,2,12,22,36,35,1,0.944,34
2026-01-07,2026-01-06,6,夜勤,1,26,26,53,55,-2,0.925,49
2026-01-07,2026-01-06,7,夜勤,1,40,32,73,74,-1,0.877,64
2026-01-07,2026-01-06,8,夜勤,1,51,45,97,94,3,0.907,88
2026-01-07,2026-01-07,9,日勤,15,79,62,156,146,10,0.949,148
2026-01-07,2026-01-07,10,日勤,27,133,71,231,224,7,0.913,211
2026-01-07,2026-01-07,11,日勤,26,132,67,225,237,-12,0.969,218
2026-01-07,2026-01-07,12,日勤,27,93,67,187,199,-12,0.909,170
2026-01-07,2026-01-07,13,日勤,31,129,74,234,224,10,0.966,226
2026-01-07,2026-01-07,14,日勤,30,146,65,241,237,4,0.867,209
2026-01-07,2026-01-07,15,日勤,30,121,62,213,217,-4,0.93,198
2026-01-07,2026-01-07,16,日勤,28,120,53,201,197,4,0.965,194
2026-01-07,2026-01-07,17,日勤,25,96,51,172,172,0,0.953,164
2026-01-07,2026-01-07,18,日勤,18,74,40,132,134,-2,0.97,128
2026-01-07,2026-01-07,19,日勤,11,52,34,97,97,0,0.959,93
2026-01-07,2026-01-07,20,夜勤,8,48,46,102,101,1,0.922,94
2026-01-07,2026-01-07,21,夜勤,6,39,34,79,79,0,0.861,68
2026-01-07,2026-01-07,22,夜勤,3,34,30,67,69,-2,0.955,64
2026-01-07,2026-01-07,23,夜勤,3,23,21,47,49,-2,0.957,45
2026-01-08,2026-01-07,0,夜勤,1,23,23,47,48,-1,0.894,42
2026-01-08,2026-01-07,1,夜勤,1,12,14,27,28,-1,0.926,25
2026-01-08,2026-01-07,2,夜勤,1,13,16,30,28,2,0.933,28
2026-01-08,2026-01-07,3,夜勤,1,11,14,26,28,-2,0.962,25
2026-01-08,2026-01-07,4,夜勤,1,13,15,29,28,1,0.966,28
2026-01-08,2026-01-07,5,夜勤,1,13,22,36,35,1,0.917,33
2026-01-08,2026-01-07,6,夜勤,1,27,31,59,55,4,0.915,54
2026-01-08,2026-01-07,7,夜勤,1,36,39,76,74,2,0.974,74
2026-01-08,2026-01-07,8,夜勤,2,51,43,96,94,2,0.948,91
2026-01-08,2026-01-08,9,日勤,14,76,52,142,146,-4,0.979,139
2026-01-08,2026-01-08,10,日勤,31,116,73,220,224,-4,0.918,202
2026-01-08,2026-01-08,11,日勤,30,140,72,242,237,5,0.975,236
2026-01-08,2026-01-08,12,日勤,30,99,75,204,199,5,0.961,196
2026-01-08,2026-01-08,13,日勤,29,134,74,237,224,13,0.857,203
2026-01-08,2026-01-08,14,日勤,26,124,67,217,237,-20,0.963,209
2026-01-08,2026-01-08,15,日勤,27,121,68,216,217,-1,0.977,211
2026-01-08,2026-01-08,16,日勤,30,120,52,202,197,5,0.916,185
2026-01-08,2026-01-08,17,日勤,25,92,52,169,172,-3,0.923,156
2026-01-08,2026-01-08,18,日勤,18,69,44,131,134,-3,0.962,126
2026-01-08,2026-01-08,19,日勤,12,51,37,100,97,3,0.92,92
2026-01-08,2026-01-08,20,夜勤,8,54,47,109,101,8,0.917,100
2026-01-08,2026-01-08,21,夜勤,6,35,38,79,79,0,0.899,71
2026-01-08,2026-01-08,22,夜勤,3,34,29,66,69,-3,0.909,60
2026-01-08,2026-01-08,23,夜勤,3,23,22,48,49,-1,0.938,45
2026-01-09,2026-01-08,0,夜勤,1,25,23,49,48,1,0.939,46
2026-01-09,2026-01-08,1,夜勤,1,12,16,29,28,1,0.862,25
2026-01-09,2026-01-08,2,夜勤,1,12,14,27,28,-1,0.926,25
2026-01-09,2026-01-08,3,夜勤,1,13,16,30,28,2,0.967,29
2026-01-09,2026-01-08,4,夜勤,2,13,15,30,28,2,0.9,27
2026-01-09,2026-01-08,5,夜勤,2,13,23,38,35,3,0.947,36
2026-01-09,2026-01-08,6,夜勤,1,24,27,52,55,-3,0.923,48
2026-01-09,2026-01-08,7,夜勤,2,40,35,77,74,3,0.922,71
2026-01-09,2026-01-08,8,夜勤,1,54,41,96,94,2,0.938,90
2026-01-09,2026-01-09,9,日勤,13,70,62,145,146,-1,0.938,136
2026-01-09,2026-01-09,10,日勤,27,130,72,229,224,5,0.969,222
2026-01-09,2026-01-09,11,日勤,29,133,78,240,237,3,0.954,229
2026-01-09,2026-01-09,12,日勤,31,103,73,207,199,8,0.86,178
2026-01-09,2026-01-09,13,日勤,29,114,72,215,224,-9,0.916,197
2026-01-09,2026-01-09,14,日勤,31,135,76,242,237,5,0.913,221
2026-01-09,2026-01-09,15,日勤,26,136,62,224,217,7,0.933,209
2026-01-09,2026-01-09,16,日勤,27,102,53,182,197,-15,0.923,168
2026-01-09,2026-01-09,17,日勤,23,105,51,179,172,7,0.955,171
2026-01-09,2026-01-09,18,日勤,19,73,42,134,134,0,0.94,126
2026-01-09,2026-01-09,19,日勤,10,52,37,99,97,2,0.98,97
2026-01-09,2026-01-09,20,夜勤,8,53,42,103,101,2,0.961,99
2026-01-09,2026-01-09,21,夜勤,5,34,39,78,79,-1,0.974,76
2026-01-09,2026-01-09,22,夜勤,3,34,27,64,69,-5,0.969,62
2026-01-09,2026-01-09,23,夜勤,3,24,20,47,49,-2,0.936,44
2026-01-10,2026-01-09,0,夜勤,1,27,21,49,48,1,0.98,48
2026-01-10,2026-01-09,1,夜勤,2,12,15,29,28,1,0.931,27
2026-01-10,2026-01-09,2,夜勤,2,11,16,29,28,1,0.966,28
2026-01-10,2026-01-09,3,夜勤,2,12,13,27,28,-1,0.963,26
2026-01-10,2026-01-09,4,夜勤,1,13,14,28,28,0,0.964,27
2026-01-10,2026-01-09,5,夜勤,1,12,23,36,35,1,0.917,33
2026-01-10,2026-01-09,6,夜勤,2,23,29,54,55,-1,0.907,49
2026-01-10,2026-01-09,7,夜勤,2,35,38,75,74,1,0.96,72
2026-01-10,2026-01-09,8,夜勤,1,51,46,98,94,4,0.98,96
2026-01-10,2026-01-10,9,日勤,15,80,54,149,146,3,0.926,138
2026-01-10,2026-01-10,10,日勤,31,132,70,233,224,9,0.91,212
2026-01-10,2026-01-10,11,日勤,28,125,69,222,237,-15,0.91,202
2026-01-10,2026-01-10,12,日勤,29,103,65,197,199,-2,0.964,190
2026-01-10,2026-01-10,13,日勤,28,127,77,232,224,8,0.974,226
2026-01-10,2026-01-10,14,日勤,26,126,69,221,237,-16,0.955,211
2026-01-10,2026-01-10,15,日勤,31,119,70,220,217,3,0.905,199
2026-01-10,2026-01-10,16,日勤,29,103,55,187,197,-10,0.952,178
2026-01-10,2026-01-10,17,日勤,22,101,49,172,172,0,0.919,158
2026-01-10,2026-01-10,18,日勤,16,81,46,143,134,9,0.979,140
2026-01-10,2026-01-10,19,日勤,10,52,33,95,97,-2,0.947,90
2026-01-10,2026-01-10,20,夜勤,9,46,41,96,101,-5,0.979,94
2026-01-10,2026-01-10,21,夜勤,6,40,38,84,79,5,0.929,78
2026-01-10,2026-01-10,22,夜勤,3,41,29,73,69,4,0.973,71
2026-01-10,2026-01-10,23,夜勤,3,27,23,53,49,4,0.981,52
2026-01-11,2026-01-10,0,夜勤,2,24,20,46,48,-2,0.957,44
2026-01-11,2026-01-10,1,夜勤,2,13,14,29,28,1,0.966,28
2026-01-11,2026-01-10,2,夜勤,1,13,14,28,28,0,0.893,25
2026-01-11,2026-01-10,3,夜勤,1,11,14,26,28,-2,0.962,25
2026-01-11,2026-01-10,4,夜勤,1,13,13,27,28,-1,0.963,26
2026-01-11,2026-01-10,5,夜勤,1,13,22,36,35,1,0.917,33
2026-01-11,2026-01-10,6,夜勤,1,23,27,51,55,-4,0.941,48
2026-01-11,2026-01-10,7,夜勤,1,35,39,75,74,1,0.973,73
2026-01-11,2026-01-10,8,夜勤,1,45,42,88,94,-6,0.932,82
2026-01-11,2026-01-11,9,日勤,15,71,56,142,146,-4,0.965,137
2026-01-11,2026-01-11,10,日勤,31,127,74,232,224,8,0.922,214
2026-01-11,2026-01-11,11,日勤,28,127,71,226,237,-11,0.973,220
2026-01-11,2026-01-11,12,日勤,32,94,69,195,199,-4,0.938,183
2026-01-11,2026-01-11,13,日勤,30,121,72,223,224,-1,0.964,215
2026-01-11,2026-01-11,14,日勤,31,137,76,244,237,7,0.971,237
2026-01-11,2026-01-11,15,日勤,27,112,63,202,217,-15,0.946,191
2026-01-11,2026-01-11,16,日勤,31,104,56,191,197,-6,0.963,184
2026-01-11,2026-01-11,17,日勤,25,108,54,187,172,15,0.979,183
2026-01-11,2026-01-11,18,日勤,17,82,46,145,134,11,0.979,142
2026-01-11,2026-01-11,19,日勤,12,45,33,90,97,-7,0.933,84
2026-01-11,2026-01-11,20,夜勤,9,54,46,109,101,8,0.908,99
2026-01-11,2026-01-11,21,夜勤,6,41,36,83,79,4,0.976,81
2026-01-11,2026-01-11,22,夜勤,3,39,28,70,69,1,0.943,66
2026-01-11,2026-01-11,23,夜勤,3,27,21,51,49,2,0.902,46
2026-01-12,2026-01-11,0,夜勤,1,25,23,49,48,1,0.857,42
2026-01-12,2026-01-11,1,夜勤,1,13,14,28,28,0,0.929,26
2026-01-12,2026-01-11,2,夜勤,1,12,15,28,28,0,0.929,26
2026-01-12,2026-01-11,3,夜勤,1,13,14,28,28,0,0.964,27
2026-01-12,2026-01-11,4,夜勤,1,12,15,28,28,0,0.964,27
2026-01-12,2026-01-11,5,夜勤,1,12,22,35,35,0,0.857,30
2026-01-12,2026-01-11,6,夜勤,1,24,28,53,55,-2,0.962,51
2026-01-12,2026-01-11,7,夜勤,1,41,37,79,74,5,0.937,74
2026-01-12,2026-01-11,8,夜勤,1,45,46,92,94,-2,0.946,87
2026-01-12,2026-01-12,9,日勤,14,68,63,145,146,-1,0.903,131
2026-01-12,2026-01-12,10,日勤,28,118,73,219,224,-5,0.936,205
2026-01-12,2026-01-12,11,日勤,29,144,67,240,237,3,0.908,218
2026-01-12,2026-01-12,12,日勤,26,102,67,195,199,-4,0.903,176
2026-01-12,2026-01-12,13,日勤,31,114,74,219,224,-5,0.932,204
2026-01-12,2026-01-12,14,日勤,30,136,72,238,237,1,0.971,231
2026-01-12,2026-01-12,15,日勤,28,132,68,228,217,11,0.965,220
2026-01-12,2026-01-12,16,日勤,30,102,57,189,197,-8,0.979,185
2026-01-12,2026-01-12,17,日勤,22,96,48,166,172,-6,0.952,158
2026-01-12,2026-01-12,18,日勤,16,76,40,132,134,-2,0.97,128
2026-01-12,2026-01-12,19,日勤,11,47,35,93,97,-4,0.968,90
2026-01-12,2026-01-12,20,夜勤,9,53,45,107,101,6,0.953,102
2026-01-12,2026-01-12,21,夜勤,6,38,36,80,79,1,0.9,72
2026-01-12,2026-01-12,22,夜勤,3,37,31,71,69,2,0.972,69
2026-01-12,2026-01-12,23,夜勤,3,27,20,50,49,1,0.9,45
2026-01-13,2026-01-12,0,夜勤,2,24,22,48,48,0,0.917,44
2026-01-13,2026-01-12,1,夜勤,1,13,14,28,28,0,0.893,25
2026-01-13,2026-01-12,2,夜勤,2,12,14,28,28,0,0.893,25
2026-01-13,2026-01-12,3,夜勤,1,12,13,26,28,-2,0.962,25
2026-01-13,2026-01-12,4,夜勤,1,11,15,27,28,-1,0.926,25
2026-01-13,2026-01-12,5,夜勤,1,12,23,36,35,1,0.944,34
2026-01-13,2026-01-12,6,夜勤,2,26,28,56,55,1,0.946,53
2026-01-13,2026-01-12,7,夜勤,1,41,39,81,74,7,0.951,77
2026-01-13,2026-01-12,8,夜勤,1,46,43,90,94,-4,0.933,84
2026-01-13,2026-01-13,9,日勤,15,72,60,147,146,1,0.939,138
2026-01-13,2026-01-13,10,日勤,30,133,69,232,224,8,0.978,227
2026-01-13,2026-01-13,11,日勤,30,128,74,232,237,-5,0.914,212
2026-01-13,2026-01-13,12,日勤,28,101,69,198,199,-1,0.949,188
2026-01-13,2026-01-13,13,日勤,31,113,76,220,224,-4,0.905,199
2026-01-13,2026-01-13,14,日勤,31,133,65,229,237,-8,0.965,221
2026-01-13,2026-01-13,15,日勤,28,130,66,224,217,7,0.964,216
2026-01-13,2026-01-13,16,日勤,29,112,62,203,197,6,0.911,185
2026-01-13,2026-01-13,17,日勤,23,93,49,165,172,-7,0.927,153
2026-01-13,2026-01-13,18,日勤,18,71,46,135,134,1,0.896,121
2026-01-13,2026-01-13,19,日勤,11,47,36,94,97,-3,0.947,89
2026-01-13,2026-01-13,20,夜勤,8,45,42,95,101,-6,0.674,64
2026-01-13,2026-01-13,21,夜勤,6,38,35,79,79,0,0.684,54
2026-01-13,2026-01-13,22,夜勤,3,37,26,66,69,-3,0.652,43
2026-01-13,2026-01-13,23,夜勤,3,23,20,46,49,-3,0.63,29
2026-01-14,2026-01-13,0,夜勤,2,27,24,53,48,5,0.642,34
2026-01-14,2026-01-13,1,夜勤,2,12,14,28,28,0,0.643,18
2026-01-14,2026-01-13,2,夜勤,1,11,15,27,28,-1,0.593,16
2026-01-14,2026-01-13,3,夜勤,1,13,13,27,28,-1,0.667,18
2026-01-14,2026-01-13,4,夜勤,2,13,13,28,28,0,0.643,18
2026-01-14,2026-01-13,5,夜勤,1,13,23,37,35,2,0.595,22
2026-01-14,2026-01-13,6,夜勤,1,25,31,57,55,2,0.649,37
2026-01-14,2026-01-13,7,夜勤,1,40,32,73,74,-1,0.616,45
2026-01-14,2026-01-13,8,夜勤,1,51,47,99,94,5,0.667,66
2026-01-14,2026-01-14,9,日勤,14,67,63,144,146,-2,0.903,130
2026-01-14,2026-01-14,10,日勤,26,112,77,215,224,-9,0.944,203
2026-01-14,2026-01-14,11,日勤,31,127,67,225,237,-12,0.947,213
2026-01-14,2026-01-14,12,日勤,28,102,79,209,199,10,0.971,203
2026-01-14,2026-01-14,13,日勤,31,112,77,220,224,-4,0.964,212
2026-01-14,2026-01-14,14,日勤,26,134,76,236,237,-1,0.958,226
2026-01-14,2026-01-14,15,日勤,30,113,59,202,217,-15,0.941,190
2026-01-14,2026-01-14,16,日勤,26,120,55,201,197,4,0.915,184
2026-01-14,2026-01-14,17,日勤,23,93,50,166,172,-6,0.964,160
2026-01-14,2026-01-14,18,日勤,18,78,40,136,134,2,0.926,126
2026-01-14,2026-01-14,19,日勤,12,47,37,96,97,-1,0.938,90
2026-01-14,2026-01-14,20,夜勤,9,50,43,102,101,1,0.98,100
2026-01-14,2026-01-14,21,夜勤,5,36,35,76,79,-3,0.974,74
2026-01-14,2026-01-14,22,夜勤,3,36,31,70,69,1,0.914,64
2026-01-14,2026-01-14,23,夜勤,3,23,23,49,49,0,0.959,47
2026-01-15,2026-01-14,0,夜勤,1,24,22,47,48,-1,0.979,46
2026-01-15,2026-01-14,1,夜勤,1,13,16,30,28,2,0.867,26
2026-01-15,2026-01-14,2,夜勤,2,12,13,27,28,-1,0.963,26
2026-01-15,2026-01-14,3,夜勤,2,12,15,29,28,1,0.931,27
2026-01-15,2026-01-14,4,夜勤,1,12,13,26,28,-2,0.923,24
2026-01-15,2026-01-14,5,夜勤,1,12,20,33,35,-2,0.97,32
2026-01-15,2026-01-14,6,夜勤,2,25,31,58,55,3,0.983,57
2026-01-15,2026-01-14,7,夜勤,1,36,32,69,74,-5,0.942,65
2026-01-15,2026-01-14,8,夜勤,1,46,39,86,94,-8,0.93,80
2026-01-15,2026-01-15,9,日勤,15,69,61,145,146,-1,0.959,139
2026-01-15,2026-01-15,10,日勤,31,134,77,242,224,18,0.946,229
2026-01-15,2026-01-15,11,日勤,30,129,71,230,237,-7,0.961,221
2026-01-15,2026-01-15,12,日勤,27,108,69,204,199,5,0.936,191
2026-01-15,2026-01-15,13,日勤,26,125,66,217,224,-7,0.968,210
2026-01-15,2026-01-15,14,日勤,31,129,68,228,237,-9,0.947,216
2026-01-15,2026-01-15,15,日勤,30,127,70,227,217,10,0.947,215
2026-01-15,2026-01-15,16,日勤,30,116,54,200,197,3,0.95,190
2026-01-15,2026-01-15,17,日勤,21,105,50,176,172,4,0.915,161
2026-01-15,2026-01-15,18,日勤,16,78,45,139,134,5,0.914,127
2026-01-15,2026-01-15,19,日勤,13,54,33,100,97,3,0.93,93
2026-01-15,2026-01-15,20,夜勤,8,49,45,102,101,1,0.912,93
2026-01-15,2026-01-15,21,夜勤,6,40,37,83,79,4,0.952,79
2026-01-15,2026-01-15,22,夜勤,3,36,28,67,69,-2,0.91,61
2026-01-15,2026-01-15,23,夜勤,3,27,20,50,49,1,0.92,46
2026-01-16,2026-01-15,0,夜勤,2,24,20,46,48,-2,0.978,45
2026-01-16,2026-01-15,1,夜勤,1,13,15,29,28,1,0.897,26
2026-01-16,2026-01-15,2,夜勤,1,12,15,28,28,0,0.929,26
2026-01-16,2026-01-15,3,夜勤,1,11,15,27,28,-1,0.926,25
2026-01-16,2026-01-15,4,夜勤,1,12,15,28,28,0,0.929,26
2026-01-16,2026-01-15,5,夜勤,2,12,23,37,35,2,0.919,34
2026-01-16,2026-01-15,6,夜勤,2,27,31,60,55,5,0.933,56
2026-01-16,2026-01-15,7,夜勤,1,35,35,71,74,-3,0.972,69
2026-01-16,2026-01-15,8,夜勤,2,45,40,87,94,-7,0.931,81
2026-01-16,2026-01-16,9,日勤,14,82,58,154,146,8,0.955,147
2026-01-16,2026-01-16,10,日勤,30,121,73,224,224,0,0.973,218
2026-01-16,2026-01-16,11,日勤,28,130,74,232,237,-5,0.948,220
2026-01-16,2026-01-16,12,日勤,27,106,77,210,199,11,0.919,193
2026-01-16,2026-01-16,13,日勤,28,130,71,229,224,5,0.948,217
2026-01-16,2026-01-16,14,日勤,26,127,76,229,237,-8,0.913,209
2026-01-16,2026-01-16,15,日勤,27,119,63,209,217,-8,0.919,192
2026-01-16,2026-01-16,16,日勤,31,117,53,201,197,4,0.96,193
2026-01-16,2026-01-16,17,日勤,22,90,51,163,172,-9,0.945,154
2026-01-16,2026-01-16,18,日勤,19,69,46,134,134,0,0.963,129
2026-01-16,2026-01-16,19,日勤,11,50,37,98,97,1,0.939,92
2026-01-16,2026-01-16,20,夜勤,8,54,41,103,101,2,0.961,99
2026-01-16,2026-01-16,21,夜勤,6,40,38,84,79,5,0.917,77
2026-01-16,2026-01-16,22,夜勤,3,37,29,69,69,0,0.913,63
2026-01-16,2026-01-16,23,夜勤,3,23,22,48,49,-1,0.917,44
2026-01-17,2026-01-16,0,夜勤,1,24,23,48,48,0,0.896,43
2026-01-17,2026-01-16,1,夜勤,1,12,13,26,28,-2,0.923,24
2026-01-17,2026-01-16,2,夜勤,1,11,13,25,28,-3,0.92,23
2026-01-17,2026-01-16,3,夜勤,2,13,14,29,28,1,0.897,26
2026-01-17,2026-01-16,4,夜勤,1,12,15,28,28,0,0.893,25
2026-01-17,2026-01-16,5,夜勤,2,13,22,37,35,2,0.946,35
2026-01-17,2026-01-16,6,夜勤,1,24,26,51,55,-4,0.961,49
2026-01-17,2026-01-16,7,夜勤,2,36,36,74,74,0,0.973,72
2026-01-17,2026-01-16,8,夜勤,1,48,42,91,94,-3,0.868,79
2026-01-17,2026-01-17,9,日勤,13,72,53,138,146,-8,0.935,129
2026-01-17,2026-01-17,10,日勤,28,115,75,218,224,-6,0.922,201
2026-01-17,2026-01-17,11,日勤,26,124,74,224,237,-13,0.946,212
2026-01-17,2026-01-17,12,日勤,27,103,71,201,199,2,0.95,191
2026-01-17,2026-01-17,13,日勤,29,124,72,225,224,1,0.907,204
2026-01-17,2026-01-17,14,日勤,31,144,77,252,237,15,0.948,239
2026-01-17,2026-01-17,15,日勤,29,123,60,212,217,-5,0.934,198
2026-01-17,2026-01-17,16,日勤,26,107,60,193,197,-4,0.974,188
2026-01-17,2026-01-17,17,日勤,25,97,48,170,172,-2,0.935,159
2026-01-17,2026-01-17,18,日勤,16,70,40,126,134,-8,0.897,113
2026-01-17,2026-01-17,19,日勤,11,50,36,97,97,0,0.907,88
2026-01-17,2026-01-17,20,夜勤,9,48,39,96,101,-5,0.979,94
2026-01-17,2026-01-17,21,夜勤,6,38,32,76,79,-3,0.908,69
2026-01-17,2026-01-17,22,夜勤,3,34,30,67,69,-2,0.97,65
2026-01-17,2026-01-17,23,夜勤,3,23,19,45,49,-4,0.911,41
2026-01-18,2026-01-17,0,夜勤,1,23,21,45,48,-3,0.911,41
2026-01-18,2026-01-17,1,夜勤,1,13,15,29,28,1,0.931,27
2026-01-18,2026-01-17,2,夜勤,1,12,14,27,28,-1,0.963,26
2026-01-18,2026-01-17,3,夜勤,1,12,14,27,28,-1,0.926,25
2026-01-18,2026-01-17,4,夜勤,1,13,13,27,28,-1,0.889,24
2026-01-18,2026-01-17,5,夜勤,1,12,20,33,35,-2,0.97,32
2026-01-18,2026-01-17,6,夜勤,2,25,27,54,55,-1,0.889,48
2026-01-18,2026-01-17,7,夜勤,1,37,37,75,74,1,0.933,70
2026-01-18,2026-01-17,8,夜勤,1,47,39,87,94,-7,0.908,79
2026-01-18,2026-01-18,9,日勤,16,77,53,146,146,0,0.938,137
2026-01-18,2026-01-18,10,日勤,27,115,77,219,224,-5,0.922,202
2026-01-18,2026-01-18,11,日勤,28,132,78,238,237,1,0.954,227
2026-01-18,2026-01-18,12,日勤,27,107,64,198,199,-1,0.955,189
2026-01-18,2026-01-18,13,日勤,28,124,77,229,224,5,0.939,215
2026-01-18,2026-01-18,14,日勤,30,144,67,241,237,4,0.954,230
2026-01-18,2026-01-18,15,日勤,27,118,65,210,217,-7,0.919,193
2026-01-18,2026-01-18,16,日勤,30,118,57,205,197,8,0.946,194
2026-01-18,2026-01-18,17,日勤,23,99,55,177,172,5,0.898,159
2026-01-18,2026-01-18,18,日勤,16,80,46,142,134,8,0.937,133
2026-01-18,2026-01-18,19,日勤,11,45,35,91,97,-6,0.901,82
2026-01-18,2026-01-18,20,夜勤,8,52,39,99,101,-2,0.919,91
2026-01-18,2026-01-18,21,夜勤,6,37,34,77,79,-2,0.974,75
2026-01-18,2026-01-18,22,夜勤,3,39,28,70,69,1,0.914,64
2026-01-18,2026-01-18,23,夜勤,3,26,23,52,49,3,0.962,50
2026-01-19,2026-01-18,0,夜勤,1,26,21,48,48,0,0.958,46
2026-01-19,2026-01-18,1,夜勤,1,13,14,28,28,0,0.964,27
2026-01-19,2026-01-18,2,夜勤,1,13,15,29,28,1,0.966,28
2026-01-19,2026-01-18,3,夜勤,1,12,15,28,28,0,0.929,26
2026-01-19,2026-01-18,4,夜勤,1,12,14,27,28,-1,0.926,25
2026-01-19,2026-01-18,5,夜勤,1,13,21,35,35,0,0.886,31
2026-01-19,2026-01-18,6,夜勤,1,25,28,54,55,-1,0.907,49
2026-01-19,2026-01-18,7,夜勤,1,37,32,70,74,-4,0.943,66
2026-01-19,2026-01-18,8,夜勤,2,49,39,90,94,-4,0.967,87
2026-01-19,2026-01-19,9,日勤,15,73,58,146,146,0,0.979,143
2026-01-19,2026-01-19,10,日勤,26,112,72,210,224,-14,0.976,205
2026-01-19,2026-01-19,11,日勤,27,131,78,236,237,-1,0.966,228
2026-01-19,2026-01-19,12,日勤,30,100,70,200,199,1,0.905,181
2026-01-19,2026-01-19,13,日勤,27,122,78,227,224,3,0.912,207
2026-01-19,2026-01-19,14,日勤,27,125,77,229,237,-8,0.965,221
2026-01-19,2026-01-19,15,日勤,31,121,61,213,217,-4,0.939,200
2026-01-19,2026-01-19,16,日勤,28,108,57,193,197,-4,0.917,177
2026-01-19,2026-01-19,17,日勤,22,106,51,179,172,7,0.95,170
2026-01-19,2026-01-19,18,日勤,18,77,47,142,134,8,0.923,131
2026-01-19,2026-01-19,19,日勤,11,54,33,98,97,1,0.98,96
2026-01-19,2026-01-19,20,夜勤,8,50,47,105,101,4,0.971,102
2026-01-19,2026-01-19,21,夜勤,6,34,35,75,79,-4,0.96,72
2026-01-19,2026-01-19,22,夜勤,3,36,29,68,69,-1,0.971,66
2026-01-19,2026-01-19,23,夜勤,3,26,20,49,49,0,0.959,47
2026-01-20,2026-01-19,0,夜勤,1,25,21,47,48,-1,0.936,44
2026-01-20,2026-01-19,1,夜勤,1,12,15,28,28,0,0.929,26
2026-01-20,2026-01-19,2,夜勤,1,12,14,27,28,-1,0.926,25
2026-01-20,2026-01-19,3,夜勤,1,11,15,27,28,-1,0.963,26
2026-01-20,2026-01-19,4,夜勤,1,12,15,28,28,0,0.964,27
2026-01-20,2026-01-19,5,夜勤,1,12,20,33,35,-2,0.97,32
2026-01-20,2026-01-19,6,夜勤,2,25,28,55,55,0,0.927,51
2026-01-20,2026-01-19,7,夜勤,1,38,39,78,74,4,0.949,74
2026-01-20,2026-01-19,8,夜勤,2,47,42,91,94,-3,0.967,88
2026-01-20,2026-01-20,9,日勤,15,71,62,148,146,2,0.919,136
2026-01-20,2026-01-20,10,日勤,28,126,70,224,224,0,0.911,204
2026-01-20,2026-01-20,11,日勤,29,127,67,223,237,-14,0.901,201
2026-01-20,2026-01-20,12,日勤,29,97,64,190,199,-9,0.947,180
2026-01-20,2026-01-20,13,日勤,31,126,74,231,224,7,0.965,223
2026-01-20,2026-01-20,14,日勤,26,124,76,226,237,-11,0.907,205
2026-01-20,2026-01-20,15,日勤,30,124,68,222,217,5,0.95,211
2026-01-20,2026-01-20,16,日勤,26,104,57,187,197,-10,0.93,174
2026-01-20,2026-01-20,17,日勤,21,106,54,181,172,9,0.945,171
2026-01-20,2026-01-20,18,日勤,16,81,45,142,134,8,0.901,128
2026-01-20,2026-01-20,19,日勤,12,45,36,93,97,-4,0.946,88
2026-01-20,2026-01-20,20,夜勤,8,48,44,100,101,-1,0.95,95
2026-01-20,2026-01-20,21,夜勤,6,34,34,74,79,-5,0.946,70
2026-01-20,2026-01-20,22,夜勤,3,41,28,72,69,3,0.958,69
2026-01-20,2026-01-20,23,夜勤,3,24,21,48,49,-1,0.958,46
2026-01-21,2026-01-20,0,夜勤,2,27,20,49,48,1,0.98,48
2026-01-21,2026-01-20,1,夜勤,1,13,14,28,28,0,0.893,25
2026-01-21,2026-01-20,2,夜勤,1,13,14,28,28,0,0.893,25
2026-01-21,2026-01-20,3,夜勤,2,13,13,28,28,0,0.964,27
2026-01-21,2026-01-20,4,夜勤,1,12,15,28,28,0,0.964,27
2026-01-21,2026-01-20,5,夜勤,1,12,23,36,35,1,0.861,31
2026-01-21,2026-01-20,6,夜勤,2,23,30,55,55,0,0.927,51
2026-01-21,2026-01-20,7,夜勤,1,38,33,72,74,-2,0.917,66
2026-01-21,2026-01-20,8,夜勤,2,54,42,98,94,4,0.969,95
2026-01-21,2026-01-21,9,日勤,16,78,54,148,146,2,0.959,142
2026-01-21,2026-01-21,10,日勤,28,118,66,212,224,-12,0.858,182
2026-01-21,2026-01-21,11,日勤,28,149,76,253,237,16,0.949,240
2026-01-21,2026-01-21,12,日勤,31,103,70,204,199,5,0.917,187
2026-01-21,2026-01-21,13,日勤,28,128,68,224,224,0,0.96,215
2026-01-21,2026-01-21,14,日勤,30,143,68,241,237,4,0.909,219
2026-01-21,2026-01-21,15,日勤,27,120,61,208,217,-9,0.904,188
2026-01-21,2026-01-21,16,日勤,31,112,56,199,197,2,0.945,188
2026-01-21,2026-01-21,17,日勤,22,108,48,178,172,6,0.961,171
2026-01-21,2026-01-21,18,日勤,17,71,43,131,134,-3,0.901,118
2026-01-21,2026-01-21,19,日勤,11,53,35,99,97,2,0.97,96
2026-01-21,2026-01-21,20,夜勤,9,54,41,104,101,3,0.596,62
2026-01-21,2026-01-21,21,夜勤,5,37,37,79,79,0,0.684,54
2026-01-21,2026-01-21,22,夜勤,3,37,29,69,69,0,0.638,44
2026-01-21,2026-01-21,23,夜勤,3,26,20,49,49,0,0.653,32
2026-01-22,2026-01-21,0,夜勤,2,24,23,49,48,1,0.673,33
2026-01-22,2026-01-21,1,夜勤,1,11,13,25,28,-3,0.64,16
2026-01-22,2026-01-21,2,夜勤,2,12,14,28,28,0,0.679,19
2026-01-22,2026-01-21,3,夜勤,1,13,15,29,28,1,0.69,20
2026-01-22,2026-01-21,4,夜勤,1,12,15,28,28,0,0.643,18
2026-01-22,2026-01-21,5,夜勤,1,12,23,36,35,1,0.694,25
2026-01-22,2026-01-21,6,夜勤,2,23,30,55,55,0,0.618,34
2026-01-22,2026-01-21,7,夜勤,1,34,38,73,74,-1,0.616,45
2026-01-22,2026-01-21,8,夜勤,1,46,42,89,94,-5,0.629,56
2026-01-22,2026-01-22,9,日勤,14,78,56,148,146,2,0.919,136
2026-01-22,2026-01-22,10,日勤,29,130,67,226,224,2,0.92,208
2026-01-22,2026-01-22,11,日勤,28,146,76,250,237,13,0.972,243
2026-01-22,2026-01-22,12,日勤,28,92,72,192,199,-7,0.922,177
2026-01-22,2026-01-22,13,日勤,31,130,65,226,224,2,0.912,206
2026-01-22,2026-01-22,14,日勤,26,128,67,221,237,-16,0.968,214
2026-01-22,2026-01-22,15,日勤,26,130,66,222,217,5,0.973,216
2026-01-22,2026-01-22,16,日勤,28,114,55,197,197,0,0.944,186
2026-01-22,2026-01-22,17,日勤,23,89,53,165,172,-7,0.903,149
2026-01-22,2026-01-22,18,日勤,18,68,47,133,134,-1,0.977,130
2026-01-22,2026-01-22,19,日勤,13,48,35,96,97,-1,0.906,87
2026-01-22,2026-01-22,20,夜勤,9,53,39,101,101,0,0.941,95
2026-01-22,2026-01-22,21,夜勤,6,36,33,75,79,-4,0.907,68
2026-01-22,2026-01-22,22,夜勤,3,36,29,68,69,-1,0.956,65
2026-01-22,2026-01-22,23,夜勤,3,26,20,49,49,0,0.857,42
2026-01-23,2026-01-22,0,夜勤,1,25,21,47,48,-1,0.979,46
2026-01-23,2026-01-22,1,夜勤,1,13,16,30,28,2,0.967,29
2026-01-23,2026-01-22,2,夜勤,1,11,13,25,28,-3,0.96,24
2026-01-23,2026-01-22,3,夜勤,2,13,13,28,28,0,0.964,27
2026-01-23,2026-01-22,4,夜勤,1,13,13,27,28,-1,0.963,26
2026-01-23,2026-01-22,5,夜勤,1,14,21,36,35,1,0.972,35
2026-01-23,2026-01-22,6,夜勤,2,25,26,53,55,-2,0.943,50
2026-01-23,2026-01-22,7,夜勤,2,35,33,70,74,-4,0.929,65
2026-01-23,2026-01-22,8,夜勤,1,53,43,97,94,3,0.969,94
2026-01-23,2026-01-23,9,日勤,15,73,58,146,146,0,0.945,138
2026-01-23,2026-01-23,10,日勤,31,120,74,225,224,1,0.938,211
2026-01-23,2026-01-23,11,日勤,27,142,69,238,237,1,0.916,218
2026-01-23,2026-01-23,12,日勤,28,103,70,201,199,2,0.97,195
2026-01-23,2026-01-23,13,日勤,30,121,75,226,224,2,0.92,208
2026-01-23,2026-01-23,14,日勤,30,147,76,253,237,16,0.897,227
2026-01-23,2026-01-23,15,日勤,27,128,59,214,217,-3,0.93,199
2026-01-23,2026-01-23,16,日勤,31,115,54,200,197,3,0.915,183
2026-01-23,2026-01-23,17,日勤,25,106,46,177,172,5,0.949,168
2026-01-23,2026-01-23,18,日勤,17,68,40,125,134,-9,0.904,113
2026-01-23,2026-01-23,19,日勤,12,47,32,91,97,-6,0.967,88
2026-01-23,2026-01-23,20,夜勤,9,47,43,99,101,-2,0.687,68
2026-01-23,2026-01-23,21,夜勤,5,35,37,77,79,-2,0.623,48
2026-01-23,2026-01-23,22,夜勤,3,37,30,70,69,1,0.6,42
2026-01-23,2026-01-23,23,夜勤,3,24,20,47,49,-2,0.638,30
2026-01-24,2026-01-23,0,夜勤,1,23,21,45,48,-3,0.689,31
2026-01-24,2026-01-23,1,夜勤,1,12,14,27,28,-1,0.667,18
2026-01-24,2026-01-23,2,夜勤,1,13,15,29,28,1,0.621,18
2026-01-24,2026-01-23,3,夜勤,1,13,13,27,28,-1,0.667,18
2026-01-24,2026-01-23,4,夜勤,2,13,14,29,28,1,0.621,18
2026-01-24,2026-01-23,5,夜勤,1,13,22,36,35,1,0.667,24
2026-01-24,2026-01-23,6,夜勤,1,22,28,51,55,-4,0.686,35
2026-01-24,2026-01-23,7,夜勤,2,35,38,75,74,1,0.653,49
2026-01-24,2026-01-23,8,夜勤,1,46,41,88,94,-6,0.614,54
2026-01-24,2026-01-24,9,日勤,14,78,57,149,146,3,0.94,140
2026-01-24,2026-01-24,10,日勤,26,128,74,228,224,4,0.925,211
2026-01-24,2026-01-24,11,日勤,27,134,73,234,237,-3,0.915,214
2026-01-24,2026-01-24,12,日勤,26,94,70,190,199,-9,0.916,174
2026-01-24,2026-01-24,13,日勤,27,123,78,228,224,4,0.912,208
2026-01-24,2026-01-24,14,日勤,26,123,69,218,237,-19,0.959,209
2026-01-24,2026-01-24,15,日勤,28,118,60,206,217,-11,0.966,199
2026-01-24,2026-01-24,16,日勤,29,122,61,212,197,15,0.91,193
2026-01-24,2026-01-24,17,日勤,24,103,47,174,172,2,0.977,170
2026-01-24,2026-01-24,18,日勤,16,76,41,133,134,-1,0.955,127
2026-01-24,2026-01-24,19,日勤,11,50,37,98,97,1,0.918,90
2026-01-24,2026-01-24,20,夜勤,9,52,42,103,101,2,0.971,100
2026-01-24,2026-01-24,21,夜勤,6,36,35,77,79,-2,0.974,75
2026-01-24,2026-01-24,22,夜勤,3,36,29,68,69,-1,0.941,64
2026-01-24,2026-01-24,23,夜勤,3,24,23,50,49,1,0.9,45
2026-01-25,2026-01-24,0,夜勤,1,27,23,51,48,3,0.961,49
2026-01-25,2026-01-24,1,夜勤,1,13,14,28,28,0,0.893,25
2026-01-25,2026-01-24,2,夜勤,1,12,13,26,28,-2,0.962,25
2026-01-25,2026-01-24,3,夜勤,1,12,15,28,28,0,0.929,26
2026-01-25,2026-01-24,4,夜勤,1,13,14,28,28,0,0.929,26
2026-01-25,2026-01-24,5,夜勤,1,13,22,36,35,1,0.972,35
2026-01-25,2026-01-24,6,夜勤,1,24,29,54,55,-1,0.852,46
2026-01-25,2026-01-24,7,夜勤,2,37,36,75,74,1,0.947,71
2026-01-25,2026-01-24,8,夜勤,2,49,40,91,94,-3,0.923,84
2026-01-25,2026-01-25,9,日勤,15,67,52,134,146,-12,0.918,123
2026-01-25,2026-01-25,10,日勤,30,117,68,215,224,-9,0.902,194
2026-01-25,2026-01-25,11,日勤,27,131,70,228,237,-9,0.952,217
2026-01-25,2026-01-25,12,日勤,26,93,73,192,199,-7,0.917,176
2026-01-25,2026-01-25,13,日勤,30,115,75,220,224,-4,0.95,209
2026-01-25,2026-01-25,14,日勤,27,137,78,242,237,5,0.851,206
2026-01-25,2026-01-25,15,日勤,29,122,63,214,217,-3,0.93,199
2026-01-25,2026-01-25,16,日勤,26,104,60,190,197,-7,0.932,177
2026-01-25,2026-01-25,17,日勤,24,101,52,177,172,5,0.932,165
2026-01-25,2026-01-25,18,日勤,19,80,46,145,134,11,0.924,134
2026-01-25,2026-01-25,19,日勤,12,53,36,101,97,4,0.941,95
2026-01-25,2026-01-25,20,夜勤,9,45,39,93,101,-8,0.968,90
2026-01-25,2026-01-25,21,夜勤,6,38,39,83,79,4,0.952,79
2026-01-25,2026-01-25,22,夜勤,3,38,26,67,69,-2,0.925,62
2026-01-25,2026-01-25,23,夜勤,3,26,20,49,49,0,0.898,44
2026-01-26,2026-01-25,0,夜勤,1,26,20,47,48,-1,0.915,43
2026-01-26,2026-01-25,1,夜勤,1,11,13,25,28,-3,0.88,22
2026-01-26,2026-01-25,2,夜勤,1,13,14,28,28,0,0.964,27
2026-01-26,2026-01-25,3,夜勤,2,14,13,29,28,1,0.897,26
2026-01-26,2026-01-25,4,夜勤,1,13,14,28,28,0,0.929,26
2026-01-26,2026-01-25,5,夜勤,1,13,21,35,35,0,0.971,34
2026-01-26,2026-01-25,6,夜勤,1,27,26,54,55,-1,0.944,51
2026-01-26,2026-01-25,7,夜勤,1,34,33,68,74,-6,0.897,61
2026-01-26,2026-01-25,8,夜勤,2,49,41,92,94,-2,0.978,90
2026-01-26,2026-01-26,9,日勤,14,74,63,151,146,5,0.894,135
2026-01-26,2026-01-26,10,日勤,31,123,69,223,224,-1,0.87,194
2026-01-26,2026-01-26,11,日勤,27,132,77,236,237,-1,0.949,224
2026-01-26,2026-01-26,12,日勤,30,95,74,199,199,0,0.95,189
2026-01-26,2026-01-26,13,日勤,29,119,65,213,224,-11,0.944,201
2026-01-26,2026-01-26,14,日勤,31,143,78,252,237,15,0.933,235
2026-01-26,2026-01-26,15,日勤,27,119,66,212,217,-5,0.877,186
2026-01-26,2026-01-26,16,日勤,27,101,57,185,197,-12,0.87,161
2026-01-26,2026-01-26,17,日勤,23,96,48,167,172,-5,0.934,156
2026-01-26,2026-01-26,18,日勤,17,77,43,137,134,3,0.912,125
2026-01-26,2026-01-26,19,日勤,12,50,36,98,97,1,0.908,89
2026-01-26,2026-01-26,20,夜勤,9,45,42,96,101,-5,0.979,94
2026-01-26,2026-01-26,21,夜勤,6,39,38,83,79,4,0.964,80
2026-01-26,2026-01-26,22,夜勤,3,36,29,68,69,-1,0.912,62
2026-01-26,2026-01-26,23,夜勤,3,27,22,52,49,3,0.923,48
2026-01-27,2026-01-26,0,夜勤,1,23,19,43,48,-5,0.93,40
2026-01-27,2026-01-26,1,夜勤,1,13,13,27,28,-1,0.926,25
2026-01-27,2026-01-26,2,夜勤,1,12,15,28,28,0,0.964,27
2026-01-27,2026-01-26,3,夜勤,1,13,14,28,28,0,0.929,26
2026-01-27,2026-01-26,4,夜勤,1,12,14,27,28,-1,0.926,25
2026-01-27,2026-01-26,5,夜勤,1,11,22,34,35,-1,0.971,33
2026-01-27,2026-01-26,6,夜勤,1,27,31,59,55,4,0.983,58
2026-01-27,2026-01-26,7,夜勤,2,39,33,74,74,0,0.919,68
2026-01-27,2026-01-26,8,夜勤,2,52,41,95,94,1,0.958,91
2026-01-27,2026-01-27,9,日勤,16,72,61,149,146,3,0.879,131
2026-01-27,2026-01-27,10,日勤,27,132,64,223,224,-1,0.91,203
2026-01-27,2026-01-27,11,日勤,28,144,69,241,237,4,0.979,236
2026-01-27,2026-01-27,12,日勤,29,92,74,195,199,-4,0.979,191
2026-01-27,2026-01-27,13,日勤,26,121,75,222,224,-2,0.946,210
2026-01-27,2026-01-27,14,日勤,29,135,75,239,237,2,0.916,219
2026-01-27,2026-01-27,15,日勤,29,114,64,207,217,-10,0.966,200
2026-01-27,2026-01-27,16,日勤,28,107,59,194,197,-3,0.974,189
2026-01-27,2026-01-27,17,日勤,23,102,51,176,172,4,0.96,169
2026-01-27,2026-01-27,18,日勤,17,68,42,127,134,-7,0.906,115
2026-01-27,2026-01-27,19,日勤,12,52,32,96,97,-1,0.927,89
2026-01-27,2026-01-27,20,夜勤,8,54,44,106,101,5,0.915,97
2026-01-27,2026-01-27,21,夜勤,5,39,34,78,79,-1,0.962,75
2026-01-27,2026-01-27,22,夜勤,3,38,28,69,69,0,0.928,64
2026-01-27,2026-01-27,23,夜勤,3,25,20,48,49,-1,0.938,45
2026-01-28,2026-01-27,0,夜勤,1,26,21,48,48,0,0.979,47
2026-01-28,2026-01-27,1,夜勤,1,13,15,29,28,1,0.931,27
2026-01-28,2026-01-27,2,夜勤,2,11,15,28,28,0,0.893,25
2026-01-28,2026-01-27,3,夜勤,1,13,15,29,28,1,0.931,27
2026-01-28,2026-01-27,4,夜勤,1,13,13,27,28,-1,0.963,26
2026-01-28,2026-01-27,5,夜勤,1,13,21,35,35,0,0.971,34
2026-01-28,2026-01-27,6,夜勤,2,26,27,55,55,0,0.945,52
2026-01-28,2026-01-27,7,夜勤,1,38,39,78,74,4,0.974,76
2026-01-28,2026-01-27,8,夜勤,1,53,39,93,94,-1,0.946,88
2026-01-28,2026-01-28,9,日勤,15,78,54,147,146,1,0.918,135
2026-01-28,2026-01-28,10,日勤,29,121,65,215,224,-9,0.912,196
2026-01-28,2026-01-28,11,日勤,29,148,70,247,237,10,0.939,232
2026-01-28,2026-01-28,12,日勤,27,104,69,200,199,1,0.925,185
2026-01-28,2026-01-28,13,日勤,30,113,72,215,224,-9,0.916,197
2026-01-28,2026-01-28,14,日勤,30,131,71,232,237,-5,0.944,219
2026-01-28,2026-01-28,15,日勤,27,119,69,215,217,-2,0.93,200
2026-01-28,2026-01-28,16,日勤,26,113,56,195,197,-2,0.903,176
2026-01-28,2026-01-28,17,日勤,23,91,46,160,172,-12,0.95,152
2026-01-28,2026-01-28,18,日勤,16,81,45,142,134,8,0.901,128
2026-01-28,2026-01-28,19,日勤,12,49,33,94,97,-3,0.968,91
2026-01-28,2026-01-28,20,夜勤,9,52,42,103,101,2,0.932,96
2026-01-28,2026-01-28,21,夜勤,6,38,32,76,79,-3,0.868,66
2026-01-28,2026-01-28,22,夜勤,3,39,28,70,69,1,0.914,64
2026-01-28,2026-01-28,23,夜勤,3,23,21,47,49,-2,0.957,45
2026-01-29,2026-01-28,0,夜勤,2,23,23,48,48,0,0.917,44
2026-01-29,2026-01-28,1,夜勤,1,12,14,27,28,-1,0.963,26
2026-01-29,2026-01-28,2,夜勤,1,13,14,28,28,0,0.929,26
2026-01-29,2026-01-28,3,夜勤,2,12,15,29,28,1,0.897,26
2026-01-29,2026-01-28,4,夜勤,1,12,14,27,28,-1,0.852,23
2026-01-29,2026-01-28,5,夜勤,1,11,20,32,35,-3,0.969,31
2026-01-29,2026-01-28,6,夜勤,2,23,30,55,55,0,0.964,53
2026-01-29,2026-01-28,7,夜勤,1,36,32,69,74,-5,0.884,61
2026-01-29,2026-01-28,8,夜勤,1,52,46,99,94,5,0.909,90
2026-01-29,2026-01-29,9,日勤,15,75,61,151,146,5,0.934,141
2026-01-29,2026-01-29,10,日勤,31,125,77,233,224,9,0.944,220
2026-01-29,2026-01-29,11,日勤,26,125,71,222,237,-15,0.914,203
2026-01-29,2026-01-29,12,日勤,27,97,73,197,199,-2,0.868,171
2026-01-29,2026-01-29,13,日勤,30,116,71,217,224,-7,0.935,203
2026-01-29,2026-01-29,14,日勤,28,130,71,229,237,-8,0.956,219
2026-01-29,2026-01-29,15,日勤,27,112,61,200,217,-17,0.91,182
2026-01-29,2026-01-29,16,日勤,29,111,56,196,197,-1,0.98,192
2026-01-29,2026-01-29,17,日勤,23,109,53,185,172,13,0.946,175
2026-01-29,2026-01-29,18,日勤,18,69,43,130,134,-4,0.931,121
2026-01-29,2026-01-29,19,日勤,11,53,38,102,97,5,0.941,96
2026-01-29,2026-01-29,20,夜勤,8,46,46,100,101,-1,0.91,91
2026-01-29,2026-01-29,21,夜勤,5,37,34,76,79,-3,0.974,74
2026-01-29,2026-01-29,22,夜勤,3,37,27,67,69,-2,0.94,63
2026-01-29,2026-01-29,23,夜勤,3,26,22,51,49,2,0.98,50
2026-01-30,2026-01-29,0,夜勤,1,25,21,47,48,-1,0.936,44
2026-01-30,2026-01-29,1,夜勤,1,12,14,27,28,-1,0.889,24
2026-01-30,2026-01-29,2,夜勤,1,12,13,26,28,-2,0.962,25
2026-01-30,2026-01-29,3,夜勤,2,13,15,30,28,2,0.967,29
2026-01-30,2026-01-29,4,夜勤,1,12,13,26,28,-2,0.962,25
2026-01-30,2026-01-29,5,夜勤,2,12,23,37,35,2,0.973,36
2026-01-30,2026-01-29,6,夜勤,1,25,31,57,55,2,0.947,54
2026-01-30,2026-01-29,7,夜勤,1,35,33,69,74,-5,0.971,67
2026-01-30,2026-01-29,8,夜勤,1,47,40,88,94,-6,0.909,80
2026-01-30,2026-01-30,9,日勤,14,76,54,144,146,-2,0.972,140
2026-01-30,2026-01-30,10,日勤,29,125,67,221,224,-3,0.941,208
2026-01-30,2026-01-30,11,日勤,26,142,65,233,237,-4,0.91,212
2026-01-30,2026-01-30,12,日勤,27,92,69,188,199,-11,0.941,177
2026-01-30,2026-01-30,13,日勤,27,123,75,225,224,1,0.951,214
2026-01-30,2026-01-30,14,日勤,26,138,68,232,237,-5,0.927,215
2026-01-30,2026-01-30,15,日勤,30,121,67,218,217,1,0.885,193
2026-01-30,2026-01-30,16,日勤,29,101,53,183,197,-14,0.934,171
2026-01-30,2026-01-30,17,日勤,25,105,49,179,172,7,0.922,165
2026-01-30,2026-01-30,18,日勤,18,74,43,135,134,1,0.911,123
2026-01-30,2026-01-30,19,日勤,11,53,38,102,97,5,0.971,99
2026-01-30,2026-01-30,20,夜勤,8,50,43,101,101,0,0.921,93
2026-01-30,2026-01-30,21,夜勤,6,37,39,82,79,3,0.915,75
2026-01-30,2026-01-30,22,夜勤,3,38,28,69,69,0,0.928,64
2026-01-30,2026-01-30,23,夜勤,3,26,23,52,49,3,0.904,47
2026-01-31,2026-01-30,0,夜勤,2,25,22,49,48,1,0.959,47
2026-01-31,2026-01-30,1,夜勤,1,13,13,27,28,-1,0.963,26
2026-01-31,2026-01-30,2,夜勤,1,13,16,30,28,2,0.933,28
2026-01-31,2026-01-30,3,夜勤,1,13,13,27,28,-1,0.926,25
2026-01-31,2026-01-30,4,夜勤,2,12,14,28,28,0,0.929,26
2026-01-31,2026-01-30,5,夜勤,1,12,20,33,35,-2,0.939,31
2026-01-31,2026-01-30,6,夜勤,2,22,29,53,55,-2,0.906,48
2026-01-31,2026-01-30,7,夜勤,1,35,36,72,74,-2,0.861,62
2026-01-31,2026-01-30,8,夜勤,1,49,44,94,94,0,0.936,88
2026-01-31,2026-01-31,9,日勤,16,79,61,156,146,10,0.949,148
2026-01-31,2026-01-31,10,日勤,27,117,66,210,224,-14,0.919,193
2026-01-31,2026-01-31,11,日勤,26,136,77,239,237,2,0.895,214
2026-01-31,2026-01-31,12,日勤,27,104,77,208,199,9,0.923,192
2026-01-31,2026-01-31,13,日勤,26,121,76,223,224,-1,0.937,209
2026-01-31,2026-01-31,14,日勤,27,135,69,231,237,-6,0.913,211
2026-01-31,2026-01-31,15,日勤,27,134,67,228,217,11,0.961,219
2026-01-31,2026-01-31,16,日勤,28,106,58,192,197,-5,0.974,187
2026-01-31,2026-01-31,17,日勤,21,100,46,167,172,-5,0.952,159
2026-01-31,2026-01-31,18,日勤,18,72,46,136,134,2,0.919,125
2026-01-31,2026-01-31,19,日勤,12,46,38,96,97,-1,0.938,90
2026-01-31,2026-01-31,20,夜勤,8,46,43,97,101,-4,0.897,87
2026-01-31,2026-01-31,21,夜勤,6,38,36,80,79,1,0.975,78
2026-01-31,2026-01-31,22,夜勤,3,34,26,63,69,-6,0.873,55
2026-01-31,2026-01-31,23,夜勤,3,26,21,50,49,1,0.96,48
2026-02-01,2026-01-31,0,夜勤,1,26,23,50,48,2,0.92,46
2026-02-01,2026-01-31,1,夜勤,2,13,14,29,28,1,0.897,26
2026-02-01,2026-01-31,2,夜勤,2,12,13,27,28,-1,0.926,25
2026-02-01,2026-01-31,3,夜勤,1,13,15,29,28,1,0.966,28
2026-02-01,2026-01-31,4,夜勤,2,13,15,30,28,2,0.933,28
2026-02-01,2026-01-31,5,夜勤,1,12,22,35,35,0,0.971,34
2026-02-01,2026-01-31,6,夜勤,2,24,27,53,55,-2,0.925,49
2026-02-01,2026-01-31,7,夜勤,1,39,33,73,74,-1,0.932,68
2026-02-01,2026-01-31,8,夜勤,1,52,42,95,94,1,0.926,88
2026-02-01,2026-02-01,9,日勤,16,77,56,149,146,3,0.94,140
2026-02-01,2026-02-01,10,日勤,27,119,78,224,224,0,0.951,213
2026-02-01,2026-02-01,11,日勤,30,136,74,240,237,3,0.958,230
2026-02-01,2026-02-01,12,日勤,31,99,73,203,199,4,0.97,197
2026-02-01,2026-02-01,13,日勤,26,123,76,225,224,1,0.933,210
2026-02-01,2026-02-01,14,日勤,31,141,76,248,237,11,0.972,241
2026-02-01,2026-02-01,15,日勤,29,129,67,225,217,8,0.933,210
2026-02-01,2026-02-01,16,日勤,28,103,59,190,197,-7,0.921,175
2026-02-01,2026-02-01,17,日勤,22,107,54,183,172,11,0.978,179
2026-02-01,2026-02-01,18,日勤,16,73,42,131,134,-3,0.962,126
2026-02-01,2026-02-01,19,日勤,11,47,34,92,97,-5,0.924,85
2026-02-01,2026-02-01,20,夜勤,9,54,43,106,101,5,0.953,101
2026-02-01,2026-02-01,21,夜勤,6,36,37,79,79,0,0.962,76
2026-02-01,2026-02-01,22,夜勤,3,36,28,67,69,-2,0.925,62
2026-02-01,2026-02-01,23,夜勤,3,27,20,50,49,1,0.96,48
2026-02-02,2026-02-01,0,夜勤,1,26,23,50,48,2,0.98,49
2026-02-02,2026-02-01,1,夜勤,1,12,15,28,28,0,0.964,27
2026-02-02,2026-02-01,2,夜勤,1,12,14,27,28,-1,0.963,26
2026-02-02,2026-02-01,3,夜勤,1,12,13,26,28,-2,0.923,24
2026-02-02,2026-02-01,4,夜勤,1,13,13,27,28,-1,0.926,25
2026-02-02,2026-02-01,5,夜勤,1,12,21,34,35,-1,0.912,31
2026-02-02,2026-02-01,6,夜勤,2,26,27,55,55,0,0.964,53
2026-02-02,2026-02-01,7,夜勤,1,41,38,80,74,6,0.9,72
2026-02-02,2026-02-01,8,夜勤,1,52,46,99,94,5,0.97,96
2026-02-02,2026-02-02,9,日勤,15,81,55,151,146,5,0.914,138
2026-02-02,2026-02-02,10,日勤,30,116,70,216,224,-8,0.977,211
2026-02-02,2026-02-02,11,日勤,26,128,67,221,237,-16,0.864,191
2026-02-02,2026-02-02,12,日勤,26,98,77,201,199,2,0.93,187
2026-02-02,2026-02-02,13,日勤,30,117,74,221,224,-3,0.928,205
2026-02-02,2026-02-02,14,日勤,28,135,75,238,237,1,0.924,220
2026-02-02,2026-02-02,15,日勤,28,124,59,211,217,-6,0.934,197
2026-02-02,2026-02-02,16,日勤,29,106,63,198,197,1,0.914,181
2026-02-02,2026-02-02,17,日勤,24,90,53,167,172,-5,0.916,153
2026-02-02,2026-02-02,18,日勤,18,80,45,143,134,9,0.937,134
2026-02-02,2026-02-02,19,日勤,11,49,33,93,97,-4,0.86,80
2026-02-02,2026-02-02,20,夜勤,9,49,45,103,101,2,0.932,96
2026-02-02,2026-02-02,21,夜勤,6,34,36,76,79,-3,0.934,71
2026-02-02,2026-02-02,22,夜勤,3,40,26,69,69,0,0.957,66
2026-02-02,2026-02-02,23,夜勤,3,26,20,49,49,0,0.898,44
2026-02-03,2026-02-02,0,夜勤,2,23,22,47,48,-1,0.936,44
2026-02-03,2026-02-02,1,夜勤,1,12,15,28,28,0,0.929,26
2026-02-03,2026-02-02,2,夜勤,2,12,14,28,28,0,0.893,25
2026-02-03,2026-02-02,3,夜勤,2,13,15,30,28,2,0.9,27
2026-02-03,2026-02-02,4,夜勤,1,13,14,28,28,0,0.964,27
2026-02-03,2026-02-02,5,夜勤,2,12,20,34,35,-1,0.912,31
2026-02-03,2026-02-02,6,夜勤,2,26,26,54,55,-1,0.963,52
2026-02-03,2026-02-02,7,夜勤,1,39,34,74,74,0,0.959,71
2026-02-03,2026-02-02,8,夜勤,1,53,40,94,94,0,0.968,91
2026-02-03,2026-02-03,9,日勤,16,69,53,138,146,-8,0.935,129
2026-02-03,2026-02-03,10,日勤,31,115,76,222,224,-2,0.95,211
2026-02-03,2026-02-03,11,日勤,30,147,72,249,237,12,0.94,234
2026-02-03,2026-02-03,12,日勤,26,107,77,210,199,11,0.948,199
2026-02-03,2026-02-03,13,日勤,27,114,76,217,224,-7,0.968,210
2026-02-03,2026-02-03,14,日勤,29,146,74,249,237,12,0.936,233
2026-02-03,2026-02-03,15,日勤,31,134,62,227,217,10,0.938,213
2026-02-03,2026-02-03,16,日勤,26,122,53,201,197,4,0.98,197
2026-02-03,2026-02-03,17,日勤,24,92,53,169,172,-3,0.905,153
2026-02-03,2026-02-03,18,日勤,16,78,40,134,134,0,0.963,129
2026-02-03,2026-02-03,19,日勤,12,50,37,99,97,2,0.98,97
2026-02-03,2026-02-03,20,夜勤,9,48,42,99,101,-2,0.929,92
2026-02-03,2026-02-03,21,夜勤,6,35,39,80,79,1,0.963,77
2026-02-03,2026-02-03,22,夜勤,3,40,29,72,69,3,0.931,67
2026-02-03,2026-02-03,23,夜勤,3,25,20,48,49,-1,0.917,44
2026-02-04,2026-02-03,0,夜勤,1,26,22,49,48,1,0.959,47
2026-02-04,2026-02-03,1,夜勤,1,12,13,26,28,-2,0.923,24
2026-02-04,2026-02-03,2,夜勤,1,11,13,25,28,-3,0.96,24
2026-02-04,2026-02-03,3,夜勤,2,12,14,28,28,0,0.964,27
2026-02-04,2026-02-03,4,夜勤,1,13,15,29,28,1,0.931,27
2026-02-04,2026-02-03,5,夜勤,1,11,23,35,35,0,0.914,32
2026-02-04,2026-02-03,6,夜勤,1,23,31,55,55,0,0.945,52
2026-02-04,2026-02-03,7,夜勤,2,38,38,78,74,4,0.974,76
2026-02-04,2026-02-03,8,夜勤,2,52,44,98,94,4,0.939,92
2026-02-04,2026-02-04,9,日勤,13,77,56,146,146,0,0.938,137
2026-02-04,2026-02-04,10,日勤,29,133,78,240,224,16,0.925,222
2026-02-04,2026-02-04,11,日勤,29,144,78,251,237,14,0.928,233
2026-02-04,2026-02-04,12,日勤,31,94,78,203,199,4,0.956,194
2026-02-04,2026-02-04,13,日勤,26,129,68,223,224,-1,0.906,202
2026-02-04,2026-02-04,14,日勤,29,129,72,230,237,-7,0.952,219
2026-02-04,2026-02-04,15,日勤,30,118,61,209,217,-8,0.971,203
2026-02-04,2026-02-04,16,日勤,30,110,55,195,197,-2,0.903,176
2026-02-04,2026-02-04,17,日勤,23,100,51,174,172,2,0.937,163
2026-02-04,2026-02-04,18,日勤,16,68,41,125,134,-9,0.92,115
2026-02-04,2026-02-04,19,日勤,12,46,38,96,97,-1,0.917,88
2026-02-04,2026-02-04,20,夜勤,8,47,39,94,101,-7,0.936,88
2026-02-04,2026-02-04,21,夜勤,6,34,36,76,79,-3,0.895,68
2026-02-04,2026-02-04,22,夜勤,3,39,26,68,69,-1,0.912,62
2026-02-04,2026-02-04,23,夜勤,3,27,22,52,49,3,0.942,49
2026-02-05,2026-02-04,0,夜勤,2,25,23,50,48,2,0.94,47
2026-02-05,2026-02-04,1,夜勤,1,13,14,28,28,0,0.893,25
2026-02-05,2026-02-04,2,夜勤,2,13,14,29,28,1,0.931,27
2026-02-05,2026-02-04,3,夜勤,1,12,15,28,28,0,0.929,26
2026-02-05,2026-02-04,4,夜勤,1,13,14,28,28,0,0.929,26
2026-02-05,2026-02-04,5,夜勤,2,13,21,36,35,1,0.972,35
2026-02-05,2026-02-04,6,夜勤,1,26,30,57,55,2,0.947,54
2026-02-05,2026-02-04,7,夜勤,1,38,37,76,74,2,0.934,71
2026-02-05,2026-02-04,8,夜勤,1,51,42,94,94,0,0.947,89
2026-02-05,2026-02-05,9,日勤,15,77,53,145,146,-1,0.89,129
2026-02-05,2026-02-05,10,日勤,28,126,74,228,224,4,0.925,211
2026-02-05,2026-02-05,11,日勤,30,136,65,231,237,-6,0.944,218
2026-02-05,2026-02-05,12,日勤,26,106,71,203,199,4,0.956,194
2026-02-05,2026-02-05,13,日勤,30,130,69,229,224,5,0.961,220
2026-02-05,2026-02-05,14,日勤,26,127,75,228,237,-9,0.974,222
2026-02-05,2026-02-05,15,日勤,28,119,67,214,217,-3,0.967,207
2026-02-05,2026-02-05,16,日勤,26,104,54,184,197,-13,0.94,173
2026-02-05,2026-02-05,17,日勤,22,94,51,167,172,-5,0.964,161
2026-02-05,2026-02-05,18,日勤,18,69,40,127,134,-7,0.945,120
2026-02-05,2026-02-05,19,日勤,11,47,35,93,97,-4,0.968,90
2026-02-05,2026-02-05,20,夜勤,8,45,43,96,101,-5,0.958,92
2026-02-05,2026-02-05,21,夜勤,5,36,34,75,79,-4,0.973,73
2026-02-05,2026-02-05,22,夜勤,3,35,27,65,69,-4,0.938,61
2026-02-05,2026-02-05,23,夜勤,3,23,23,49,49,0,0.959,47
2026-02-06,2026-02-05,0,夜勤,1,26,23,50,48,2,0.92,46
2026-02-06,2026-02-05,1,夜勤,1,12,14,27,28,-1,0.963,26
2026-02-06,2026-02-05,2,夜勤,1,13,14,28,28,0,0.964,27
2026-02-06,2026-02-05,3,夜勤,1,13,15,29,28,1,0.966,28
2026-02-06,2026-02-05,4,夜勤,1,11,14,26,28,-2,0.885,23
2026-02-06,2026-02-05,5,夜勤,1,12,20,33,35,-2,0.939,31
2026-02-06,2026-02-05,6,夜勤,2,24,27,53,55,-2,0.925,49
2026-02-06,2026-02-05,7,夜勤,1,37,35,73,74,-1,0.973,71
2026-02-06,2026-02-05,8,夜勤,1,48,45,94,94,0,0.936,88
2026-02-06,2026-02-06,9,日勤,14,81,59,154,146,8,0.922,142
2026-02-06,2026-02-06,10,日勤,31,136,68,235,224,11,0.928,218
2026-02-06,2026-02-06,11,日勤,31,128,68,227,237,-10,0.868,197
2026-02-06,2026-02-06,12,日勤,32,92,69,193,199,-6,0.927,179
2026-02-06,2026-02-06,13,日勤,27,134,75,236,224,12,0.97,229
2026-02-06,2026-02-06,14,日勤,31,148,67,246,237,9,0.907,223
2026-02-06,2026-02-06,15,日勤,27,117,65,209,217,-8,0.957,200
2026-02-06,2026-02-06,16,日勤,27,112,55,194,197,-3,0.979,190
2026-02-06,2026-02-06,17,日勤,24,94,55,173,172,1,0.902,156
2026-02-06,2026-02-06,18,日勤,18,79,44,141,134,7,0.929,131
2026-02-06,2026-02-06,19,日勤,11,52,39,102,97,5,0.931,95
2026-02-06,2026-02-06,20,夜勤,8,52,46,106,101,5,0.962,102
2026-02-06,2026-02-06,21,夜勤,5,34,39,78,79,-1,0.949,74
2026-02-06,2026-02-06,22,夜勤,3,35,29,67,69,-2,0.955,64
2026-02-06,2026-02-06,23,夜勤,3,24,22,49,49,0,0.939,46
2026-02-07,2026-02-06,0,夜勤,2,22,20,44,48,-4,0.932,41
2026-02-07,2026-02-06,1,夜勤,1,13,13,27,28,-1,0.926,25
2026-02-07,2026-02-06,2,夜勤,1,14,14,29,28,1,0.931,27
2026-02-07,2026-02-06,3,夜勤,1,12,14,27,28,-1,0.963,26
2026-02-07,2026-02-06,4,夜勤,1,12,13,26,28,-2,0.962,25
2026-02-07,2026-02-06,5,夜勤,1,11,21,33,35,-2,0.909,30
2026-02-07,2026-02-06,6,夜勤,2,26,29,57,55,2,0.965,55
2026-02-07,2026-02-06,7,夜勤,1,37,35,73,74,-1,0.959,70
2026-02-07,2026-02-06,8,夜勤,1,46,43,90,94,-4,0.978,88
2026-02-07,2026-02-07,9,日勤,13,68,55,136,146,-10,0.919,125
2026-02-07,2026-02-07,10,日勤,26,125,77,228,224,4,0.956,218
2026-02-07,2026-02-07,11,日勤,30,141,76,247,237,10,0.939,232
2026-02-07,2026-02-07,12,日勤,28,98,71,197,199,-2,0.975,192
2026-02-07,2026-02-07,13,日勤,30,135,68,233,224,9,0.966,225
2026-02-07,2026-02-07,14,日勤,26,138,69,233,237,-4,0.974,227
2026-02-07,2026-02-07,15,日勤,30,132,69,231,217,14,0.978,226
2026-02-07,2026-02-07,16,日勤,26,108,61,195,197,-2,0.954,186
2026-02-07,2026-02-07,17,日勤,25,101,46,172,172,0,0.901,155
2026-02-07,2026-02-07,18,日勤,17,79,45,141,134,7,0.936,132
2026-02-07,2026-02-07,19,日勤,12,48,36,96,97,-1,0.917,88
2026-02-07,2026-02-07,20,夜勤,8,51,40,99,101,-2,0.939,93
2026-02-07,2026-02-07,21,夜勤,6,40,33,79,79,0,0.899,71
2026-02-07,2026-02-07,22,夜勤,3,40,26,69,69,0,0.957,66
2026-02-07,2026-02-07,23,夜勤,3,23,23,49,49,0,0.98,48
2026-02-08,2026-02-07,0,夜勤,2,26,22,50,48,2,0.94,47
2026-02-08,2026-02-07,1,夜勤,2,13,15,30,28,2,0.9,27
2026-02-08,2026-02-07,2,夜勤,1,12,15,28,28,0,0.893,25
2026-02-08,2026-02-07,3,夜勤,1,14,14,29,28,1,0.931,27
2026-02-08,2026-02-07,4,夜勤,1,14,15,30,28,2,0.933,28
2026-02-08,2026-02-07,5,夜勤,1,12,23,36,35,1,0.917,33
2026-02-08,2026-02-07,6,夜勤,1,24,31,56,55,1,0.946,53
2026-02-08,2026-02-07,7,夜勤,1,34,37,72,74,-2,0.944,68
2026-02-08,2026-02-07,8,夜勤,1,45,41,87,94,-7,0.954,83
2026-02-08,2026-02-08,9,日勤,14,78,52,144,146,-2,0.924,133
2026-02-08,2026-02-08,10,日勤,28,135,79,242,224,18,0.913,221
2026-02-08,2026-02-08,11,日勤,27,137,77,241,237,4,0.925,223
2026-02-08,2026-02-08,12,日勤,31,93,78,202,199,3,0.965,195
2026-02-08,2026-02-08,13,日勤,27,131,69,227,224,3,0.894,203
2026-02-08,2026-02-08,14,日勤,26,146,67,239,237,2,0.904,216
2026-02-08,2026-02-08,15,日勤,31,124,58,213,217,-4,0.906,193
2026-02-08,2026-02-08,16,日勤,31,107,51,189,197,-8,0.958,181
2026-02-08,2026-02-08,17,日勤,23,105,49,177,172,5,0.949,168
2026-02-08,2026-02-08,18,日勤,17,80,43,140,134,6,0.943,132
2026-02-08,2026-02-08,19,日勤,11,51,33,95,97,-2,0.926,88
2026-02-08,2026-02-08,20,夜勤,9,46,45,100,101,-1,0.92,92
2026-02-08,2026-02-08,21,夜勤,6,36,38,80,79,1,0.963,77
2026-02-08,2026-02-08,22,夜勤,3,38,29,70,69,1,0.929,65
2026-02-08,2026-02-08,23,夜勤,3,24,21,48,49,-1,0.979,47
2026-02-09,2026-02-08,0,夜勤,1,27,20,48,48,0,0.917,44
2026-02-09,2026-02-08,1,夜勤,1,13,15,29,28,1,0.931,27
2026-02-09,2026-02-08,2,夜勤,1,12,13,26,28,-2,0.923,24
2026-02-09,2026-02-08,3,夜勤,1,12,15,28,28,0,0.893,25
2026-02-09,2026-02-08,4,夜勤,1,14,13,28,28,0,0.893,25
2026-02-09,2026-02-08,5,夜勤,2,11,23,36,35,1,0.917,33
2026-02-09,2026-02-08,6,夜勤,1,26,26,53,55,-2,0.943,50
2026-02-09,2026-02-08,7,夜勤,1,37,35,73,74,-1,0.904,66
2026-02-09,2026-02-08,8,夜勤,1,48,45,94,94,0,0.936,88
2026-02-09,2026-02-09,9,日勤,16,76,58,150,146,4,0.933,140
2026-02-09,2026-02-09,10,日勤,30,129,68,227,224,3,0.969,220
2026-02-09,2026-02-09,11,日勤,31,145,65,241,237,4,0.95,229
2026-02-09,2026-02-09,12,日勤,27,98,67,192,199,-7,0.922,177
2026-02-09,2026-02-09,13,日勤,30,120,72,222,224,-2,0.959,213
2026-02-09,2026-02-09,14,日勤,27,130,71,228,237,-9,0.917,209
2026-02-09,2026-02-09,15,日勤,30,125,65,220,217,3,0.936,206
2026-02-09,2026-02-09,16,日勤,30,104,61,195,197,-2,0.949,185
2026-02-09,2026-02-09,17,日勤,21,103,47,171,172,-1,0.965,165
2026-02-09,2026-02-09,18,日勤,16,74,42,132,134,-2,0.917,121
2026-02-09,2026-02-09,19,日勤,11,48,33,92,97,-5,0.967,89
2026-02-09,2026-02-09,20,夜勤,8,51,46,105,101,4,0.695,73
2026-02-09,2026-02-09,21,夜勤,5,34,34,73,79,-6,0.603,44
2026-02-09,2026-02-09,22,夜勤,3,39,26,68,69,-1,0.618,42
2026-02-09,2026-02-09,23,夜勤,3,26,22,51,49,2,0.608,31
2026-02-10,2026-02-09,0,夜勤,1,24,22,47,48,-1,0.681,32
2026-02-10,2026-02-09,1,夜勤,1,13,13,27,28,-1,0.667,18
2026-02-10,2026-02-09,2,夜勤,1,13,14,28,28,0,0.643,18
2026-02-10,2026-02-09,3,夜勤,1,12,16,29,28,1,0.69,20
2026-02-10,2026-02-09,4,夜勤,1,14,13,28,28,0,0.679,19
2026-02-10,2026-02-09,5,夜勤,1,13,20,34,35,-1,0.647,22
2026-02-10,2026-02-09,6,夜勤,2,24,29,55,55,0,0.636,35
2026-02-10,2026-02-09,7,夜勤,1,34,35,70,74,-4,0.686,48
2026-02-10,2026-02-09,8,夜勤,1,46,40,87,94,-7,0.609,53
2026-02-10,2026-02-10,9,日勤,13,75,60,148,146,2,0.98,145
2026-02-10,2026-02-10,10,日勤,30,115,78,223,224,-1,0.924,206
2026-02-10,2026-02-10,11,日勤,29,148,66,243,237,6,0.955,232
2026-02-10,2026-02-10,12,日勤,26,97,75,198,199,-1,0.98,194
2026-02-10,2026-02-10,13,日勤,31,135,77,243,224,19,0.909,221
2026-02-10,2026-02-10,14,日勤,31,133,69,233,237,-4,0.914,213
2026-02-10,2026-02-10,15,日勤,27,123,67,217,217,0,0.949,206
2026-02-10,2026-02-10,16,日勤,27,115,62,204,197,7,0.941,192
2026-02-10,2026-02-10,17,日勤,22,105,54,181,172,9,0.912,165
2026-02-10,2026-02-10,18,日勤,16,81,40,137,134,3,0.949,130
2026-02-10,2026-02-10,19,日勤,12,50,37,99,97,2,0.949,94
2026-02-10,2026-02-10,20,夜勤,9,50,39,98,101,-3,0.673,66
2026-02-10,2026-02-10,21,夜勤,5,36,39,80,79,1,0.662,53
2026-02-10,2026-02-10,22,夜勤,3,38,31,72,69,3,0.639,46
2026-02-10,2026-02-10,23,夜勤,3,25,22,50,49,1,0.68,34
2026-02-11,2026-02-10,0,夜勤,1,26,20,47,48,-1,0.66,31
2026-02-11,2026-02-10,1,夜勤,2,14,15,31,28,3,0.645,20
2026-02-11,2026-02-10,2,夜勤,1,13,14,28,28,0,0.607,17
2026-02-11,2026-02-10,3,夜勤,2,13,15,30,28,2,0.633,19
2026-02-11,2026-02-10,4,夜勤,1,11,14,26,28,-2,0.692,18
2026-02-11,2026-02-10,5,夜勤,2,13,21,36,35,1,0.611,22
2026-02-11,2026-02-10,6,夜勤,1,26,26,53,55,-2,0.679,36
2026-02-11,2026-02-10,7,夜勤,2,35,34,71,74,-3,0.634,45
2026-02-11,2026-02-10,8,夜勤,1,50,43,94,94,0,0.67,63
2026-02-11,2026-02-11,9,日勤,15,79,63,157,146,11,0.975,153
2026-02-11,2026-02-11,10,日勤,30,128,74,232,224,8,0.944,219
2026-02-11,2026-02-11,11,日勤,28,150,72,250,237,13,0.948,237
2026-02-11,2026-02-11,12,日勤,30,97,70,197,199,-2,0.924,182
2026-02-11,2026-02-11,13,日勤,27,121,65,213,224,-11,0.977,208
2026-02-11,2026-02-11,14,日勤,30,139,77,246,237,9,0.927,228
2026-02-11,2026-02-11,15,日勤,28,125,65,218,217,1,0.936,204
2026-02-11,2026-02-11,16,日勤,30,105,56,191,197,-6,0.979,187
2026-02-11,2026-02-11,17,日勤,25,108,55,188,172,16,0.936,176
2026-02-11,2026-02-11,18,日勤,16,70,41,127,134,-7,0.945,120
2026-02-11,2026-02-11,19,日勤,11,46,38,95,97,-2,0.968,92
2026-02-11,2026-02-11,20,夜勤,8,51,47,106,101,5,0.953,101
2026-02-11,2026-02-11,21,夜勤,5,34,39,78,79,-1,0.962,75
2026-02-11,2026-02-11,22,夜勤,3,38,31,72,69,3,0.958,69
2026-02-11,2026-02-11,23,夜勤,3,26,22,51,49,2,0.961,49
2026-02-12,2026-02-11,0,夜勤,1,25,21,47,48,-1,0.936,44
2026-02-12,2026-02-11,1,夜勤,2,13,14,29,28,1,0.931,27
2026-02-12,2026-02-11,2,夜勤,2,13,13,28,28,0,0.893,25
2026-02-12,2026-02-11,3,夜勤,1,13,14,28,28,0,0.964,27
2026-02-12,2026-02-11,4,夜勤,2,13,15,30,28,2,0.933,28
2026-02-12,2026-02-11,5,夜勤,1,13,22,36,35,1,0.917,33
2026-02-12,2026-02-11,6,夜勤,1,23,30,54,55,-1,0.926,50
2026-02-12,2026-02-11,7,夜勤,1,36,38,75,74,1,0.907,68
2026-02-12,2026-02-11,8,夜勤,1,50,40,91,94,-3,0.934,85
2026-02-12,2026-02-12,9,日勤,13,74,52,139,146,-7,0.906,126
2026-02-12,2026-02-12,10,日勤,27,115,74,216,224,-8,0.935,202
2026-02-12,2026-02-12,11,日勤,28,130,69,227,237,-10,0.903,205
2026-02-12,2026-02-12,12,日勤,29,91,77,197,199,-2,0.914,180
2026-02-12,2026-02-12,13,日勤,30,130,74,234,224,10,0.953,223
2026-02-12,2026-02-12,14,日勤,27,135,70,232,237,-5,0.953,221
2026-02-12,2026-02-12,15,日勤,29,125,67,221,217,4,0.905,200
2026-02-12,2026-02-12,16,日勤,29,101,53,183,197,-14,0.929,170
2026-02-12,2026-02-12,17,日勤,22,99,49,170,172,-2,0.929,158
2026-02-12,2026-02-12,18,日勤,17,75,46,138,134,4,0.971,134
2026-02-12,2026-02-12,19,日勤,10,52,35,97,97,0,0.876,85
2026-02-12,2026-02-12,20,夜勤,9,52,47,108,101,7,0.898,97
2026-02-12,2026-02-12,21,夜勤,6,35,37,78,79,-1,0.936,73
2026-02-12,2026-02-12,22,夜勤,3,35,27,65,69,-4,0.954,62
2026-02-12,2026-02-12,23,夜勤,3,27,21,51,49,2,0.941,48
2026-02-13,2026-02-12,0,夜勤,1,25,21,47,48,-1,0.957,45
2026-02-13,2026-02-12,1,夜勤,1,13,16,30,28,2,0.933,28
2026-02-13,2026-02-12,2,夜勤,2,12,15,29,28,1,0.966,28
2026-02-13,2026-02-12,3,夜勤,1,12,15,28,28,0,0.893,25
2026-02-13,2026-02-12,4,夜勤,2,13,15,30,28,2,0.933,28
2026-02-13,2026-02-12,5,夜勤,2,14,21,37,35,2,0.946,35
2026-02-13,2026-02-12,6,夜勤,1,26,29,56,55,1,0.929,52
2026-02-13,2026-02-12,7,夜勤,2,35,37,74,74,0,0.932,69
2026-02-13,2026-02-12,8,夜勤,2,53,44,99,94,5,0.97,96
2026-02-13,2026-02-13,9,日勤,15,80,52,147,146,1,0.959,141
2026-02-13,2026-02-13,10,日勤,27,117,76,220,224,-4,0.923,203
2026-02-13,2026-02-13,11,日勤,26,133,73,232,237,-5,0.931,216
2026-02-13,2026-02-13,12,日勤,26,99,65,190,199,-9,0.963,183
2026-02-13,2026-02-13,13,日勤,29,122,65,216,224,-8,0.972,210
2026-02-13,2026-02-13,14,日勤,28,139,71,238,237,1,0.912,217
2026-02-13,2026-02-13,15,日勤,30,133,62,225,217,8,0.96,216
2026-02-13,2026-02-13,16,日勤,31,110,60,201,197,4,0.95,191
2026-02-13,2026-02-13,17,日勤,22,108,55,185,172,13,0.962,178
2026-02-13,2026-02-13,18,日勤,18,70,39,127,134,-7,0.921,117
2026-02-13,2026-02-13,19,日勤,12,52,35,99,97,2,0.939,93
2026-02-13,2026-02-13,20,夜勤,9,50,46,105,101,4,0.695,73
2026-02-13,2026-02-13,21,夜勤,6,38,36,80,79,1,0.613,49
2026-02-13,2026-02-13,22,夜勤,3,39,26,68,69,-1,0.647,44
2026-02-13,2026-02-13,23,夜勤,3,26,20,49,49,0,0.612,30
2026-02-14,2026-02-13,0,夜勤,1,27,20,48,48,0,0.667,32
2026-02-14,2026-02-13,1,夜勤,1,13,16,30,28,2,0.7,21
2026-02-14,2026-02-13,2,夜勤,2,13,14,29,28,1,0.621,18
2026-02-14,2026-02-13,3,夜勤,2,14,13,29,28,1,0.586,17
2026-02-14,2026-02-13,4,夜勤,1,12,14,27,28,-1,0.704,19
2026-02-14,2026-02-13,5,夜勤,1,12,20,33,35,-2,0.636,21
2026-02-14,2026-02-13,6,夜勤,1,22,27,50,55,-5,0.64,32
2026-02-14,2026-02-13,7,夜勤,1,40,37,78,74,4,0.628,49
2026-02-14,2026-02-13,8,夜勤,1,48,42,91,94,-3,0.692,63
2026-02-14,2026-02-14,9,日勤,15,80,59,154,146,8,0.909,140
2026-02-14,2026-02-14,10,日勤,30,124,76,230,224,6,0.961,221
2026-02-14,2026-02-14,11,日勤,30,124,72,226,237,-11,0.934,211
2026-02-14,2026-02-14,12,日勤,28,93,78,199,199,0,0.91,181
2026-02-14,2026-02-14,13,日勤,26,114,66,206,224,-18,0.908,187
2026-02-14,2026-02-14,14,日勤,31,148,74,253,237,16,0.917,232
2026-02-14,2026-02-14,15,日勤,29,134,65,228,217,11,0.904,206
2026-02-14,2026-02-14,16,日勤,27,114,55,196,197,-1,0.903,177
2026-02-14,2026-02-14,17,日勤,22,98,54,174,172,2,0.92,160
2026-02-14,2026-02-14,18,日勤,18,72,40,130,134,-4,0.908,118
2026-02-14,2026-02-14,19,日勤,11,47,37,95,97,-2,0.926,88
2026-02-14,2026-02-14,20,夜勤,8,50,40,98,101,-3,0.898,88
2026-02-14,2026-02-14,21,夜勤,5,35,37,77,79,-2,0.922,71
2026-02-14,2026-02-14,22,夜勤,3,35,28,66,69,-3,0.97,64
2026-02-14,2026-02-14,23,夜勤,3,24,20,47,49,-2,0.872,41
2026-02-15,2026-02-14,0,夜勤,1,26,20,47,48,-1,0.957,45
2026-02-15,2026-02-14,1,夜勤,2,12,16,30,28,2,0.9,27
2026-02-15,2026-02-14,2,夜勤,1,12,15,28,28,0,0.893,25
2026-02-15,2026-02-14,3,夜勤,2,13,16,31,28,3,0.935,29
2026-02-15,2026-02-14,4,夜勤,1,12,14,27,28,-1,0.926,25
2026-02-15,2026-02-14,5,夜勤,1,12,20,33,35,-2,0.97,32
2026-02-15,2026-02-14,6,夜勤,1,25,29,55,55,0,0.873,48
2026-02-15,2026-02-14,7,夜勤,1,34,37,72,74,-2,0.931,67
2026-02-15,2026-02-14,8,夜勤,1,54,40,95,94,1,0.937,89
2026-02-15,2026-02-15,9,日勤,14,71,60,145,146,-1,0.924,134
2026-02-15,2026-02-15,10,日勤,27,124,74,225,224,1,0.924,208
2026-02-15,2026-02-15,11,日勤,30,124,67,221,237,-16,0.964,213
2026-02-15,2026-02-15,12,日勤,30,90,66,186,199,-13,0.952,177
2026-02-15,2026-02-15,13,日勤,27,116,71,214,224,-10,0.911,195
2026-02-15,2026-02-15,14,日勤,26,136,71,233,237,-4,0.91,212
2026-02-15,2026-02-15,15,日勤,31,116,71,218,217,1,0.963,210
2026-02-15,2026-02-15,16,日勤,27,106,55,188,197,-9,0.968,182
2026-02-15,2026-02-15,17,日勤,21,89,54,164,172,-8,0.884,145
2026-02-15,2026-02-15,18,日勤,17,68,40,125,134,-9,0.968,121
2026-02-15,2026-02-15,19,日勤,12,53,32,97,97,0,0.969,94
2026-02-15,2026-02-15,20,夜勤,9,48,40,97,101,-4,0.907,88
2026-02-15,2026-02-15,21,夜勤,6,36,32,74,79,-5,0.892,66
2026-02-15,2026-02-15,22,夜勤,3,40,27,70,69,1,0.971,68
2026-02-15,2026-02-15,23,夜勤,3,23,22,48,49,-1,0.917,44
2026-02-16,2026-02-15,0,夜勤,2,23,23,48,48,0,0.979,47
2026-02-16,2026-02-15,1,夜勤,1,13,13,27,28,-1,0.926,25
2026-02-16,2026-02-15,2,夜勤,1,12,14,27,28,-1,0.926,25
2026-02-16,2026-02-15,3,夜勤,2,13,15,30,28,2,0.867,26
2026-02-16,2026-02-15,4,夜勤,1,11,15,27,28,-1,0.889,24
2026-02-16,2026-02-15,5,夜勤,2,12,20,34,35,-1,0.971,33
2026-02-16,2026-02-15,6,夜勤,2,26,27,55,55,0,0.964,53
2026-02-16,2026-02-15,7,夜勤,2,40,39,81,74,7,0.975,79
2026-02-16,2026-02-15,8,夜勤,1,47,45,93,94,-1,0.957,89
2026-02-16,2026-02-16,9,日勤,14,75,58,147,146,1,0.966,142
2026-02-16,2026-02-16,10,日勤,27,126,66,219,224,-5,0.909,199
2026-02-16,2026-02-16,11,日勤,29,138,78,245,237,8,0.959,235
2026-02-16,2026-02-16,12,日勤,31,94,64,189,199,-10,0.942,178
2026-02-16,2026-02-16,13,日勤,30,136,65,231,224,7,0.978,226
2026-02-16,2026-02-16,14,日勤,26,130,65,221,237,-16,0.973,215
2026-02-16,2026-02-16,15,日勤,28,123,63,214,217,-3,0.963,206
2026-02-16,2026-02-16,16,日勤,28,112,56,196,197,-1,0.934,183
2026-02-16,2026-02-16,17,日勤,21,96,53,170,172,-2,0.935,159
2026-02-16,2026-02-16,18,日勤,16,74,44,134,134,0,0.881,118
2026-02-16,2026-02-16,19,日勤,13,47,32,92,97,-5,0.935,86
2026-02-16,2026-02-16,20,夜勤,9,46,45,100,101,-1,0.93,93
2026-02-16,2026-02-16,21,夜勤,6,35,38,79,79,0,0.937,74
2026-02-16,2026-02-16,22,夜勤,3,36,28,67,69,-2,0.955,64
2026-02-16,2026-02-16,23,夜勤,3,25,22,50,49,1,0.94,47
2026-02-17,2026-02-16,0,夜勤,2,23,23,48,48,0,0.958,46
2026-02-17,2026-02-16,1,夜勤,1,12,15,28,28,0,0.929,26
2026-02-17,2026-02-16,2,夜勤,1,12,16,29,28,1,0.966,28
2026-02-17,2026-02-16,3,夜勤,1,12,13,26,28,-2,0.923,24
2026-02-17,2026-02-16,4,夜勤,2,12,14,28,28,0,0.964,27
2026-02-17,2026-02-16,5,夜勤,1,12,20,33,35,-2,0.97,32
2026-02-17,2026-02-16,6,夜勤,2,24,31,57,55,2,0.93,53
2026-02-17,2026-02-16,7,夜勤,2,39,38,79,74,5,0.937,74
2026-02-17,2026-02-16,8,夜勤,1,49,39,89,94,-5,0.91,81
2026-02-17,2026-02-17,9,日勤,16,69,57,142,146,-4,0.951,135
2026-02-17,2026-02-17,10,日勤,29,129,75,233,224,9,0.914,213
2026-02-17,2026-02-17,11,日勤,26,127,66,219,237,-18,0.968,212
2026-02-17,2026-02-17,12,日勤,31,92,76,199,199,0,0.97,193
2026-02-17,2026-02-17,13,日勤,26,134,78,238,224,14,0.929,221
2026-02-17,2026-02-17,14,日勤,28,140,78,246,237,9,0.955,235
2026-02-17,2026-02-17,15,日勤,30,129,66,225,217,8,0.956,215
2026-02-17,2026-02-17,16,日勤,27,121,52,200,197,3,0.955,191
2026-02-17,2026-02-17,17,日勤,23,107,49,179,172,7,0.933,167
2026-02-17,2026-02-17,18,日勤,16,80,43,139,134,5,0.964,134
2026-02-17,2026-02-17,19,日勤,12,51,33,96,97,-1,0.906,87
2026-02-17,2026-02-17,20,夜勤,9,51,43,103,101,2,0.922,95
2026-02-17,2026-02-17,21,夜勤,5,36,39,80,79,1,0.95,76
2026-02-17,2026-02-17,22,夜勤,3,35,30,68,69,-1,0.956,65
2026-02-17,2026-02-17,23,夜勤,3,23,22,48,49,-1,0.958,46
2026-02-18,2026-02-17,0,夜勤,2,25,23,50,48,2,0.98,49
2026-02-18,2026-02-17,1,夜勤,1,12,14,27,28,-1,0.926,25
2026-02-18,2026-02-17,2,夜勤,1,12,15,28,28,0,0.929,26
2026-02-18,2026-02-17,3,夜勤,2,13,15,30,28,2,0.9,27
2026-02-18,2026-02-17,4,夜勤,1,13,14,28,28,0,0.929,26
2026-02-18,2026-02-17,5,夜勤,1,12,20,33,35,-2,0.939,31
2026-02-18,2026-02-17,6,夜勤,2,23,30,55,55,0,0.927,51
2026-02-18,2026-02-17,7,夜勤,2,35,34,71,74,-3,0.972,69
2026-02-18,2026-02-17,8,夜勤,1,48,41,90,94,-4,0.933,84
2026-02-18,2026-02-18,9,日勤,16,77,53,146,146,0,0.918,134
2026-02-18,2026-02-18,10,日勤,28,136,76,240,224,16,0.858,206
2026-02-18,2026-02-18,11,日勤,29,128,74,231,237,-6,0.931,215
2026-02-18,2026-02-18,12,日勤,32,100,78,210,199,11,0.967,203
2026-02-18,2026-02-18,13,日勤,27,131,73,231,224,7,0.939,217
2026-02-18,2026-02-18,14,日勤,28,146,74,248,237,11,0.919,228
2026-02-18,2026-02-18,15,日勤,28,112,64,204,217,-13,0.98,200
2026-02-18,2026-02-18,16,日勤,27,108,52,187,197,-10,0.92,172
2026-02-18,2026-02-18,17,日勤,24,107,51,182,172,10,0.918,167
2026-02-18,2026-02-18,18,日勤,18,72,41,131,134,-3,0.916,120
2026-02-18,2026-02-18,19,日勤,11,52,37,100,97,3,0.92,92
2026-02-18,2026-02-18,20,夜勤,9,54,40,103,101,2,0.922,95
2026-02-18,2026-02-18,21,夜勤,5,40,35,80,79,1,0.9,72
2026-02-18,2026-02-18,22,夜勤,3,37,30,70,69,1,0.914,64
2026-02-18,2026-02-18,23,夜勤,3,23,20,46,49,-3,0.978,45
2026-02-19,2026-02-18,0,夜勤,1,24,19,44,48,-4,0.932,41
2026-02-19,2026-02-18,1,夜勤,1,12,15,28,28,0,0.929,26
2026-02-19,2026-02-18,2,夜勤,1,13,15,29,28,1,0.966,28
2026-02-19,2026-02-18,3,夜勤,1,11,14,26,28,-2,0.923,24
2026-02-19,2026-02-18,4,夜勤,1,13,15,29,28,1,0.966,28
2026-02-19,2026-02-18,5,夜勤,2,14,22,38,35,3,0.947,36
2026-02-19,2026-02-18,6,夜勤,1,25,30,56,55,1,0.929,52
2026-02-19,2026-02-18,7,夜勤,2,38,36,76,74,2,0.934,71
2026-02-19,2026-02-18,8,夜勤,2,49,46,97,94,3,0.959,93
2026-02-19,2026-02-19,9,日勤,15,79,58,152,146,6,0.961,146
2026-02-19,2026-02-19,10,日勤,28,130,67,225,224,1,0.938,211
2026-02-19,2026-02-19,11,日勤,30,143,65,238,237,1,0.971,231
2026-02-19,2026-02-19,12,日勤,30,104,72,206,199,7,0.937,193
2026-02-19,2026-02-19,13,日勤,30,124,69,223,224,-1,0.969,216
2026-02-19,2026-02-19,14,日勤,29,136,72,237,237,0,0.941,223
2026-02-19,2026-02-19,15,日勤,30,116,67,213,217,-4,0.911,194
2026-02-19,2026-02-19,16,日勤,27,104,57,188,197,-9,0.952,179
2026-02-19,2026-02-19,17,日勤,22,102,51,175,172,3,0.914,160
2026-02-19,2026-02-19,18,日勤,16,81,39,136,134,2,0.926,126
2026-02-19,2026-02-19,19,日勤,12,53,33,98,97,1,0.908,89
2026-02-19,2026-02-19,20,夜勤,8,50,47,105,101,4,0.876,92
2026-02-19,2026-02-19,21,夜勤,6,38,35,79,79,0,0.899,71
2026-02-19,2026-02-19,22,夜勤,3,37,29,69,69,0,0.957,66
2026-02-19,2026-02-19,23,夜勤,3,26,21,50,49,1,0.9,45
2026-02-20,2026-02-19,0,夜勤,1,24,22,47,48,-1,0.851,40
2026-02-20,2026-02-19,1,夜勤,1,12,14,27,28,-1,0.963,26
2026-02-20,2026-02-19,2,夜勤,1,12,14,27,28,-1,0.926,25
2026-02-20,2026-02-19,3,夜勤,1,11,14,26,28,-2,0.923,24
2026-02-20,2026-02-19,4,夜勤,1,13,15,29,28,1,0.966,28
2026-02-20,2026-02-19,5,夜勤,1,13,19,33,35,-2,0.939,31
2026-02-20,2026-02-19,6,夜勤,1,27,31,59,55,4,0.932,55
2026-02-20,2026-02-19,7,夜勤,1,38,37,76,74,2,0.961,73
2026-02-20,2026-02-19,8,夜勤,1,51,44,96,94,2,0.906,87
2026-02-20,2026-02-20,9,日勤,15,76,55,146,146,0,0.945,138
2026-02-20,2026-02-20,10,日勤,30,123,68,221,224,-3,0.91,201
2026-02-20,2026-02-20,11,日勤,30,136,71,237,237,0,0.924,219
2026-02-20,2026-02-20,12,日勤,29,90,74,193,199,-6,0.933,180
2026-02-20,2026-02-20,13,日勤,30,128,70,228,224,4,0.943,215
2026-02-20,2026-02-20,14,日勤,31,134,75,240,237,3,0.95,228
2026-02-20,2026-02-20,15,日勤,31,118,70,219,217,2,0.936,205
2026-02-20,2026-02-20,16,日勤,26,111,57,194,197,-3,0.938,182
2026-02-20,2026-02-20,17,日勤,24,102,47,173,172,1,0.931,161
2026-02-20,2026-02-20,18,日勤,16,72,47,135,134,1,0.948,128
2026-02-20,2026-02-20,19,日勤,12,53,36,101,97,4,0.931,94
2026-02-20,2026-02-20,20,夜勤,9,45,42,96,101,-5,0.927,89
2026-02-20,2026-02-20,21,夜勤,6,38,34,78,79,-1,0.91,71
2026-02-20,2026-02-20,22,夜勤,3,38,26,67,69,-2,0.881,59
2026-02-20,2026-02-20,23,夜勤,3,25,22,50,49,1,0.94,47
2026-02-21,2026-02-20,0,夜勤,1,23,20,44,48,-4,0.932,41
2026-02-21,2026-02-20,1,夜勤,1,12,14,27,28,-1,0.926,25
2026-02-21,2026-02-20,2,夜勤,1,11,14,26,28,-2,0.962,25
2026-02-21,2026-02-20,3,夜勤,1,12,14,27,28,-1,0.889,24
2026-02-21,2026-02-20,4,夜勤,1,12,15,28,28,0,0.964,27
2026-02-21,2026-02-20,5,夜勤,1,12,20,33,35,-2,0.939,31
2026-02-21,2026-02-20,6,夜勤,1,25,31,57,55,2,0.947,54
2026-02-21,2026-02-20,7,夜勤,1,34,34,69,74,-5,0.913,63
2026-02-21,2026-02-20,8,夜勤,1,49,47,97,94,3,0.948,92
2026-02-21,2026-02-21,9,日勤,14,74,58,146,146,0,0.932,136
2026-02-21,2026-02-21,10,日勤,27,128,66,221,224,-3,0.932,206
2026-02-21,2026-02-21,11,日勤,31,127,78,236,237,-1,0.924,218
2026-02-21,2026-02-21,12,日勤,26,101,72,199,199,0,0.905,180
2026-02-21,2026-02-21,13,日勤,30,123,72,225,224,1,0.951,214
2026-02-21,2026-02-21,14,日勤,30,129,78,237,237,0,0.941,223
2026-02-21,2026-02-21,15,日勤,31,113,65,209,217,-8,0.933,195
2026-02-21,2026-02-21,16,日勤,28,106,61,195,197,-2,0.908,177
2026-02-21,2026-02-21,17,日勤,22,103,48,173,172,1,0.925,160
2026-02-21,2026-02-21,18,日勤,17,73,45,135,134,1,0.963,130
2026-02-21,2026-02-21,19,日勤,13,51,34,98,97,1,0.949,93
2026-02-21,2026-02-21,20,夜勤,9,48,40,97,101,-4,0.866,84
2026-02-21,2026-02-21,21,夜勤,5,36,37,78,79,-1,0.923,72
2026-02-21,2026-02-21,22,夜勤,3,38,29,70,69,1,0.957,67
2026-02-21,2026-02-21,23,夜勤,3,26,21,50,49,1,0.94,47
2026-02-22,2026-02-21,0,夜勤,2,27,20,49,48,1,0.918,45
2026-02-22,2026-02-21,1,夜勤,2,13,15,30,28,2,0.967,29
2026-02-22,2026-02-21,2,夜勤,2,11,15,28,28,0,0.964,27
2026-02-22,2026-02-21,3,夜勤,1,14,13,28,28,0,0.964,27
2026-02-22,2026-02-21,4,夜勤,2,13,15,30,28,2,0.933,28
2026-02-22,2026-02-21,5,夜勤,1,11,23,35,35,0,0.914,32
2026-02-22,2026-02-21,6,夜勤,1,26,30,57,55,2,0.93,53
2026-02-22,2026-02-21,7,夜勤,2,35,39,76,74,2,0.921,70
2026-02-22,2026-02-21,8,夜勤,2,50,42,94,94,0,0.947,89
2026-02-22,2026-02-22,9,日勤,15,73,53,141,146,-5,0.972,137
2026-02-22,2026-02-22,10,日勤,27,131,76,234,224,10,0.979,229
2026-02-22,2026-02-22,11,日勤,26,132,70,228,237,-9,0.947,216
2026-02-22,2026-02-22,12,日勤,29,98,76,203,199,4,0.97,197
2026-02-22,2026-02-22,13,日勤,31,114,75,220,224,-4,0.927,204
2026-02-22,2026-02-22,14,日勤,29,128,70,227,237,-10,0.974,221
2026-02-22,2026-02-22,15,日勤,29,120,61,210,217,-7,0.957,201
2026-02-22,2026-02-22,16,日勤,28,117,53,198,197,1,0.965,191
2026-02-22,2026-02-22,17,日勤,25,91,52,168,172,-4,0.97,163
2026-02-22,2026-02-22,18,日勤,17,68,45,130,134,-4,0.938,122
2026-02-22,2026-02-22,19,日勤,11,45,33,89,97,-8,0.966,86
2026-02-22,2026-02-22,20,夜勤,9,52,47,108,101,7,0.917,99
2026-02-22,2026-02-22,21,夜勤,6,36,32,74,79,-5,0.905,67
2026-02-22,2026-02-22,22,夜勤,3,35,28,66,69,-3,0.909,60
2026-02-22,2026-02-22,23,夜勤,3,23,20,46,49,-3,0.978,45
2026-02-23,2026-02-22,0,夜勤,1,23,21,45,48,-3,0.933,42
2026-02-23,2026-02-22,1,夜勤,2,12,16,30,28,2,0.933,28
2026-02-23,2026-02-22,2,夜勤,1,12,16,29,28,1,0.966,28
2026-02-23,2026-02-22,3,夜勤,1,13,13,27,28,-1,0.963,26
2026-02-23,2026-02-22,4,夜勤,2,13,13,28,28,0,0.893,25
2026-02-23,2026-02-22,5,夜勤,1,12,21,34,35,-1,0.971,33
2026-02-23,2026-02-22,6,夜勤,1,23,27,51,55,-4,0.961,49
2026-02-23,2026-02-22,7,夜勤,1,35,32,68,74,-6,0.971,66
2026-02-23,2026-02-22,8,夜勤,1,48,45,94,94,0,0.968,91
2026-02-23,2026-02-23,9,日勤,16,71,57,144,146,-2,0.965,139
2026-02-23,2026-02-23,10,日勤,31,136,66,233,224,9,0.974,227
2026-02-23,2026-02-23,11,日勤,31,141,74,246,237,9,0.927,228
2026-02-23,2026-02-23,12,日勤,29,100,74,203,199,4,0.892,181
2026-02-23,2026-02-23,13,日勤,31,115,69,215,224,-9,0.972,209
2026-02-23,2026-02-23,14,日勤,29,138,75,242,237,5,0.938,227
2026-02-23,2026-02-23,15,日勤,29,124,64,217,217,0,0.959,208
2026-02-23,2026-02-23,16,日勤,29,106,55,190,197,-7,0.937,178
2026-02-23,2026-02-23,17,日勤,25,94,51,170,172,-2,0.965,164
2026-02-23,2026-02-23,18,日勤,18,78,47,143,134,9,0.937,134
2026-02-23,2026-02-23,19,日勤,12,53,34,99,97,2,0.96,95
2026-02-23,2026-02-23,20,夜勤,8,52,42,102,101,1,0.961,98
2026-02-23,2026-02-23,21,夜勤,6,40,39,85,79,6,0.953,81
2026-02-23,2026-02-23,22,夜勤,3,38,26,67,69,-2,0.925,62
2026-02-23,2026-02-23,23,夜勤,3,27,22,52,49,3,0.904,47
2026-02-24,2026-02-23,0,夜勤,1,25,20,46,48,-2,0.935,43
2026-02-24,2026-02-23,1,夜勤,1,13,15,29,28,1,0.931,27
2026-02-24,2026-02-23,2,夜勤,1,11,13,25,28,-3,0.96,24
2026-02-24,2026-02-23,3,夜勤,1,12,15,28,28,0,0.964,27
2026-02-24,2026-02-23,4,夜勤,1,11,16,28,28,0,0.929,26
2026-02-24,2026-02-23,5,夜勤,1,12,21,34,35,-1,0.941,32
2026-02-24,2026-02-23,6,夜勤,1,24,30,55,55,0,0.945,52
2026-02-24,2026-02-23,7,夜勤,1,38,33,72,74,-2,0.944,68
2026-02-24,2026-02-23,8,夜勤,2,48,40,90,94,-4,0.9,81
2026-02-24,2026-02-24,9,日勤,15,77,60,152,146,6,0.921,140
2026-02-24,2026-02-24,10,日勤,29,126,73,228,224,4,0.974,222
2026-02-24,2026-02-24,11,日勤,29,147,66,242,237,5,0.909,220
2026-02-24,2026-02-24,12,日勤,30,92,69,191,199,-8,0.927,177
2026-02-24,2026-02-24,13,日勤,32,132,69,233,224,9,0.931,217
2026-02-24,2026-02-24,14,日勤,27,123,76,226,237,-11,0.96,217
2026-02-24,2026-02-24,15,日勤,30,123,70,223,217,6,0.915,204
2026-02-24,2026-02-24,16,日勤,28,106,54,188,197,-9,0.92,173
2026-02-24,2026-02-24,17,日勤,21,97,52,170,172,-2,0.982,167
2026-02-24,2026-02-24,18,日勤,16,68,39,123,134,-11,0.919,113
2026-02-24,2026-02-24,19,日勤,11,53,32,96,97,-1,0.927,89
2026-02-24,2026-02-24,20,夜勤,9,53,39,101,101,0,0.634,64
2026-02-24,2026-02-24,21,夜勤,6,37,38,81,79,2,0.691,56
2026-02-24,2026-02-24,22,夜勤,3,36,27,66,69,-3,0.697,46
2026-02-24,2026-02-24,23,夜勤,3,23,21,47,49,-2,0.702,33
2026-02-25,2026-02-24,0,夜勤,2,26,22,50,48,2,0.7,35
2026-02-25,2026-02-24,1,夜勤,1,12,15,28,28,0,0.643,18
2026-02-25,2026-02-24,2,夜勤,1,13,13,27,28,-1,0.704,19
2026-02-25,2026-02-24,3,夜勤,2,14,16,32,28,4,0.625,20
2026-02-25,2026-02-24,4,夜勤,2,14,13,29,28,1,0.621,18
2026-02-25,2026-02-24,5,夜勤,1,12,21,34,35,-1,0.676,23
2026-02-25,2026-02-24,6,夜勤,1,22,29,52,55,-3,0.692,36
2026-02-25,2026-02-24,7,夜勤,1,34,37,72,74,-2,0.639,46
2026-02-25,2026-02-24,8,夜勤,1,51,41,93,94,-1,0.656,61
2026-02-25,2026-02-25,9,日勤,16,77,55,148,146,2,0.932,138
2026-02-25,2026-02-25,10,日勤,30,114,64,208,224,-16,0.952,198
2026-02-25,2026-02-25,11,日勤,26,146,68,240,237,3,0.938,225
2026-02-25,2026-02-25,12,日勤,31,108,72,211,199,12,0.934,197
2026-02-25,2026-02-25,13,日勤,27,120,74,221,224,-3,0.941,208
2026-02-25,2026-02-25,14,日勤,31,147,72,250,237,13,0.956,239
2026-02-25,2026-02-25,15,日勤,30,116,67,213,217,-4,0.972,207
2026-02-25,2026-02-25,16,日勤,26,109,58,193,197,-4,0.943,182
2026-02-25,2026-02-25,17,日勤,23,108,46,177,172,5,0.876,155
2026-02-25,2026-02-25,18,日勤,17,79,40,136,134,2,0.919,125
2026-02-25,2026-02-25,19,日勤,12,46,37,95,97,-2,0.958,91
2026-02-25,2026-02-25,20,夜勤,8,54,43,105,101,4,0.924,97
2026-02-25,2026-02-25,21,夜勤,5,40,33,78,79,-1,0.949,74
2026-02-25,2026-02-25,22,夜勤,3,35,28,66,69,-3,0.955,63
2026-02-25,2026-02-25,23,夜勤,3,24,21,48,49,-1,0.938,45
2026-02-26,2026-02-25,0,夜勤,1,27,20,48,48,0,0.938,45
2026-02-26,2026-02-25,1,夜勤,1,13,15,29,28,1,0.897,26
2026-02-26,2026-02-25,2,夜勤,2,13,13,28,28,0,0.964,27
2026-02-26,2026-02-25,3,夜勤,1,14,14,29,28,1,0.931,27
2026-02-26,2026-02-25,4,夜勤,1,11,14,26,28,-2,0.962,25
2026-02-26,2026-02-25,5,夜勤,1,13,21,35,35,0,0.943,33
2026-02-26,2026-02-25,6,夜勤,2,26,28,56,55,1,0.929,52
2026-02-26,2026-02-25,7,夜勤,2,37,34,73,74,-1,0.945,69
2026-02-26,2026-02-25,8,夜勤,1,53,42,96,94,2,0.938,90
2026-02-26,2026-02-26,9,日勤,13,76,61,150,146,4,0.98,147
2026-02-26,2026-02-26,10,日勤,31,117,65,213,224,-11,0.953,203
2026-02-26,2026-02-26,11,日勤,27,136,65,228,237,-9,0.89,203
2026-02-26,2026-02-26,12,日勤,27,106,78,211,199,12,0.9,190
2026-02-26,2026-02-26,13,日勤,27,114,65,206,224,-18,0.854,176
2026-02-26,2026-02-26,14,日勤,29,145,71,245,237,8,0.902,221
2026-02-26,2026-02-26,15,日勤,31,128,60,219,217,2,0.963,211
2026-02-26,2026-02-26,16,日勤,31,110,55,196,197,-1,0.969,190
2026-02-26,2026-02-26,17,日勤,21,98,49,168,172,-4,0.952,160
2026-02-26,2026-02-26,18,日勤,19,72,41,132,134,-2,0.977,129
2026-02-26,2026-02-26,19,日勤,11,50,37,98,97,1,0.908,89
2026-02-26,2026-02-26,20,夜勤,8,54,44,106,101,5,0.962,102
2026-02-26,2026-02-26,21,夜勤,5,40,38,83,79,4,0.916,76
2026-02-26,2026-02-26,22,夜勤,3,40,28,71,69,2,0.972,69
2026-02-26,2026-02-26,23,夜勤,3,26,21,50,49,1,0.9,45
2026-02-27,2026-02-26,0,夜勤,1,25,24,50,48,2,0.9,45
2026-02-27,2026-02-26,1,夜勤,2,12,14,28,28,0,0.893,25
2026-02-27,2026-02-26,2,夜勤,1,11,14,26,28,-2,0.962,25
2026-02-27,2026-02-26,3,夜勤,2,13,14,29,28,1,0.897,26
2026-02-27,2026-02-26,4,夜勤,1,13,15,29,28,1,0.931,27
2026-02-27,2026-02-26,5,夜勤,1,12,24,37,35,2,0.865,32
2026-02-27,2026-02-26,6,夜勤,1,22,30,53,55,-2,0.981,52
2026-02-27,2026-02-26,7,夜勤,1,35,33,69,74,-5,0.928,64
2026-02-27,2026-02-26,8,夜勤,1,50,46,97,94,3,0.948,92
2026-02-27,2026-02-27,9,日勤,13,69,52,134,146,-12,0.91,122
2026-02-27,2026-02-27,10,日勤,29,134,76,239,224,15,0.95,227
2026-02-27,2026-02-27,11,日勤,27,138,73,238,237,1,0.945,225
2026-02-27,2026-02-27,12,日勤,30,106,77,213,199,14,0.911,194
2026-02-27,2026-02-27,13,日勤,26,136,66,228,224,4,0.93,212
2026-02-27,2026-02-27,14,日勤,26,137,70,233,237,-4,0.88,205
2026-02-27,2026-02-27,15,日勤,28,136,61,225,217,8,0.911,205
2026-02-27,2026-02-27,16,日勤,27,113,61,201,197,4,0.93,187
2026-02-27,2026-02-27,17,日勤,24,104,47,175,172,3,0.943,165
2026-02-27,2026-02-27,18,日勤,17,76,45,138,134,4,0.949,131
2026-02-27,2026-02-27,19,日勤,11,45,35,91,97,-6,0.967,88
2026-02-27,2026-02-27,20,夜勤,9,52,43,104,101,3,0.962,100
2026-02-27,2026-02-27,21,夜勤,6,36,34,76,79,-3,0.974,74
2026-02-27,2026-02-27,22,夜勤,3,38,26,67,69,-2,0.97,65
2026-02-27,2026-02-27,23,夜勤,3,23,22,48,49,-1,0.896,43
2026-02-28,2026-02-27,0,夜勤,2,24,20,46,48,-2,0.957,44
2026-02-28,2026-02-27,1,夜勤,1,13,15,29,28,1,0.966,28
2026-02-28,2026-02-27,2,夜勤,1,12,13,26,28,-2,0.923,24
2026-02-28,2026-02-27,3,夜勤,1,12,14,27,28,-1,0.963,26
2026-02-28,2026-02-27,4,夜勤,2,11,14,27,28,-1,0.963,26
2026-02-28,2026-02-27,5,夜勤,2,12,21,35,35,0,0.943,33
2026-02-28,2026-02-27,6,夜勤,1,23,30,54,55,-1,0.907,49
2026-02-28,2026-02-27,7,夜勤,2,35,32,69,74,-5,0.942,65
2026-02-28,2026-02-27,8,夜勤,2,47,41,90,94,-4,0.967,87
2026-02-28,2026-02-28,9,日勤,15,77,58,150,146,4,0.96,144
2026-02-28,2026-02-28,10,日勤,28,135,78,241,224,17,0.95,229
2026-02-28,2026-02-28,11,日勤,30,128,70,228,237,-9,0.969,221
2026-02-28,2026-02-28,12,日勤,29,96,67,192,199,-7,0.958,184
2026-02-28,2026-02-28,13,日勤,28,118,74,220,224,-4,0.923,203
2026-02-28,2026-02-28,14,日勤,29,145,64,238,237,1,0.916,218
2026-02-28,2026-02-28,15,日勤,26,133,70,229,217,12,0.965,221
2026-02-28,2026-02-28,16,日勤,28,112,54,194,197,-3,0.974,189
2026-02-28,2026-02-28,17,日勤,21,103,47,171,172,-1,0.906,155
2026-02-28,2026-02-28,18,日勤,19,82,45,146,134,12,0.932,136
2026-02-28,2026-02-28,19,日勤,11,53,34,98,97,1,0.898,88
2026-02-28,2026-02-28,20,夜勤,8,49,45,102,101,1,0.971,99
2026-02-28,2026-02-28,21,夜勤,6,35,35,76,79,-3,0.908,69
2026-02-28,2026-02-28,22,夜勤,3,36,27,66,69,-3,0.955,63
2026-02-28,2026-02-28,23,夜勤,3,23,22,48,49,-1,0.938,45
2026-03-01,2026-02-28,0,夜勤,1,25,21,47,48,-1,0.957,45
2026-03-01,2026-02-28,1,夜勤,1,11,14,26,28,-2,0.923,24
2026-03-01,2026-02-28,2,夜勤,1,12,16,29,28,1,0.897,26
2026-03-01,2026-02-28,3,夜勤,2,12,15,29,28,1,0.931,27
2026-03-01,2026-02-28,4,夜勤,2,13,15,30,28,2,0.933,28
2026-03-01,2026-02-28,5,夜勤,1,13,22,36,35,1,0.972,35
2026-03-01,2026-02-28,6,夜勤,1,25,30,56,55,1,0.946,53
2026-03-01,2026-02-28,7,夜勤,1,40,36,77,74,3,0.974,75
2026-03-01,2026-02-28,8,夜勤,2,54,46,102,94,8,0.951,97
2026-03-01,2026-03-01,9,日勤,14,79,57,150,146,4,0.92,138
2026-03-01,2026-03-01,10,日勤,30,116,75,221,224,-3,0.923,204
2026-03-01,2026-03-01,11,日勤,26,136,66,228,237,-9,0.912,208
2026-03-01,2026-03-01,12,日勤,28,103,65,196,199,-3,0.934,183
2026-03-01,2026-03-01,13,日勤,28,117,72,217,224,-7,0.917,199
2026-03-01,2026-03-01,14,日勤,30,130,74,234,237,-3,0.949,222
2026-03-01,2026-03-01,15,日勤,30,118,64,212,217,-5,0.972,206
2026-03-01,2026-03-01,16,日勤,27,122,57,206,197,9,0.908,187
2026-03-01,2026-03-01,17,日勤,21,105,48,174,172,2,0.92,160
2026-03-01,2026-03-01,18,日勤,18,70,42,130,134,-4,0.9,117
2026-03-01,2026-03-01,19,日勤,12,54,39,105,97,8,0.905,95
2026-03-01,2026-03-01,20,夜勤,8,52,47,107,101,6,0.972,104
2026-03-01,2026-03-01,21,夜勤,6,36,39,81,79,2,0.951,77
2026-03-01,2026-03-01,22,夜勤,3,37,30,70,69,1,0.929,65
2026-03-01,2026-03-01,23,夜勤,3,25,19,47,49,-2,0.894,42
2026-03-02,2026-03-01,0,夜勤,2,25,21,48,48,0,0.979,47
2026-03-02,2026-03-01,1,夜勤,1,13,15,29,28,1,0.966,28
2026-03-02,2026-03-01,2,夜勤,1,13,14,28,28,0,0.964,27
2026-03-02,2026-03-01,3,夜勤,2,13,14,29,28,1,0.931,27
2026-03-02,2026-03-01,4,夜勤,1,13,14,28,28,0,0.929,26
2026-03-02,2026-03-01,5,夜勤,1,13,21,35,35,0,0.971,34
2026-03-02,2026-03-01,6,夜勤,1,24,29,54,55,-1,0.926,50
2026-03-02,2026-03-01,7,夜勤,1,37,35,73,74,-1,0.932,68
2026-03-02,2026-03-01,8,夜勤,1,48,47,96,94,2,0.938,90
2026-03-02,2026-03-02,9,日勤,13,69,61,143,146,-3,0.958,137
2026-03-02,2026-03-02,10,日勤,28,125,75,228,224,4,0.939,214
2026-03-02,2026-03-02,11,日勤,27,139,70,236,237,-1,0.97,229
2026-03-02,2026-03-02,12,日勤,26,102,75,203,199,4,0.946,192
2026-03-02,2026-03-02,13,日勤,30,116,67,213,224,-11,0.906,193
2026-03-02,2026-03-02,14,日勤,29,136,66,231,237,-6,0.905,209
2026-03-02,2026-03-02,15,日勤,26,135,65,226,217,9,0.951,215
2026-03-02,2026-03-02,16,日勤,28,118,61,207,197,10,0.932,193
2026-03-02,2026-03-02,17,日勤,22,98,52,172,172,0,0.907,156
2026-03-02,2026-03-02,18,日勤,17,75,43,135,134,1,0.941,127
2026-03-02,2026-03-02,19,日勤,10,51,37,98,97,1,0.918,90
2026-03-02,2026-03-02,20,夜勤,9,52,44,105,101,4,0.943,99
2026-03-02,2026-03-02,21,夜勤,6,40,34,80,79,1,0.9,72
2026-03-02,2026-03-02,22,夜勤,3,39,29,71,69,2,0.958,68
2026-03-02,2026-03-02,23,夜勤,3,24,22,49,49,0,0.959,47
2026-03-03,2026-03-02,0,夜勤,1,27,21,49,48,1,0.918,45
2026-03-03,2026-03-02,1,夜勤,1,12,15,28,28,0,0.929,26
2026-03-03,2026-03-02,2,夜勤,1,12,15,28,28,0,0.964,27
2026-03-03,2026-03-02,3,夜勤,1,12,14,27,28,-1,0.889,24
2026-03-03,2026-03-02,4,夜勤,2,12,15,29,28,1,0.966,28
2026-03-03,2026-03-02,5,夜勤,2,12,22,36,35,1,0.861,31
2026-03-03,2026-03-02,6,夜勤,1,27,31,59,55,4,0.966,57
2026-03-03,2026-03-02,7,夜勤,2,38,34,74,74,0,0.946,70
2026-03-03,2026-03-02,8,夜勤,2,45,39,86,94,-8,0.965,83
2026-03-03,2026-03-03,9,日勤,13,72,52,137,146,-9,0.978,134
2026-03-03,2026-03-03,10,日勤,31,129,71,231,224,7,0.905,209
2026-03-03,2026-03-03,11,日勤,30,125,73,228,237,-9,0.912,208
2026-03-03,2026-03-03,12,日勤,27,108,65,200,199,1,0.945,189
2026-03-03,2026-03-03,13,日勤,30,134,68,232,224,8,0.97,225
2026-03-03,2026-03-03,14,日勤,30,149,76,255,237,18,0.89,227
2026-03-03,2026-03-03,15,日勤,31,121,64,216,217,-1,0.935,202
2026-03-03,2026-03-03,16,日勤,29,117,60,206,197,9,0.971,200
2026-03-03,2026-03-03,17,日勤,22,96,45,163,172,-9,0.92,150
2026-03-03,2026-03-03,18,日勤,18,77,44,139,134,5,0.964,134
2026-03-03,2026-03-03,19,日勤,12,54,39,105,97,8,0.933,98
2026-03-03,2026-03-03,20,夜勤,9,45,39,93,101,-8,0.903,84
2026-03-03,2026-03-03,21,夜勤,5,37,36,78,79,-1,0.974,76
2026-03-03,2026-03-03,22,夜勤,3,38,29,70,69,1,0.943,66
2026-03-03,2026-03-03,23,夜勤,3,27,20,50,49,1,0.9,45
2026-03-04,2026-03-03,0,夜勤,1,25,22,48,48,0,0.958,46
2026-03-04,2026-03-03,1,夜勤,1,13,14,28,28,0,0.964,27
2026-03-04,2026-03-03,2,夜勤,1,13,15,29,28,1,0.966,28
2026-03-04,2026-03-03,3,夜勤,1,13,14,28,28,0,0.964,27
2026-03-04,2026-03-03,4,夜勤,2,12,15,29,28,1,0.966,28
2026-03-04,2026-03-03,5,夜勤,1,12,22,35,35,0,0.886,31
2026-03-04,2026-03-03,6,夜勤,2,26,27,55,55,0,0.927,51
2026-03-04,2026-03-03,7,夜勤,2,36,35,73,74,-1,0.973,71
2026-03-04,2026-03-03,8,夜勤,1,53,45,99,94,5,0.97,96
2026-03-04,2026-03-04,9,日勤,13,69,63,145,146,-1,0.917,133
2026-03-04,2026-03-04,10,日勤,31,115,77,223,224,-1,0.906,202
2026-03-04,2026-03-04,11,日勤,26,146,69,241,237,4,0.954,230
2026-03-04,2026-03-04,12,日勤,27,93,75,195,199,-4,0.964,188
2026-03-04,2026-03-04,13,日勤,26,114,69,209,224,-15,0.967,202
2026-03-04,2026-03-04,14,日勤,27,125,76,228,237,-9,0.934,213
2026-03-04,2026-03-04,15,日勤,28,134,64,226,217,9,0.942,213
2026-03-04,2026-03-04,16,日勤,30,113,62,205,197,8,0.917,188
2026-03-04,2026-03-04,17,日勤,24,90,45,159,172,-13,0.943,150
2026-03-04,2026-03-04,18,日勤,18,76,43,137,134,3,0.971,133
2026-03-04,2026-03-04,19,日勤,12,54,32,98,97,1,0.929,91
2026-03-04,2026-03-04,20,夜勤,8,45,43,96,101,-5,0.896,86
2026-03-04,2026-03-04,21,夜勤,6,34,35,75,79,-4,0.867,65
2026-03-04,2026-03-04,22,夜勤,3,40,27,70,69,1,0.957,67
2026-03-04,2026-03-04,23,夜勤,3,23,20,46,49,-3,0.913,42
2026-03-05,2026-03-04,0,夜勤,1,24,22,47,48,-1,0.936,44
2026-03-05,2026-03-04,1,夜勤,1,13,15,29,28,1,0.966,28
2026-03-05,2026-03-04,2,夜勤,2,12,14,28,28,0,0.964,27
2026-03-05,2026-03-04,3,夜勤,1,12,14,27,28,-1,0.963,26
2026-03-05,2026-03-04,4,夜勤,2,12,14,28,28,0,0.964,27
2026-03-05,2026-03-04,5,夜勤,1,11,19,31,35,-4,0.968,30
2026-03-05,2026-03-04,6,夜勤,2,25,30,57,55,2,0.912,52
2026-03-05,2026-03-04,7,夜勤,1,35,38,74,74,0,0.878,65
2026-03-05,2026-03-04,8,夜勤,1,49,47,97,94,3,0.897,87
2026-03-05,2026-03-05,9,日勤,14,70,57,141,146,-5,0.915,129
2026-03-05,2026-03-05,10,日勤,30,135,73,238,224,14,0.937,223
2026-03-05,2026-03-05,11,日勤,26,129,71,226,237,-11,0.92,208
2026-03-05,2026-03-05,12,日勤,26,104,69,199,199,0,0.935,186
2026-03-05,2026-03-05,13,日勤,31,123,75,229,224,5,0.965,221
2026-03-05,2026-03-05,14,日勤,30,133,73,236,237,-1,0.928,219
2026-03-05,2026-03-05,15,日勤,31,131,61,223,217,6,0.969,216
2026-03-05,2026-03-05,16,日勤,31,111,55,197,197,0,0.975,192
2026-03-05,2026-03-05,17,日勤,25,92,49,166,172,-6,0.964,160
2026-03-05,2026-03-05,18,日勤,18,75,41,134,134,0,0.933,125
2026-03-05,2026-03-05,19,日勤,12,54,38,104,97,7,0.971,101
2026-03-05,2026-03-05,20,夜勤,8,46,47,101,101,0,0.901,91
2026-03-05,2026-03-05,21,夜勤,6,36,37,79,79,0,0.937,74
2026-03-05,2026-03-05,22,夜勤,3,35,26,64,69,-5,0.969,62
2026-03-05,2026-03-05,23,夜勤,3,26,20,49,49,0,0.878,43
2026-03-06,2026-03-05,0,夜勤,1,25,21,47,48,-1,0.915,43
2026-03-06,2026-03-05,1,夜勤,2,12,14,28,28,0,0.893,25
2026-03-06,2026-03-05,2,夜勤,1,12,14,27,28,-1,0.963,26
2026-03-06,2026-03-05,3,夜勤,2,13,15,30,28,2,0.967,29
2026-03-06,2026-03-05,4,夜勤,1,11,14,26,28,-2,0.923,24
2026-03-06,2026-03-05,5,夜勤,2,13,23,38,35,3,0.921,35
2026-03-06,2026-03-05,6,夜勤,1,23,31,55,55,0,0.891,49
2026-03-06,2026-03-05,7,夜勤,2,41,35,78,74,4,0.949,74
2026-03-06,2026-03-05,8,夜勤,1,49,46,96,94,2,0.938,90
2026-03-06,2026-03-06,9,日勤,14,79,52,145,146,-1,0.972,141
2026-03-06,2026-03-06,10,日勤,27,129,75,231,224,7,0.918,212
2026-03-06,2026-03-06,11,日勤,30,137,66,233,237,-4,0.953,222
2026-03-06,2026-03-06,12,日勤,29,102,72,203,199,4,0.975,198
2026-03-06,2026-03-06,13,日勤,27,117,75,219,224,-5,0.936,205
2026-03-06,2026-03-06,14,日勤,30,134,75,239,237,2,0.962,230
2026-03-06,2026-03-06,15,日勤,31,113,65,209,217,-8,0.909,190
2026-03-06,2026-03-06,16,日勤,31,118,57,206,197,9,0.917,189
2026-03-06,2026-03-06,17,日勤,21,95,53,169,172,-3,0.976,165
2026-03-06,2026-03-06,18,日勤,16,73,39,128,134,-6,0.891,114
2026-03-06,2026-03-06,19,日勤,12,49,32,93,97,-4,0.914,85
2026-03-06,2026-03-06,20,夜勤,8,52,41,101,101,0,0.941,95
2026-03-06,2026-03-06,21,夜勤,6,40,35,81,79,2,0.926,75
2026-03-06,2026-03-06,22,夜勤,3,41,31,75,69,6,0.973,73
2026-03-06,2026-03-06,23,夜勤,3,22,21,46,49,-3,0.935,43
2026-03-07,2026-03-06,0,夜勤,2,27,21,50,48,2,0.96,48
2026-03-07,2026-03-06,1,夜勤,1,12,14,27,28,-1,0.926,25
2026-03-07,2026-03-06,2,夜勤,1,12,15,28,28,0,0.929,26
2026-03-07,2026-03-06,3,夜勤,1,13,14,28,28,0,0.964,27
2026-03-07,2026-03-06,4,夜勤,2,12,14,28,28,0,0.893,25
2026-03-07,2026-03-06,5,夜勤,1,12,23,36,35,1,0.917,33
2026-03-07,2026-03-06,6,夜勤,1,26,31,58,55,3,0.931,54
2026-03-07,2026-03-06,7,夜勤,2,37,33,72,74,-2,0.958,69
2026-03-07,2026-03-06,8,夜勤,1,46,41,88,94,-6,0.92,81
2026-03-07,2026-03-07,9,日勤,14,79,52,145,146,-1,0.931,135
2026-03-07,2026-03-07,10,日勤,26,122,71,219,224,-5,0.945,207
2026-03-07,2026-03-07,11,日勤,31,137,71,239,237,2,0.967,231
2026-03-07,2026-03-07,12,日勤,27,102,77,206,199,7,0.922,190
2026-03-07,2026-03-07,13,日勤,26,136,76,238,224,14,0.975,232
2026-03-07,2026-03-07,14,日勤,29,139,67,235,237,-2,0.923,217
2026-03-07,2026-03-07,15,日勤,28,115,58,201,217,-16,0.905,182
2026-03-07,2026-03-07,16,日勤,30,102,54,186,197,-11,0.941,175
2026-03-07,2026-03-07,17,日勤,24,101,53,178,172,6,0.904,161
2026-03-07,2026-03-07,18,日勤,17,76,42,135,134,1,0.933,126
2026-03-07,2026-03-07,19,日勤,10,51,35,96,97,-1,0.906,87
2026-03-07,2026-03-07,20,夜勤,9,52,39,100,101,-1,0.96,96
2026-03-07,2026-03-07,21,夜勤,6,35,39,80,79,1,0.963,77
2026-03-07,2026-03-07,22,夜勤,3,36,26,65,69,-4,0.862,56
2026-03-07,2026-03-07,23,夜勤,3,24,23,50,49,1,0.98,49
2026-03-08,2026-03-07,0,夜勤,1,25,21,47,48,-1,0.936,44
2026-03-08,2026-03-07,1,夜勤,1,13,16,30,28,2,0.967,29
2026-03-08,2026-03-07,2,夜勤,2,13,13,28,28,0,0.929,26
2026-03-08,2026-03-07,3,夜勤,1,11,14,26,28,-2,0.962,25
2026-03-08,2026-03-07,4,夜勤,1,13,14,28,28,0,0.893,25
2026-03-08,2026-03-07,5,夜勤,2,13,23,38,35,3,0.947,36
2026-03-08,2026-03-07,6,夜勤,2,24,31,57,55,2,0.965,55
2026-03-08,2026-03-07,7,夜勤,1,40,35,76,74,2,0.974,74
2026-03-08,2026-03-07,8,夜勤,1,49,47,97,94,3,0.928,90
2026-03-08,2026-03-08,9,日勤,15,69,58,142,146,-4,0.901,128
2026-03-08,2026-03-08,10,日勤,30,112,64,206,224,-18,0.917,189
2026-03-08,2026-03-08,11,日勤,31,131,78,240,237,3,0.971,233
2026-03-08,2026-03-08,12,日勤,29,105,74,208,199,9,0.918,191
2026-03-08,2026-03-08,13,日勤,27,124,70,221,224,-3,0.937,207
2026-03-08,2026-03-08,14,日勤,29,128,76,233,237,-4,0.936,218
2026-03-08,2026-03-08,15,日勤,31,131,66,228,217,11,0.947,216
2026-03-08,2026-03-08,16,日勤,31,108,57,196,197,-1,0.934,183
2026-03-08,2026-03-08,17,日勤,23,100,54,177,172,5,0.898,159
2026-03-08,2026-03-08,18,日勤,18,71,40,129,134,-5,0.93,120
2026-03-08,2026-03-08,19,日勤,11,49,37,97,97,0,0.928,90
2026-03-08,2026-03-08,20,夜勤,9,53,41,103,101,2,0.922,95
2026-03-08,2026-03-08,21,夜勤,6,36,33,75,79,-4,0.92,69
2026-03-08,2026-03-08,22,夜勤,3,40,28,71,69,2,0.944,67
2026-03-08,2026-03-08,23,夜勤,3,26,22,51,49,2,0.941,48
2026-03-09,2026-03-08,0,夜勤,1,25,23,49,48,1,0.918,45
2026-03-09,2026-03-08,1,夜勤,1,12,16,29,28,1,0.966,28
2026-03-09,2026-03-08,2,夜勤,1,13,15,29,28,1,0.931,27
2026-03-09,2026-03-08,3,夜勤,1,13,15,29,28,1,0.966,28
2026-03-09,2026-03-08,4,夜勤,1,12,16,29,28,1,0.966,28
2026-03-09,2026-03-08,5,夜勤,2,13,20,35,35,0,0.943,33
2026-03-09,2026-03-08,6,夜勤,1,27,29,57,55,2,0.982,56
2026-03-09,2026-03-08,7,夜勤,2,39,32,73,74,-1,0.918,67
2026-03-09,2026-03-08,8,夜勤,1,53,43,97,94,3,0.918,89
2026-03-09,2026-03-09,9,日勤,15,77,60,152,146,6,0.974,148
2026-03-09,2026-03-09,10,日勤,30,119,73,222,224,-2,0.923,205
2026-03-09,2026-03-09,11,日勤,27,133,77,237,237,0,0.954,226
2026-03-09,2026-03-09,12,日勤,28,109,73,210,199,11,0.976,205
2026-03-09,2026-03-09,13,日勤,28,113,65,206,224,-18,0.903,186
2026-03-09,2026-03-09,14,日勤,29,125,78,232,237,-5,0.97,225
2026-03-09,2026-03-09,15,日勤,28,126,58,212,217,-5,0.91,193
2026-03-09,2026-03-09,16,日勤,31,121,52,204,197,7,0.975,199
2026-03-09,2026-03-09,17,日勤,23,103,52,178,172,6,0.916,163
2026-03-09,2026-03-09,18,日勤,18,78,45,141,134,7,0.915,129
2026-03-09,2026-03-09,19,日勤,12,52,37,101,97,4,0.95,96
2026-03-09,2026-03-09,20,夜勤,9,52,42,103,101,2,0.631,65
2026-03-09,2026-03-09,21,夜勤,6,38,35,79,79,0,0.684,54
2026-03-09,2026-03-09,22,夜勤,3,36,31,70,69,1,0.643,45
2026-03-09,2026-03-09,23,夜勤,3,26,20,49,49,0,0.694,34
2026-03-10,2026-03-09,0,夜勤,1,23,23,47,48,-1,0.638,30
2026-03-10,2026-03-09,1,夜勤,1,11,13,25,28,-3,0.64,16
2026-03-10,2026-03-09,2,夜勤,2,13,16,31,28,3,0.677,21
2026-03-10,2026-03-09,3,夜勤,1,12,14,27,28,-1,0.667,18
2026-03-10,2026-03-09,4,夜勤,1,14,14,29,28,1,0.621,18
2026-03-10,2026-03-09,5,夜勤,1,13,23,37,35,2,0.676,25
2026-03-10,2026-03-09,6,夜勤,1,22,31,54,55,-1,0.611,33
2026-03-10,2026-03-09,7,夜勤,1,35,37,73,74,-1,0.699,51
2026-03-10,2026-03-09,8,夜勤,1,45,42,88,94,-6,0.625,55
2026-03-10,2026-03-10,9,日勤,13,75,63,151,146,5,0.934,141
2026-03-10,2026-03-10,10,日勤,30,117,73,220,224,-4,0.955,210
2026-03-10,2026-03-10,11,日勤,30,127,65,222,237,-15,0.937,208
2026-03-10,2026-03-10,12,日勤,31,108,76,215,199,16,0.94,202
2026-03-10,2026-03-10,13,日勤,29,127,77,233,224,9,0.931,217
2026-03-10,2026-03-10,14,日勤,30,142,73,245,237,8,0.91,223
2026-03-10,2026-03-10,15,日勤,30,119,63,212,217,-5,0.962,204
2026-03-10,2026-03-10,16,日勤,27,113,61,201,197,4,0.925,186
2026-03-10,2026-03-10,17,日勤,23,90,47,160,172,-12,0.925,148
2026-03-10,2026-03-10,18,日勤,16,76,42,134,134,0,0.918,123
2026-03-10,2026-03-10,19,日勤,13,53,39,105,97,8,0.971,102
2026-03-10,2026-03-10,20,夜勤,9,54,41,104,101,3,0.933,97
2026-03-10,2026-03-10,21,夜勤,5,41,36,82,79,3,0.939,77
2026-03-10,2026-03-10,22,夜勤,3,35,27,65,69,-4,0.969,63
2026-03-10,2026-03-10,23,夜勤,3,23,20,46,49,-3,0.978,45
2026-03-11,2026-03-10,0,夜勤,2,24,22,48,48,0,0.917,44
2026-03-11,2026-03-10,1,夜勤,2,12,14,28,28,0,0.929,26
2026-03-11,2026-03-10,2,夜勤,1,14,14,29,28,1,0.966,28
2026-03-11,2026-03-10,3,夜勤,1,12,13,26,28,-2,0.923,24
2026-03-11,2026-03-10,4,夜勤,2,14,15,31,28,3,0.935,29
2026-03-11,2026-03-10,5,夜勤,1,12,20,33,35,-2,0.97,32
2026-03-11,2026-03-10,6,夜勤,1,26,28,55,55,0,0.982,54
2026-03-11,2026-03-10,7,夜勤,1,40,38,79,74,5,0.911,72
2026-03-11,2026-03-10,8,夜勤,2,50,39,91,94,-3,0.934,85
2026-03-11,2026-03-11,9,日勤,13,75,54,142,146,-4,0.915,130
2026-03-11,2026-03-11,10,日勤,27,115,73,215,224,-9,0.93,200
2026-03-11,2026-03-11,11,日勤,28,150,72,250,237,13,0.856,214
2026-03-11,2026-03-11,12,日勤,26,92,73,191,199,-8,0.969,185
2026-03-11,2026-03-11,13,日勤,30,119,66,215,224,-9,0.944,203
2026-03-11,2026-03-11,14,日勤,26,125,74,225,237,-12,0.867,195
2026-03-11,2026-03-11,15,日勤,26,116,66,208,217,-9,0.976,203
2026-03-11,2026-03-11,16,日勤,31,101,59,191,197,-6,0.963,184
2026-03-11,2026-03-11,17,日勤,23,103,53,179,172,7,0.916,164
2026-03-11,2026-03-11,18,日勤,16,68,39,123,134,-11,0.911,112
2026-03-11,2026-03-11,19,日勤,12,51,37,100,97,3,0.94,94
2026-03-11,2026-03-11,20,夜勤,9,48,41,98,101,-3,0.857,84
2026-03-11,2026-03-11,21,夜勤,6,40,37,83,79,4,0.904,75
2026-03-11,2026-03-11,22,夜勤,3,36,31,70,69,1,0.929,65
2026-03-11,2026-03-11,23,夜勤,3,26,21,50,49,1,0.98,49
2026-03-12,2026-03-11,0,夜勤,1,26,22,49,48,1,0.959,47
2026-03-12,2026-03-11,1,夜勤,1,12,14,27,28,-1,0.963,26
2026-03-12,2026-03-11,2,夜勤,2,12,15,29,28,1,0.931,27
2026-03-12,2026-03-11,3,夜勤,2,12,13,27,28,-1,0.926,25
2026-03-12,2026-03-11,4,夜勤,1,14,13,28,28,0,0.964,27
2026-03-12,2026-03-11,5,夜勤,1,12,22,35,35,0,0.971,34
2026-03-12,2026-03-11,6,夜勤,1,23,29,53,55,-2,0.943,50
2026-03-12,2026-03-11,7,夜勤,1,36,36,73,74,-1,0.973,71
2026-03-12,2026-03-11,8,夜勤,1,53,40,94,94,0,0.947,89
2026-03-12,2026-03-12,9,日勤,15,68,55,138,146,-8,0.957,132
2026-03-12,2026-03-12,10,日勤,28,117,70,215,224,-9,0.958,206
2026-03-12,2026-03-12,11,日勤,27,130,76,233,237,-4,0.901,210
2026-03-12,2026-03-12,12,日勤,26,105,74,205,199,6,0.932,191
2026-03-12,2026-03-12,13,日勤,32,119,68,219,224,-5,0.95,208
2026-03-12,2026-03-12,14,日勤,27,149,75,251,237,14,0.94,236
2026-03-12,2026-03-12,15,日勤,30,130,70,230,217,13,0.948,218
2026-03-12,2026-03-12,16,日勤,30,116,53,199,197,2,0.96,191
2026-03-12,2026-03-12,17,日勤,22,95,47,164,172,-8,0.884,145
2026-03-12,2026-03-12,18,日勤,18,78,42,138,134,4,0.949,131
2026-03-12,2026-03-12,19,日勤,12,46,35,93,97,-4,0.935,87
2026-03-12,2026-03-12,20,夜勤,9,54,44,107,101,6,0.907,97
2026-03-12,2026-03-12,21,夜勤,6,34,36,76,79,-3,0.908,69
2026-03-12,2026-03-12,22,夜勤,3,34,28,65,69,-4,0.969,63
2026-03-12,2026-03-12,23,夜勤,3,27,23,53,49,4,0.962,51
2026-03-13,2026-03-12,0,夜勤,2,23,20,45,48,-3,0.956,43
2026-03-13,2026-03-12,1,夜勤,1,11,14,26,28,-2,0.962,25
2026-03-13,2026-03-12,2,夜勤,1,13,14,28,28,0,0.857,24
2026-03-13,2026-03-12,3,夜勤,1,13,13,27,28,-1,0.926,25
2026-03-13,2026-03-12,4,夜勤,1,13,16,30,28,2,0.9,27
2026-03-13,2026-03-12,5,夜勤,2,14,23,39,35,4,0.897,35
2026-03-13,2026-03-12,6,夜勤,2,25,28,55,55,0,0.909,50
2026-03-13,2026-03-12,7,夜勤,1,38,35,74,74,0,0.905,67
2026-03-13,2026-03-12,8,夜勤,1,46,46,93,94,-1,0.935,87
2026-03-13,2026-03-13,9,日勤,15,68,61,144,146,-2,0.896,129
2026-03-13,2026-03-13,10,日勤,27,113,78,218,224,-6,0.945,206
2026-03-13,2026-03-13,11,日勤,31,148,67,246,237,9,0.907,223
2026-03-13,2026-03-13,12,日勤,30,102,73,205,199,6,0.917,188
2026-03-13,2026-03-13,13,日勤,28,136,77,241,224,17,0.925,223
2026-03-13,2026-03-13,14,日勤,31,130,72,233,237,-4,0.94,219
2026-03-13,2026-03-13,15,日勤,28,117,71,216,217,-1,0.912,197
2026-03-13,2026-03-13,16,日勤,28,110,55,193,197,-4,0.907,175
2026-03-13,2026-03-13,17,日勤,24,93,49,166,172,-6,0.964,160
2026-03-13,2026-03-13,18,日勤,18,79,42,139,134,5,0.928,129
2026-03-13,2026-03-13,19,日勤,12,53,35,100,97,3,0.94,94
2026-03-13,2026-03-13,20,夜勤,8,49,43,100,101,-1,0.94,94
2026-03-13,2026-03-13,21,夜勤,6,35,36,77,79,-2,0.974,75
2026-03-13,2026-03-13,22,夜勤,3,37,30,70,69,1,0.886,62
2026-03-13,2026-03-13,23,夜勤,3,22,21,46,49,-3,0.935,43
2026-03-14,2026-03-13,0,夜勤,2,24,23,49,48,1,0.918,45
2026-03-14,2026-03-13,1,夜勤,1,14,14,29,28,1,0.897,26
2026-03-14,2026-03-13,2,夜勤,1,14,13,28,28,0,0.964,27
2026-03-14,2026-03-13,3,夜勤,1,13,13,27,28,-1,0.963,26
2026-03-14,2026-03-13,4,夜勤,1,13,13,27,28,-1,0.926,25
2026-03-14,2026-03-13,5,夜勤,1,12,20,33,35,-2,0.939,31
2026-03-14,2026-03-13,6,夜勤,2,27,26,55,55,0,0.909,50
2026-03-14,2026-03-13,7,夜勤,2,37,35,74,74,0,0.973,72
2026-03-14,2026-03-13,8,夜勤,1,46,42,89,94,-5,0.966,86
2026-03-14,2026-03-14,9,日勤,13,80,61,154,146,8,0.981,151
2026-03-14,2026-03-14,10,日勤,27,120,71,218,224,-6,0.972,212
2026-03-14,2026-03-14,11,日勤,26,143,68,237,237,0,0.958,227
2026-03-14,2026-03-14,12,日勤,27,97,77,201,199,2,0.975,196
2026-03-14,2026-03-14,13,日勤,31,135,67,233,224,9,0.948,221
2026-03-14,2026-03-14,14,日勤,29,131,69,229,237,-8,0.956,219
2026-03-14,2026-03-14,15,日勤,31,122,67,220,217,3,0.964,212
2026-03-14,2026-03-14,16,日勤,27,116,54,197,197,0,0.954,188
2026-03-14,2026-03-14,17,日勤,24,103,52,179,172,7,0.916,164
2026-03-14,2026-03-14,18,日勤,18,76,45,139,134,5,0.964,134
2026-03-14,2026-03-14,19,日勤,11,45,34,90,97,-7,0.944,85
2026-03-14,2026-03-14,20,夜勤,9,50,42,101,101,0,0.97,98
2026-03-14,2026-03-14,21,夜勤,6,35,37,78,79,-1,0.923,72
2026-03-14,2026-03-14,22,夜勤,3,38,27,68,69,-1,0.941,64
2026-03-14,2026-03-14,23,夜勤,3,26,23,52,49,3,0.981,51
2026-03-15,2026-03-14,0,夜勤,1,24,21,46,48,-2,0.957,44
2026-03-15,2026-03-14,1,夜勤,1,12,14,27,28,-1,0.926,25
2026-03-15,2026-03-14,2,夜勤,2,12,14,28,28,0,0.964,27
2026-03-15,2026-03-14,3,夜勤,1,13,13,27,28,-1,0.926,25
2026-03-15,2026-03-14,4,夜勤,1,12,13,26,28,-2,0.923,24
2026-03-15,2026-03-14,5,夜勤,1,12,23,36,35,1,0.944,34
2026-03-15,2026-03-14,6,夜勤,1,24,30,55,55,0,0.945,52
2026-03-15,2026-03-14,7,夜勤,1,37,33,71,74,-3,0.915,65
2026-03-15,2026-03-14,8,夜勤,1,50,47,98,94,4,0.949,93
2026-03-15,2026-03-15,9,日勤,15,70,54,139,146,-7,0.95,132
2026-03-15,2026-03-15,10,日勤,26,136,69,231,224,7,0.909,210
2026-03-15,2026-03-15,11,日勤,29,138,78,245,237,8,0.98,240
2026-03-15,2026-03-15,12,日勤,29,99,74,202,199,3,0.946,191
2026-03-15,2026-03-15,13,日勤,30,135,76,241,224,17,0.925,223
2026-03-15,2026-03-15,14,日勤,28,133,70,231,237,-6,0.944,218
2026-03-15,2026-03-15,15,日勤,29,128,69,226,217,9,0.916,207
2026-03-15,2026-03-15,16,日勤,26,115,58,199,197,2,0.955,190
2026-03-15,2026-03-15,17,日勤,24,106,54,184,172,12,0.94,173
2026-03-15,2026-03-15,18,日勤,18,72,44,134,134,0,0.918,123
2026-03-15,2026-03-15,19,日勤,13,46,38,97,97,0,0.959,93
2026-03-15,2026-03-15,20,夜勤,8,46,41,95,101,-6,0.958,91
2026-03-15,2026-03-15,21,夜勤,5,34,36,75,79,-4,0.933,70
2026-03-15,2026-03-15,22,夜勤,3,36,27,66,69,-3,0.909,60
2026-03-15,2026-03-15,23,夜勤,3,27,22,52,49,3,0.923,48
2026-03-16,2026-03-15,0,夜勤,2,26,23,51,48,3,0.863,44
2026-03-16,2026-03-15,1,夜勤,1,12,14,27,28,-1,0.926,25
2026-03-16,2026-03-15,2,夜勤,1,13,15,29,28,1,0.966,28
2026-03-16,2026-03-15,3,夜勤,1,11,14,26,28,-2,0.962,25
2026-03-16,2026-03-15,4,夜勤,2,13,14,29,28,1,0.966,28
2026-03-16,2026-03-15,5,夜勤,1,11,23,35,35,0,0.971,34
2026-03-16,2026-03-15,6,夜勤,1,23,30,54,55,-1,0.944,51
2026-03-16,2026-03-15,7,夜勤,1,38,34,73,74,-1,0.973,71
2026-03-16,2026-03-15,8,夜勤,1,50,43,94,94,0,0.904,85
2026-03-16,2026-03-16,9,日勤,14,67,61,142,146,-4,0.958,136
2026-03-16,2026-03-16,10,日勤,27,135,75,237,224,13,0.92,218
2026-03-16,2026-03-16,11,日勤,30,141,67,238,237,1,0.962,229
2026-03-16,2026-03-16,12,日勤,31,100,68,199,199,0,0.915,182
2026-03-16,2026-03-16,13,日勤,29,126,76,231,224,7,0.926,214
2026-03-16,2026-03-16,14,日勤,31,146,69,246,237,9,0.902,222
2026-03-16,2026-03-16,15,日勤,32,121,62,215,217,-2,0.926,199
2026-03-16,2026-03-16,16,日勤,32,108,55,195,197,-2,0.913,178
2026-03-16,2026-03-16,17,日勤,23,95,54,172,172,0,0.977,168
2026-03-16,2026-03-16,18,日勤,19,77,39,135,134,1,0.926,125
2026-03-16,2026-03-16,19,日勤,12,53,37,102,97,5,0.941,96
2026-03-16,2026-03-16,20,夜勤,8,54,40,102,101,1,0.98,100
2026-03-16,2026-03-16,21,夜勤,6,35,37,78,79,-1,0.923,72
2026-03-16,2026-03-16,22,夜勤,3,40,27,70,69,1,0.943,66
2026-03-16,2026-03-16,23,夜勤,3,23,22,48,49,-1,0.979,47
2026-03-17,2026-03-16,0,夜勤,1,27,23,51,48,3,0.922,47
2026-03-17,2026-03-16,1,夜勤,2,13,14,29,28,1,0.966,28
2026-03-17,2026-03-16,2,夜勤,2,13,13,28,28,0,0.929,26
2026-03-17,2026-03-16,3,夜勤,2,12,15,29,28,1,0.931,27
2026-03-17,2026-03-16,4,夜勤,1,12,14,27,28,-1,0.963,26
2026-03-17,2026-03-16,5,夜勤,2,12,19,33,35,-2,0.939,31
2026-03-17,2026-03-16,6,夜勤,1,25,27,53,55,-2,0.943,50
2026-03-17,2026-03-16,7,夜勤,2,34,39,75,74,1,0.92,69
2026-03-17,2026-03-16,8,夜勤,1,52,40,93,94,-1,0.935,87
2026-03-17,2026-03-17,9,日勤,13,71,60,144,146,-2,0.944,136
2026-03-17,2026-03-17,10,日勤,28,135,67,230,224,6,0.9,207
2026-03-17,2026-03-17,11,日勤,28,145,64,237,237,0,0.975,231
2026-03-17,2026-03-17,12,日勤,29,98,69,196,199,-3,0.908,178
2026-03-17,2026-03-17,13,日勤,26,136,78,240,224,16,0.925,222
2026-03-17,2026-03-17,14,日勤,28,133,78,239,237,2,0.975,233
2026-03-17,2026-03-17,15,日勤,30,116,67,213,217,-4,0.906,193
2026-03-17,2026-03-17,16,日勤,28,107,55,190,197,-7,0.947,180
2026-03-17,2026-03-17,17,日勤,24,104,52,180,172,8,0.95,171
2026-03-17,2026-03-17,18,日勤,19,80,42,141,134,7,0.965,136
2026-03-17,2026-03-17,19,日勤,11,48,38,97,97,0,0.918,89
2026-03-17,2026-03-17,20,夜勤,9,49,41,99,101,-2,0.96,95
2026-03-17,2026-03-17,21,夜勤,6,40,35,81,79,2,0.901,73
2026-03-17,2026-03-17,22,夜勤,3,39,28,70,69,1,0.971,68
2026-03-17,2026-03-17,23,夜勤,3,25,20,48,49,-1,0.917,44
2026-03-18,2026-03-17,0,夜勤,1,24,22,47,48,-1,0.936,44
2026-03-18,2026-03-17,1,夜勤,1,14,15,30,28,2,0.933,28
2026-03-18,2026-03-17,2,夜勤,1,12,15,28,28,0,0.893,25
2026-03-18,2026-03-17,3,夜勤,2,13,15,30,28,2,0.933,28
2026-03-18,2026-03-17,4,夜勤,1,12,13,26,28,-2,0.923,24
2026-03-18,2026-03-17,5,夜勤,1,11,22,34,35,-1,0.941,32
2026-03-18,2026-03-17,6,夜勤,1,24,26,51,55,-4,0.961,49
2026-03-18,2026-03-17,7,夜勤,1,38,32,71,74,-3,0.915,65
2026-03-18,2026-03-17,8,夜勤,1,47,44,92,94,-2,0.859,79
2026-03-18,2026-03-18,9,日勤,15,71,57,143,146,-3,0.902,129
2026-03-18,2026-03-18,10,日勤,30,126,67,223,224,-1,0.978,218
2026-03-18,2026-03-18,11,日勤,29,145,69,243,237,6,0.955,232
2026-03-18,2026-03-18,12,日勤,29,107,74,210,199,11,0.914,192
2026-03-18,2026-03-18,13,日勤,26,124,72,222,224,-2,0.923,205
2026-03-18,2026-03-18,14,日勤,26,129,71,226,237,-11,0.947,214
2026-03-18,2026-03-18,15,日勤,28,116,68,212,217,-5,0.91,193
2026-03-18,2026-03-18,16,日勤,27,101,57,185,197,-12,0.946,175
2026-03-18,2026-03-18,17,日勤,22,106,46,174,172,2,0.966,168
2026-03-18,2026-03-18,18,日勤,17,74,46,137,134,3,0.854,117
2026-03-18,2026-03-18,19,日勤,12,47,36,95,97,-2,0.958,91
2026-03-18,2026-03-18,20,夜勤,8,52,39,99,101,-2,0.97,96
2026-03-18,2026-03-18,21,夜勤,6,37,34,77,79,-2,0.883,68
2026-03-18,2026-03-18,22,夜勤,3,36,28,67,69,-2,0.97,65
2026-03-18,2026-03-18,23,夜勤,3,26,19,48,49,-1,0.938,45
2026-03-19,2026-03-18,0,夜勤,2,23,23,48,48,0,0.958,46
2026-03-19,2026-03-18,1,夜勤,1,12,14,27,28,-1,0.926,25
2026-03-19,2026-03-18,2,夜勤,1,13,14,28,28,0,0.964,27
2026-03-19,2026-03-18,3,夜勤,1,13,13,27,28,-1,0.926,25
2026-03-19,2026-03-18,4,夜勤,2,11,14,27,28,-1,0.852,23
2026-03-19,2026-03-18,5,夜勤,1,11,22,34,35,-1,0.971,33
2026-03-19,2026-03-18,6,夜勤,2,27,28,57,55,2,0.965,55
2026-03-19,2026-03-18,7,夜勤,1,36,32,69,74,-5,0.942,65
2026-03-19,2026-03-18,8,夜勤,1,53,43,97,94,3,0.959,93
2026-03-19,2026-03-19,9,日勤,15,80,62,157,146,11,0.955,150
2026-03-19,2026-03-19,10,日勤,31,127,76,234,224,10,0.872,204
2026-03-19,2026-03-19,11,日勤,30,128,73,231,237,-6,0.974,225
2026-03-19,2026-03-19,12,日勤,30,99,69,198,199,-1,0.965,191
2026-03-19,2026-03-19,13,日勤,29,122,75,226,224,2,0.903,204
2026-03-19,2026-03-19,14,日勤,29,150,73,252,237,15,0.889,224
2026-03-19,2026-03-19,15,日勤,30,124,64,218,217,1,0.904,197
2026-03-19,2026-03-19,16,日勤,31,102,53,186,197,-11,0.968,180
2026-03-19,2026-03-19,17,日勤,25,109,51,185,172,13,0.914,169
2026-03-19,2026-03-19,18,日勤,16,79,44,139,134,5,0.978,136
2026-03-19,2026-03-19,19,日勤,11,52,34,97,97,0,0.907,88
2026-03-19,2026-03-19,20,夜勤,9,51,41,101,101,0,0.911,92
2026-03-19,2026-03-19,21,夜勤,6,37,37,80,79,1,0.925,74
2026-03-19,2026-03-19,22,夜勤,3,40,28,71,69,2,0.93,66
2026-03-19,2026-03-19,23,夜勤,3,27,20,50,49,1,0.9,45
2026-03-20,2026-03-19,0,夜勤,1,27,23,51,48,3,0.941,48
2026-03-20,2026-03-19,1,夜勤,1,14,13,28,28,0,0.929,26
2026-03-20,2026-03-19,2,夜勤,1,11,14,26,28,-2,0.962,25
2026-03-20,2026-03-19,3,夜勤,1,13,14,28,28,0,0.929,26
2026-03-20,2026-03-19,4,夜勤,1,13,15,29,28,1,0.966,28
2026-03-20,2026-03-19,5,夜勤,1,12,19,32,35,-3,0.969,31
2026-03-20,2026-03-19,6,夜勤,1,25,28,54,55,-1,0.981,53
2026-03-20,2026-03-19,7,夜勤,2,35,39,76,74,2,0.934,71
2026-03-20,2026-03-19,8,夜勤,2,54,44,100,94,6,0.94,94
2026-03-20,2026-03-20,9,日勤,15,70,61,146,146,0,0.945,138
2026-03-20,2026-03-20,10,日勤,28,112,67,207,224,-17,0.976,202
2026-03-20,2026-03-20,11,日勤,29,140,66,235,237,-2,0.928,218
2026-03-20,2026-03-20,12,日勤,29,109,72,210,199,11,0.967,203
2026-03-20,2026-03-20,13,日勤,30,130,68,228,224,4,0.978,223
2026-03-20,2026-03-20,14,日勤,29,146,68,243,237,6,0.959,233
2026-03-20,2026-03-20,15,日勤,31,128,67,226,217,9,0.863,195
2026-03-20,2026-03-20,16,日勤,30,113,56,199,197,2,0.915,182
2026-03-20,2026-03-20,17,日勤,25,97,53,175,172,3,0.949,166
2026-03-20,2026-03-20,18,日勤,17,68,47,132,134,-2,0.909,120
2026-03-20,2026-03-20,19,日勤,11,49,33,93,97,-4,0.957,89
2026-03-20,2026-03-20,20,夜勤,9,45,45,99,101,-2,0.929,92
2026-03-20,2026-03-20,21,夜勤,6,40,35,81,79,2,0.963,78
2026-03-20,2026-03-20,22,夜勤,3,39,28,70,69,1,0.943,66
2026-03-20,2026-03-20,23,夜勤,3,22,20,45,49,-4,0.911,41
2026-03-21,2026-03-20,0,夜勤,2,24,20,46,48,-2,0.935,43
2026-03-21,2026-03-20,1,夜勤,1,12,14,27,28,-1,0.926,25
2026-03-21,2026-03-20,2,夜勤,1,11,13,25,28,-3,0.96,24
2026-03-21,2026-03-20,3,夜勤,1,11,15,27,28,-1,0.963,26
2026-03-21,2026-03-20,4,夜勤,1,13,13,27,28,-1,0.963,26
2026-03-21,2026-03-20,5,夜勤,2,13,19,34,35,-1,0.912,31
2026-03-21,2026-03-20,6,夜勤,2,24,28,54,55,-1,0.944,51
2026-03-21,2026-03-20,7,夜勤,1,40,34,75,74,1,0.973,73
2026-03-21,2026-03-20,8,夜勤,1,49,45,95,94,1,0.905,86
2026-03-21,2026-03-21,9,日勤,15,68,57,140,146,-6,0.957,134
2026-03-21,2026-03-21,10,日勤,26,122,77,225,224,1,0.902,203
2026-03-21,2026-03-21,11,日勤,26,149,68,243,237,6,0.951,231
2026-03-21,2026-03-21,12,日勤,26,109,76,211,199,12,0.896,189
2026-03-21,2026-03-21,13,日勤,26,121,76,223,224,-1,0.978,218
2026-03-21,2026-03-21,14,日勤,28,133,66,227,237,-10,0.947,215
2026-03-21,2026-03-21,15,日勤,27,115,66,208,217,-9,0.952,198
2026-03-21,2026-03-21,16,日勤,30,119,52,201,197,4,0.905,182
2026-03-21,2026-03-21,17,日勤,24,108,55,187,172,15,0.93,174
2026-03-21,2026-03-21,18,日勤,16,68,40,124,134,-10,0.96,119
2026-03-21,2026-03-21,19,日勤,12,48,39,99,97,2,0.97,96
2026-03-21,2026-03-21,20,夜勤,9,49,41,99,101,-2,0.939,93
2026-03-21,2026-03-21,21,夜勤,6,35,34,75,79,-4,0.907,68
2026-03-21,2026-03-21,22,夜勤,3,34,26,63,69,-6,0.905,57
2026-03-21,2026-03-21,23,夜勤,3,24,23,50,49,1,0.94,47
2026-03-22,2026-03-21,0,夜勤,1,26,22,49,48,1,0.857,42
2026-03-22,2026-03-21,1,夜勤,1,12,15,28,28,0,0.964,27
2026-03-22,2026-03-21,2,夜勤,1,12,15,28,28,0,0.964,27
2026-03-22,2026-03-21,3,夜勤,2,12,13,27,28,-1,0.926,25
2026-03-22,2026-03-21,4,夜勤,2,12,16,30,28,2,0.967,29
2026-03-22,2026-03-21,5,夜勤,1,11,21,33,35,-2,0.939,31
2026-03-22,2026-03-21,6,夜勤,1,25,30,56,55,1,0.964,54
2026-03-22,2026-03-21,7,夜勤,1,37,34,72,74,-2,0.931,67
2026-03-22,2026-03-21,8,夜勤,1,52,40,93,94,-1,0.914,85
2026-03-22,2026-03-22,9,日勤,15,69,57,141,146,-5,0.979,138
2026-03-22,2026-03-22,10,日勤,30,124,67,221,224,-3,0.914,202
2026-03-22,2026-03-22,11,日勤,27,131,77,235,237,-2,0.872,205
2026-03-22,2026-03-22,12,日勤,28,97,76,201,199,2,0.93,187
2026-03-22,2026-03-22,13,日勤,27,128,72,227,224,3,0.947,215
2026-03-22,2026-03-22,14,日勤,27,138,76,241,237,4,0.971,234
2026-03-22,2026-03-22,15,日勤,29,122,65,216,217,-1,0.917,198
2026-03-22,2026-03-22,16,日勤,29,114,60,203,197,6,0.975,198
2026-03-22,2026-03-22,17,日勤,22,105,51,178,172,6,0.927,165
2026-03-22,2026-03-22,18,日勤,17,78,42,137,134,3,0.978,134
2026-03-22,2026-03-22,19,日勤,12,49,36,97,97,0,0.969,94
2026-03-22,2026-03-22,20,夜勤,9,50,39,98,101,-3,0.969,95
2026-03-22,2026-03-22,21,夜勤,6,39,34,79,79,0,0.975,77
2026-03-22,2026-03-22,22,夜勤,3,37,28,68,69,-1,0.926,63
2026-03-22,2026-03-22,23,夜勤,3,25,19,47,49,-2,0.915,43
2026-03-23,2026-03-22,0,夜勤,2,26,20,48,48,0,0.958,46
2026-03-23,2026-03-22,1,夜勤,1,11,14,26,28,-2,0.962,25
2026-03-23,2026-03-22,2,夜勤,1,13,14,28,28,0,0.964,27
2026-03-23,2026-03-22,3,夜勤,2,12,14,28,28,0,0.929,26
2026-03-23,2026-03-22,4,夜勤,1,13,13,27,28,-1,0.963,26
2026-03-23,2026-03-22,5,夜勤,1,12,24,37,35,2,0.973,36
2026-03-23,2026-03-22,6,夜勤,1,24,30,55,55,0,0.964,53
2026-03-23,2026-03-22,7,夜勤,1,37,37,75,74,1,0.947,71
2026-03-23,2026-03-22,8,夜勤,1,47,45,93,94,-1,0.935,87
2026-03-23,2026-03-23,9,日勤,14,78,61,153,146,7,0.902,138
2026-03-23,2026-03-23,10,日勤,27,118,70,215,224,-9,0.926,199
2026-03-23,2026-03-23,11,日勤,30,142,76,248,237,11,0.96,238
2026-03-23,2026-03-23,12,日勤,31,99,77,207,199,8,0.952,197
2026-03-23,2026-03-23,13,日勤,29,122,75,226,224,2,0.938,212
2026-03-23,2026-03-23,14,日勤,31,124,77,232,237,-5,0.914,212
2026-03-23,2026-03-23,15,日勤,28,123,58,209,217,-8,0.909,190
2026-03-23,2026-03-23,16,日勤,31,102,54,187,197,-10,0.925,173
2026-03-23,2026-03-23,17,日勤,22,108,46,176,172,4,0.932,164
2026-03-23,2026-03-23,18,日勤,16,72,39,127,134,-7,0.906,115
2026-03-23,2026-03-23,19,日勤,10,45,39,94,97,-3,0.904,85
2026-03-23,2026-03-23,20,夜勤,9,46,41,96,101,-5,0.938,90
2026-03-23,2026-03-23,21,夜勤,6,41,34,81,79,2,0.938,76
2026-03-23,2026-03-23,22,夜勤,3,41,28,72,69,3,0.903,65
2026-03-23,2026-03-23,23,夜勤,3,24,22,49,49,0,0.959,47
2026-03-24,2026-03-23,0,夜勤,1,25,20,46,48,-2,0.957,44
2026-03-24,2026-03-23,1,夜勤,1,12,15,28,28,0,0.964,27
2026-03-24,2026-03-23,2,夜勤,2,13,14,29,28,1,0.897,26
2026-03-24,2026-03-23,3,夜勤,1,12,15,28,28,0,0.929,26
2026-03-24,2026-03-23,4,夜勤,1,13,15,29,28,1,0.931,27
2026-03-24,2026-03-23,5,夜勤,1,12,20,33,35,-2,0.939,31
2026-03-24,2026-03-23,6,夜勤,2,27,30,59,55,4,0.915,54
2026-03-24,2026-03-23,7,夜勤,1,34,38,73,74,-1,0.973,71
2026-03-24,2026-03-23,8,夜勤,1,52,45,98,94,4,0.918,90
2026-03-24,2026-03-24,9,日勤,14,81,56,151,146,5,0.921,139
2026-03-24,2026-03-24,10,日勤,28,122,78,228,224,4,0.855,195
2026-03-24,2026-03-24,11,日勤,30,149,65,244,237,7,0.943,230
2026-03-24,2026-03-24,12,日勤,30,103,72,205,199,6,0.937,192
2026-03-24,2026-03-24,13,日勤,29,136,66,231,224,7,0.944,218
2026-03-24,2026-03-24,14,日勤,28,143,77,248,237,11,0.907,225
2026-03-24,2026-03-24,15,日勤,30,126,62,218,217,1,0.936,204
2026-03-24,2026-03-24,16,日勤,29,123,60,212,197,15,0.934,198
2026-03-24,2026-03-24,17,日勤,25,101,51,177,172,5,0.949,168
2026-03-24,2026-03-24,18,日勤,16,71,46,133,134,-1,0.94,125
2026-03-24,2026-03-24,19,日勤,10,46,37,93,97,-4,0.935,87
2026-03-24,2026-03-24,20,夜勤,8,49,44,101,101,0,0.921,93
2026-03-24,2026-03-24,21,夜勤,5,37,34,76,79,-3,0.974,74
2026-03-24,2026-03-24,22,夜勤,3,36,29,68,69,-1,0.912,62
2026-03-24,2026-03-24,23,夜勤,3,26,20,49,49,0,0.939,46
2026-03-25,2026-03-24,0,夜勤,2,25,22,49,48,1,0.918,45
2026-03-25,2026-03-24,1,夜勤,1,13,13,27,28,-1,0.963,26
2026-03-25,2026-03-24,2,夜勤,1,13,14,28,28,0,0.893,25
2026-03-25,2026-03-24,3,夜勤,2,11,16,29,28,1,0.931,27
2026-03-25,2026-03-24,4,夜勤,1,13,15,29,28,1,0.966,28
2026-03-25,2026-03-24,5,夜勤,1,13,20,34,35,-1,0.941,32
2026-03-25,2026-03-24,6,夜勤,1,25,29,55,55,0,0.927,51
2026-03-25,2026-03-24,7,夜勤,2,37,36,75,74,1,0.92,69
2026-03-25,2026-03-24,8,夜勤,2,47,41,90,94,-4,0.867,78
2026-03-25,2026-03-25,9,日勤,15,70,60,145,146,-1,0.972,141
2026-03-25,2026-03-25,10,日勤,27,121,70,218,224,-6,0.922,201
2026-03-25,2026-03-25,11,日勤,30,132,70,232,237,-5,0.94,218
2026-03-25,2026-03-25,12,日勤,31,99,69,199,199,0,0.96,191
2026-03-25,2026-03-25,13,日勤,28,117,75,220,224,-4,0.959,211
2026-03-25,2026-03-25,14,日勤,31,126,65,222,237,-15,0.959,213
2026-03-25,2026-03-25,15,日勤,29,123,58,210,217,-7,0.924,194
2026-03-25,2026-03-25,16,日勤,29,111,63,203,197,6,0.951,193
2026-03-25,2026-03-25,17,日勤,22,93,50,165,172,-7,0.945,156
2026-03-25,2026-03-25,18,日勤,16,75,44,135,134,1,0.919,124
2026-03-25,2026-03-25,19,日勤,12,46,34,92,97,-5,0.935,86
2026-03-25,2026-03-25,20,夜勤,9,45,43,97,101,-4,0.928,90
2026-03-25,2026-03-25,21,夜勤,6,34,35,75,79,-4,0.973,73
2026-03-25,2026-03-25,22,夜勤,3,34,27,64,69,-5,0.953,61
2026-03-25,2026-03-25,23,夜勤,3,25,23,51,49,2,0.902,46
2026-03-26,2026-03-25,0,夜勤,2,25,19,46,48,-2,0.935,43
2026-03-26,2026-03-25,1,夜勤,1,13,15,29,28,1,0.966,28
2026-03-26,2026-03-25,2,夜勤,1,12,16,29,28,1,0.966,28
2026-03-26,2026-03-25,3,夜勤,1,13,16,30,28,2,0.867,26
2026-03-26,2026-03-25,4,夜勤,2,12,15,29,28,1,0.931,27
2026-03-26,2026-03-25,5,夜勤,1,13,21,35,35,0,0.943,33
2026-03-26,2026-03-25,6,夜勤,1,25,28,54,55,-1,0.963,52
2026-03-26,2026-03-25,7,夜勤,1,39,39,79,74,5,0.949,75
2026-03-26,2026-03-25,8,夜勤,1,54,43,98,94,4,0.918,90
2026-03-26,2026-03-26,9,日勤,15,74,60,149,146,3,0.94,140
2026-03-26,2026-03-26,10,日勤,30,126,78,234,224,10,0.944,221
2026-03-26,2026-03-26,11,日勤,29,130,64,223,237,-14,0.951,212
2026-03-26,2026-03-26,12,日勤,31,103,75,209,199,10,0.914,191
2026-03-26,2026-03-26,13,日勤,28,126,73,227,224,3,0.943,214
2026-03-26,2026-03-26,14,日勤,31,137,75,243,237,6,0.947,230
2026-03-26,2026-03-26,15,日勤,31,118,60,209,217,-8,0.957,200
2026-03-26,2026-03-26,16,日勤,27,101,53,181,197,-16,0.923,167
2026-03-26,2026-03-26,17,日勤,24,92,51,167,172,-5,0.928,155
2026-03-26,2026-03-26,18,日勤,17,77,45,139,134,5,0.95,132
2026-03-26,2026-03-26,19,日勤,13,47,34,94,97,-3,0.904,85
2026-03-26,2026-03-26,20,夜勤,9,46,42,97,101,-4,0.918,89
2026-03-26,2026-03-26,21,夜勤,6,40,34,80,79,1,0.938,75
2026-03-26,2026-03-26,22,夜勤,3,39,31,73,69,4,0.904,66
2026-03-26,2026-03-26,23,夜勤,3,24,20,47,49,-2,0.957,45
2026-03-27,2026-03-26,0,夜勤,1,26,23,50,48,2,0.92,46
2026-03-27,2026-03-26,1,夜勤,1,13,16,30,28,2,0.867,26
2026-03-27,2026-03-26,2,夜勤,2,12,13,27,28,-1,0.963,26
2026-03-27,2026-03-26,3,夜勤,1,12,15,28,28,0,0.964,27
2026-03-27,2026-03-26,4,夜勤,1,12,13,26,28,-2,0.962,25
2026-03-27,2026-03-26,5,夜勤,1,13,20,34,35,-1,0.941,32
2026-03-27,2026-03-26,6,夜勤,1,25,27,53,55,-2,0.906,48
2026-03-27,2026-03-26,7,夜勤,1,37,38,76,74,2,0.908,69
2026-03-27,2026-03-26,8,夜勤,1,46,39,86,94,-8,0.942,81
2026-03-27,2026-03-27,9,日勤,13,80,60,153,146,7,0.908,139
2026-03-27,2026-03-27,10,日勤,30,121,66,217,224,-7,0.968,210
2026-03-27,2026-03-27,11,日勤,27,133,73,233,237,-4,0.901,210
2026-03-27,2026-03-27,12,日勤,27,108,71,206,199,7,0.976,201
2026-03-27,2026-03-27,13,日勤,28,128,74,230,224,6,0.926,213
2026-03-27,2026-03-27,14,日勤,31,136,69,236,237,-1,0.97,229
2026-03-27,2026-03-27,15,日勤,29,133,67,229,217,12,0.965,221
2026-03-27,2026-03-27,16,日勤,28,111,57,196,197,-1,0.923,181
2026-03-27,2026-03-27,17,日勤,23,103,49,175,172,3,0.931,163
2026-03-27,2026-03-27,18,日勤,19,69,42,130,134,-4,0.938,122
2026-03-27,2026-03-27,19,日勤,12,53,39,104,97,7,0.942,98
2026-03-27,2026-03-27,20,夜勤,9,47,40,96,101,-5,0.896,86
2026-03-27,2026-03-27,21,夜勤,5,40,37,82,79,3,0.939,77
2026-03-27,2026-03-27,22,夜勤,3,35,27,65,69,-4,0.923,60
2026-03-27,2026-03-27,23,夜勤,3,24,22,49,49,0,0.959,47
2026-03-28,2026-03-27,0,夜勤,1,23,23,47,48,-1,0.915,43
2026-03-28,2026-03-27,1,夜勤,2,13,14,29,28,1,0.966,28
2026-03-28,2026-03-27,2,夜勤,1,13,14,28,28,0,0.964,27
2026-03-28,2026-03-27,3,夜勤,1,13,16,30,28,2,0.967,29
2026-03-28,2026-03-27,4,夜勤,1,11,15,27,28,-1,0.926,25
2026-03-28,2026-03-27,5,夜勤,1,13,23,37,35,2,0.946,35
2026-03-28,2026-03-27,6,夜勤,1,22,31,54,55,-1,0.944,51
2026-03-28,2026-03-27,7,夜勤,1,35,33,69,74,-5,0.957,66
2026-03-28,2026-03-27,8,夜勤,2,53,45,100,94,6,0.93,93
2026-03-28,2026-03-28,9,日勤,16,80,58,154,146,8,0.942,145
2026-03-28,2026-03-28,10,日勤,28,131,77,236,224,12,0.979,231
2026-03-28,2026-03-28,11,日勤,28,127,68,223,237,-14,0.942,210
2026-03-28,2026-03-28,12,日勤,31,103,76,210,199,11,0.919,193
2026-03-28,2026-03-28,13,日勤,26,122,65,213,224,-11,0.934,199
2026-03-28,2026-03-28,14,日勤,28,143,74,245,237,8,0.943,231
2026-03-28,2026-03-28,15,日勤,30,115,64,209,217,-8,0.923,193
2026-03-28,2026-03-28,16,日勤,27,103,52,182,197,-15,0.918,167
2026-03-28,2026-03-28,17,日勤,24,93,52,169,172,-3,0.97,164
2026-03-28,2026-03-28,18,日勤,16,75,47,138,134,4,0.971,134
2026-03-28,2026-03-28,19,日勤,11,53,38,102,97,5,0.961,98
2026-03-28,2026-03-28,20,夜勤,9,47,39,95,101,-6,0.937,89
2026-03-28,2026-03-28,21,夜勤,5,39,39,83,79,4,0.904,75
2026-03-28,2026-03-28,22,夜勤,3,35,28,66,69,-3,0.955,63
2026-03-28,2026-03-28,23,夜勤,3,23,23,49,49,0,0.898,44
2026-03-29,2026-03-28,0,夜勤,1,26,22,49,48,1,0.918,45
2026-03-29,2026-03-28,1,夜勤,2,13,14,29,28,1,0.966,28
2026-03-29,2026-03-28,2,夜勤,2,13,15,30,28,2,0.933,28
2026-03-29,2026-03-28,3,夜勤,1,13,13,27,28,-1,0.926,25
2026-03-29,2026-03-28,4,夜勤,1,12,14,27,28,-1,0.963,26
2026-03-29,2026-03-28,5,夜勤,1,12,23,36,35,1,0.972,35
2026-03-29,2026-03-28,6,夜勤,1,25,27,53,55,-2,0.906,48
2026-03-29,2026-03-28,7,夜勤,1,39,35,75,74,1,0.907,68
2026-03-29,2026-03-28,8,夜勤,2,46,42,90,94,-4,0.911,82
2026-03-29,2026-03-29,9,日勤,15,81,62,158,146,12,0.918,145
2026-03-29,2026-03-29,10,日勤,28,120,71,219,224,-5,0.945,207
2026-03-29,2026-03-29,11,日勤,29,150,77,256,237,19,0.871,223
2026-03-29,2026-03-29,12,日勤,27,106,70,203,199,4,0.961,195
2026-03-29,2026-03-29,13,日勤,26,135,64,225,224,1,0.938,211
2026-03-29,2026-03-29,14,日勤,31,145,65,241,237,4,0.946,228
2026-03-29,2026-03-29,15,日勤,31,124,61,216,217,-1,0.935,202
2026-03-29,2026-03-29,16,日勤,30,117,63,210,197,13,0.952,200
2026-03-29,2026-03-29,17,日勤,23,92,50,165,172,-7,0.97,160
2026-03-29,2026-03-29,18,日勤,16,79,42,137,134,3,0.942,129
2026-03-29,2026-03-29,19,日勤,11,47,33,91,97,-6,0.934,85
2026-03-29,2026-03-29,20,夜勤,8,50,45,103,101,2,0.874,90
2026-03-29,2026-03-29,21,夜勤,6,36,33,75,79,-4,0.96,72
2026-03-29,2026-03-29,22,夜勤,3,36,29,68,69,-1,0.941,64
2026-03-29,2026-03-29,23,夜勤,3,23,21,47,49,-2,0.915,43
2026-03-30,2026-03-29,0,夜勤,1,24,20,45,48,-3,0.933,42
2026-03-30,2026-03-29,1,夜勤,1,13,14,28,28,0,0.964,27
2026-03-30,2026-03-29,2,夜勤,2,12,15,29,28,1,0.897,26
2026-03-30,2026-03-29,3,夜勤,2,12,14,28,28,0,0.929,26
2026-03-30,2026-03-29,4,夜勤,1,13,13,27,28,-1,0.963,26
2026-03-30,2026-03-29,5,夜勤,2,13,21,36,35,1,0.889,32
2026-03-30,2026-03-29,6,夜勤,1,27,27,55,55,0,0.964,53
2026-03-30,2026-03-29,7,夜勤,2,41,38,81,74,7,0.901,73
2026-03-30,2026-03-29,8,夜勤,1,52,45,98,94,4,0.898,88
2026-03-30,2026-03-30,9,日勤,15,81,56,152,146,6,0.934,142
2026-03-30,2026-03-30,10,日勤,26,122,78,226,224,2,0.858,194
2026-03-30,2026-03-30,11,日勤,30,135,66,231,237,-6,0.97,224
2026-03-30,2026-03-30,12,日勤,31,103,77,211,199,12,0.929,196
2026-03-30,2026-03-30,13,日勤,26,136,73,235,224,11,0.906,213
2026-03-30,2026-03-30,14,日勤,30,141,72,243,237,6,0.955,232
2026-03-30,2026-03-30,15,日勤,26,130,64,220,217,3,0.9,198
2026-03-30,2026-03-30,16,日勤,30,120,61,211,197,14,0.934,197
2026-03-30,2026-03-30,17,日勤,23,97,52,172,172,0,0.959,165
2026-03-30,2026-03-30,18,日勤,19,81,41,141,134,7,0.972,137
2026-03-30,2026-03-30,19,日勤,12,47,36,95,97,-2,0.979,93
2026-03-30,2026-03-30,20,夜勤,9,46,47,102,101,1,0.941,96
2026-03-30,2026-03-30,21,夜勤,5,40,39,84,79,5,0.917,77
2026-03-30,2026-03-30,22,夜勤,3,36,27,66,69,-3,0.97,64
2026-03-30,2026-03-30,23,夜勤,3,25,23,51,49,2,0.961,49
2026-03-31,2026-03-30,0,夜勤,2,24,22,48,48,0,0.917,44
2026-03-31,2026-03-30,1,夜勤,1,12,15,28,28,0,0.964,27
2026-03-31,2026-03-30,2,夜勤,1,13,14,28,28,0,0.929,26
2026-03-31,2026-03-30,3,夜勤,1,13,13,27,28,-1,0.963,26
2026-03-31,2026-03-30,4,夜勤,1,11,14,26,28,-2,0.885,23
2026-03-31,2026-03-30,5,夜勤,1,13,22,36,35,1,0.972,35
2026-03-31,2026-03-30,6,夜勤,1,24,28,53,55,-2,0.906,48
2026-03-31,2026-03-30,7,夜勤,1,36,32,69,74,-5,0.942,65
2026-03-31,2026-03-30,8,夜勤,1,52,42,95,94,1,0.958,91
2026-03-31,2026-03-31,9,日勤,15,69,52,136,146,-10,0.949,129
2026-03-31,2026-03-31,10,日勤,29,123,75,227,224,3,0.965,219
2026-03-31,2026-03-31,11,日勤,30,131,68,229,237,-8,0.865,198
2026-03-31,2026-03-31,12,日勤,27,98,69,194,199,-5,0.918,178
2026-03-31,2026-03-31,13,日勤,26,118,77,221,224,-3,0.923,204
2026-03-31,2026-03-31,14,日勤,29,136,76,241,237,4,0.925,223
2026-03-31,2026-03-31,15,日勤,30,129,66,225,217,8,0.92,207
2026-03-31,2026-03-31,16,日勤,27,101,52,180,197,-17,0.911,164
2026-03-31,2026-03-31,17,日勤,23,99,52,174,172,2,0.96,167
2026-03-31,2026-03-31,18,日勤,16,74,40,130,134,-4,0.969,126
2026-03-31,2026-03-31,19,日勤,12,54,39,105,97,8,0.905,95
2026-03-31,2026-03-31,20,夜勤,8,49,39,96,101,-5,0.979,94
2026-03-31,2026-03-31,21,夜勤,6,34,35,75,79,-4,0.907,68
2026-03-31,2026-03-31,22,夜勤,3,36,31,70,69,1,0.957,67
2026-03-31,2026-03-31,23,夜勤,3,26,23,52,49,3,0.942,49
2026-04-01,2026-03-31,0,夜勤,2,24,20,46,48,-2,0.957,44
2026-04-01,2026-03-31,1,夜勤,1,13,15,29,28,1,0.931,27
2026-04-01,2026-03-31,2,夜勤,1,12,14,27,28,-1,0.926,25
2026-04-01,2026-03-31,3,夜勤,1,13,14,28,28,0,0.929,26
2026-04-01,2026-03-31,4,夜勤,1,13,15,29,28,1,0.931,27
2026-04-01,2026-03-31,5,夜勤,1,13,21,35,35,0,0.943,33
2026-04-01,2026-03-31,6,夜勤,1,25,27,53,55,-2,0.943,50
2026-04-01,2026-03-31,7,夜勤,1,36,35,72,74,-2,0.972,70
2026-04-01,2026-03-31,8,夜勤,1,54,47,102,94,8,0.931,95
2026-04-01,2026-04-01,9,日勤,16,79,57,152,146,6,0.974,148
2026-04-01,2026-04-01,10,日勤,31,121,65,217,224,-7,0.972,211
2026-04-01,2026-04-01,11,日勤,31,146,77,254,237,17,0.976,248
2026-04-01,2026-04-01,12,日勤,30,99,68,197,199,-2,0.939,185
2026-04-01,2026-04-01,13,日勤,28,132,67,227,224,3,0.974,221
2026-04-01,2026-04-01,14,日勤,29,137,65,231,237,-6,0.957,221
2026-04-01,2026-04-01,15,日勤,28,135,60,223,217,6,0.937,209
2026-04-01,2026-04-01,16,日勤,30,112,61,203,197,6,0.931,189
2026-04-01,2026-04-01,17,日勤,23,91,52,166,172,-6,0.934,155
2026-04-01,2026-04-01,18,日勤,17,72,40,129,134,-5,0.915,118
2026-04-01,2026-04-01,19,日勤,12,48,34,94,97,-3,0.915,86
2026-04-01,2026-04-01,20,夜勤,9,54,43,106,101,5,0.962,102
2026-04-01,2026-04-01,21,夜勤,6,34,36,76,79,-3,0.921,70
2026-04-01,2026-04-01,22,夜勤,3,36,28,67,69,-2,0.955,64
2026-04-01,2026-04-01,23,夜勤,3,25,23,51,49,2,0.941,48
2026-04-02,2026-04-01,0,夜勤,1,24,22,47,48,-1,0.936,44
2026-04-02,2026-04-01,1,夜勤,1,13,15,29,28,1,0.897,26
2026-04-02,2026-04-01,2,夜勤,2,13,13,28,28,0,0.929,26
2026-04-02,2026-04-01,3,夜勤,1,13,15,29,28,1,0.966,28
2026-04-02,2026-04-01,4,夜勤,1,12,15,28,28,0,0.964,27
2026-04-02,2026-04-01,5,夜勤,2,12,23,37,35,2,0.919,34
2026-04-02,2026-04-01,6,夜勤,1,26,28,55,55,0,0.964,53
2026-04-02,2026-04-01,7,夜勤,1,41,36,78,74,4,0.974,76
2026-04-02,2026-04-01,8,夜勤,1,48,41,90,94,-4,0.911,82
2026-04-02,2026-04-02,9,日勤,13,72,55,140,146,-6,0.964,135
2026-04-02,2026-04-02,10,日勤,29,118,76,223,224,-1,0.919,205
2026-04-02,2026-04-02,11,日勤,27,146,71,244,237,7,0.955,233
2026-04-02,2026-04-02,12,日勤,28,93,74,195,199,-4,0.949,185
2026-04-02,2026-04-02,13,日勤,30,124,71,225,224,1,0.92,207
2026-04-02,2026-04-02,14,日勤,28,149,67,244,237,7,0.881,215
2026-04-02,2026-04-02,15,日勤,31,120,70,221,217,4,0.95,210
2026-04-02,2026-04-02,16,日勤,31,116,53,200,197,3,0.915,183
2026-04-02,2026-04-02,17,日勤,25,89,50,164,172,-8,0.976,160
2026-04-02,2026-04-02,18,日勤,18,69,41,128,134,-6,0.922,118
2026-04-02,2026-04-02,19,日勤,12,48,38,98,97,1,0.959,94
2026-04-02,2026-04-02,20,夜勤,8,50,41,99,101,-2,0.919,91
2026-04-02,2026-04-02,21,夜勤,5,36,35,76,79,-3,0.974,74
2026-04-02,2026-04-02,22,夜勤,3,36,26,65,69,-4,0.969,63
2026-04-02,2026-04-02,23,夜勤,3,25,22,50,49,1,0.96,48
2026-04-03,2026-04-02,0,夜勤,1,25,20,46,48,-2,0.913,42
2026-04-03,2026-04-02,1,夜勤,2,11,16,29,28,1,0.966,28
2026-04-03,2026-04-02,2,夜勤,1,13,16,30,28,2,0.967,29
2026-04-03,2026-04-02,3,夜勤,1,11,15,27,28,-1,0.963,26
2026-04-03,2026-04-02,4,夜勤,2,12,15,29,28,1,0.931,27
2026-04-03,2026-04-02,5,夜勤,1,12,22,35,35,0,0.971,34
2026-04-03,2026-04-02,6,夜勤,1,25,28,54,55,-1,0.926,50
2026-04-03,2026-04-02,7,夜勤,2,38,35,75,74,1,0.933,70
2026-04-03,2026-04-02,8,夜勤,1,51,39,91,94,-3,0.901,82
2026-04-03,2026-04-03,9,日勤,15,81,54,150,146,4,0.913,137
2026-04-03,2026-04-03,10,日勤,28,123,71,222,224,-2,0.91,202
2026-04-03,2026-04-03,11,日勤,29,128,66,223,237,-14,0.964,215
2026-04-03,2026-04-03,12,日勤,31,98,70,199,199,0,0.975,194
2026-04-03,2026-04-03,13,日勤,28,135,72,235,224,11,0.966,227
2026-04-03,2026-04-03,14,日勤,30,136,75,241,237,4,0.905,218
2026-04-03,2026-04-03,15,日勤,31,125,62,218,217,1,0.959,209
2026-04-03,2026-04-03,16,日勤,26,102,52,180,197,-17,0.922,166
2026-04-03,2026-04-03,17,日勤,25,95,49,169,172,-3,0.858,145
2026-04-03,2026-04-03,18,日勤,18,69,40,127,134,-7,0.976,124
2026-04-03,2026-04-03,19,日勤,12,53,33,98,97,1,0.949,93
2026-04-03,2026-04-03,20,夜勤,9,54,44,107,101,6,0.907,97
2026-04-03,2026-04-03,21,夜勤,6,41,34,81,79,2,0.938,76
2026-04-03,2026-04-03,22,夜勤,3,40,28,71,69,2,0.972,69
2026-04-03,2026-04-03,23,夜勤,3,23,20,46,49,-3,0.957,44
2026-04-04,2026-04-03,0,夜勤,2,27,19,48,48,0,0.917,44
2026-04-04,2026-04-03,1,夜勤,1,11,14,26,28,-2,0.923,24
2026-04-04,2026-04-03,2,夜勤,1,12,14,27,28,-1,0.889,24
2026-04-04,2026-04-03,3,夜勤,1,12,14,27,28,-1,0.926,25
2026-04-04,2026-04-03,4,夜勤,1,13,15,29,28,1,0.897,26
2026-04-04,2026-04-03,5,夜勤,1,13,20,34,35,-1,0.912,31
2026-04-04,2026-04-03,6,夜勤,1,23,29,53,55,-2,0.943,50
2026-04-04,2026-04-03,7,夜勤,1,37,32,70,74,-4,0.857,60
2026-04-04,2026-04-03,8,夜勤,2,54,45,101,94,7,0.931,94
2026-04-04,2026-04-04,9,日勤,14,74,56,144,146,-2,0.958,138
2026-04-04,2026-04-04,10,日勤,29,127,68,224,224,0,0.906,203
2026-04-04,2026-04-04,11,日勤,30,133,65,228,237,-9,0.947,216
2026-04-04,2026-04-04,12,日勤,32,94,77,203,199,4,0.975,198
2026-04-04,2026-04-04,13,日勤,30,126,72,228,224,4,0.899,205
2026-04-04,2026-04-04,14,日勤,31,138,74,243,237,6,0.914,222
2026-04-04,2026-04-04,15,日勤,29,133,63,225,217,8,0.893,201
2026-04-04,2026-04-04,16,日勤,27,109,58,194,197,-3,0.959,186
2026-04-04,2026-04-04,17,日勤,22,108,49,179,172,7,0.916,164
2026-04-04,2026-04-04,18,日勤,18,81,45,144,134,10,0.917,132
2026-04-04,2026-04-04,19,日勤,12,48,35,95,97,-2,0.937,89
2026-04-04,2026-04-04,20,夜勤,9,51,42,102,101,1,0.912,93
2026-04-04,2026-04-04,21,夜勤,6,37,33,76,79,-3,0.921,70
2026-04-04,2026-04-04,22,夜勤,3,37,26,66,69,-3,0.909,60
2026-04-04,2026-04-04,23,夜勤,3,24,22,49,49,0,0.918,45
2026-04-05,2026-04-04,0,夜勤,1,26,21,48,48,0,0.938,45
2026-04-05,2026-04-04,1,夜勤,1,12,15,28,28,0,0.893,25
2026-04-05,2026-04-04,2,夜勤,2,13,15,30,28,2,0.933,28
2026-04-05,2026-04-04,3,夜勤,1,11,15,27,28,-1,0.889,24
2026-04-05,2026-04-04,4,夜勤,1,12,14,27,28,-1,0.926,25
2026-04-05,2026-04-04,5,夜勤,1,12,21,34,35,-1,0.882,30
2026-04-05,2026-04-04,6,夜勤,1,27,28,56,55,1,0.911,51
2026-04-05,2026-04-04,7,夜勤,1,38,37,76,74,2,0.921,70
2026-04-05,2026-04-04,8,夜勤,2,51,41,94,94,0,0.936,88
2026-04-05,2026-04-05,9,日勤,13,80,58,151,146,5,0.94,142
2026-04-05,2026-04-05,10,日勤,27,116,77,220,224,-4,0.964,212
2026-04-05,2026-04-05,11,日勤,28,123,67,218,237,-19,0.972,212
2026-04-05,2026-04-05,12,日勤,27,104,72,203,199,4,0.911,185
2026-04-05,2026-04-05,13,日勤,30,113,74,217,224,-7,0.894,194
2026-04-05,2026-04-05,14,日勤,26,150,78,254,237,17,0.917,233
2026-04-05,2026-04-05,15,日勤,29,119,67,215,217,-2,0.94,202
2026-04-05,2026-04-05,16,日勤,28,118,58,204,197,7,0.941,192
2026-04-05,2026-04-05,17,日勤,24,98,47,169,172,-3,0.947,160
2026-04-05,2026-04-05,18,日勤,19,73,41,133,134,-1,0.925,123
2026-04-05,2026-04-05,19,日勤,12,50,39,101,97,4,0.861,87
2026-04-05,2026-04-05,20,夜勤,9,47,42,98,101,-3,0.918,90
2026-04-05,2026-04-05,21,夜勤,6,37,38,81,79,2,0.963,78
2026-04-05,2026-04-05,22,夜勤,3,35,28,66,69,-3,0.939,62
2026-04-05,2026-04-05,23,夜勤,3,26,20,49,49,0,0.959,47
2026-04-06,2026-04-05,0,夜勤,2,26,21,49,48,1,0.98,48
2026-04-06,2026-04-05,1,夜勤,1,13,14,28,28,0,0.929,26
2026-04-06,2026-04-05,2,夜勤,1,13,13,27,28,-1,0.926,25
2026-04-06,2026-04-05,3,夜勤,1,12,14,27,28,-1,0.926,25
2026-04-06,2026-04-05,4,夜勤,1,12,14,27,28,-1,0.926,25
2026-04-06,2026-04-05,5,夜勤,1,12,21,34,35,-1,0.912,31
2026-04-06,2026-04-05,6,夜勤,1,27,29,57,55,2,0.947,54
2026-04-06,2026-04-05,7,夜勤,2,35,38,75,74,1,0.92,69
2026-04-06,2026-04-05,8,夜勤,2,48,45,95,94,1,0.905,86
2026-04-06,2026-04-06,9,日勤,15,71,58,144,146,-2,0.958,138
2026-04-06,2026-04-06,10,日勤,30,113,65,208,224,-16,0.976,203
2026-04-06,2026-04-06,11,日勤,31,139,76,246,237,9,0.902,222
2026-04-06,2026-04-06,12,日勤,28,97,72,197,199,-2,0.975,192
2026-04-06,2026-04-06,13,日勤,27,133,74,234,224,10,0.91,213
2026-04-06,2026-04-06,14,日勤,30,139,72,241,237,4,0.909,219
2026-04-06,2026-04-06,15,日勤,28,125,64,217,217,0,0.945,205
2026-04-06,2026-04-06,16,日勤,31,110,56,197,197,0,0.934,184
2026-04-06,2026-04-06,17,日勤,23,97,45,165,172,-7,0.97,160
2026-04-06,2026-04-06,18,日勤,16,77,43,136,134,2,0.941,128
2026-04-06,2026-04-06,19,日勤,11,48,36,95,97,-2,0.926,88
2026-04-06,2026-04-06,20,夜勤,8,50,45,103,101,2,0.951,98
2026-04-06,2026-04-06,21,夜勤,6,36,37,79,79,0,0.962,76
2026-04-06,2026-04-06,22,夜勤,3,39,28,70,69,1,0.943,66
2026-04-06,2026-04-06,23,夜勤,3,26,21,50,49,1,0.86,43
2026-04-07,2026-04-06,0,夜勤,1,25,20,46,48,-2,0.978,45
2026-04-07,2026-04-06,1,夜勤,1,12,15,28,28,0,0.964,27
2026-04-07,2026-04-06,2,夜勤,1,11,15,27,28,-1,0.926,25
2026-04-07,2026-04-06,3,夜勤,2,13,15,30,28,2,0.9,27
2026-04-07,2026-04-06,4,夜勤,1,13,13,27,28,-1,0.963,26
2026-04-07,2026-04-06,5,夜勤,1,13,22,36,35,1,0.944,34
2026-04-07,2026-04-06,6,夜勤,1,25,30,56,55,1,0.857,48
2026-04-07,2026-04-06,7,夜勤,1,40,33,74,74,0,0.932,69
2026-04-07,2026-04-06,8,夜勤,1,52,39,92,94,-2,0.924,85
2026-04-07,2026-04-07,9,日勤,14,69,57,140,146,-6,0.929,130
2026-04-07,2026-04-07,10,日勤,26,132,78,236,224,12,0.975,230
2026-04-07,2026-04-07,11,日勤,26,144,72,242,237,5,0.913,221
2026-04-07,2026-04-07,12,日勤,28,107,75,210,199,11,0.9,189
2026-04-07,2026-04-07,13,日勤,28,119,72,219,224,-5,0.936,205
2026-04-07,2026-04-07,14,日勤,27,144,72,243,237,6,0.951,231
2026-04-07,2026-04-07,15,日勤,28,123,59,210,217,-7,0.957,201
2026-04-07,2026-04-07,16,日勤,27,102,59,188,197,-9,0.91,171
2026-04-07,2026-04-07,17,日勤,23,109,49,181,172,9,0.978,177
2026-04-07,2026-04-07,18,日勤,19,77,42,138,134,4,0.957,132
2026-04-07,2026-04-07,19,日勤,12,50,33,95,97,-2,0.916,87
2026-04-07,2026-04-07,20,夜勤,8,51,46,105,101,4,0.905,95
2026-04-07,2026-04-07,21,夜勤,6,36,34,76,79,-3,0.947,72
2026-04-07,2026-04-07,22,夜勤,3,38,27,68,69,-1,0.971,66
2026-04-07,2026-04-07,23,夜勤,3,22,23,48,49,-1,0.979,47
2026-04-08,2026-04-07,0,夜勤,1,23,20,44,48,-4,0.955,42
2026-04-08,2026-04-07,1,夜勤,2,13,15,30,28,2,0.967,29
2026-04-08,2026-04-07,2,夜勤,1,13,14,28,28,0,0.964,27
2026-04-08,2026-04-07,3,夜勤,2,12,14,28,28,0,0.929,26
2026-04-08,2026-04-07,4,夜勤,1,13,13,27,28,-1,0.963,26
2026-04-08,2026-04-07,5,夜勤,1,13,22,36,35,1,0.944,34
2026-04-08,2026-04-07,6,夜勤,2,23,28,53,55,-2,0.962,51
2026-04-08,2026-04-07,7,夜勤,1,36,33,70,74,-4,0.929,65
2026-04-08,2026-04-07,8,夜勤,2,47,46,95,94,1,0.905,86
2026-04-08,2026-04-08,9,日勤,15,71,53,139,146,-7,0.928,129
2026-04-08,2026-04-08,10,日勤,29,116,65,210,224,-14,0.9,189
2026-04-08,2026-04-08,11,日勤,27,130,67,224,237,-13,0.933,209
2026-04-08,2026-04-08,12,日勤,30,90,69,189,199,-10,0.915,173
2026-04-08,2026-04-08,13,日勤,26,117,70,213,224,-11,0.953,203
2026-04-08,2026-04-08,14,日勤,27,148,75,250,237,13,0.968,242
2026-04-08,2026-04-08,15,日勤,26,130,65,221,217,4,0.968,214
2026-04-08,2026-04-08,16,日勤,28,101,52,181,197,-16,0.912,165
2026-04-08,2026-04-08,17,日勤,22,108,54,184,172,12,0.962,177
2026-04-08,2026-04-08,18,日勤,16,77,45,138,134,4,0.92,127
2026-04-08,2026-04-08,19,日勤,12,52,38,102,97,5,0.961,98
2026-04-08,2026-04-08,20,夜勤,8,47,45,100,101,-1,0.94,94
2026-04-08,2026-04-08,21,夜勤,6,35,37,78,79,-1,0.949,74
2026-04-08,2026-04-08,22,夜勤,3,40,29,72,69,3,0.944,68
2026-04-08,2026-04-08,23,夜勤,3,25,22,50,49,1,0.96,48
2026-04-09,2026-04-08,0,夜勤,2,22,23,47,48,-1,0.979,46
2026-04-09,2026-04-08,1,夜勤,1,12,14,27,28,-1,0.963,26
2026-04-09,2026-04-08,2,夜勤,1,12,15,28,28,0,0.964,27
2026-04-09,2026-04-08,3,夜勤,1,13,16,30,28,2,0.967,29
2026-04-09,2026-04-08,4,夜勤,1,13,15,29,28,1,0.931,27
2026-04-09,2026-04-08,5,夜勤,1,12,22,35,35,0,0.886,31
2026-04-09,2026-04-08,6,夜勤,1,25,26,52,55,-3,0.962,50
2026-04-09,2026-04-08,7,夜勤,1,39,37,77,74,3,0.909,70
2026-04-09,2026-04-08,8,夜勤,1,50,40,91,94,-3,0.967,88
2026-04-09,2026-04-09,9,日勤,15,79,53,147,146,1,0.966,142
2026-04-09,2026-04-09,10,日勤,31,136,71,238,224,14,0.941,224
2026-04-09,2026-04-09,11,日勤,30,124,70,224,237,-13,0.906,203
2026-04-09,2026-04-09,12,日勤,30,105,71,206,199,7,0.903,186
2026-04-09,2026-04-09,13,日勤,31,126,73,230,224,6,0.943,217
2026-04-09,2026-04-09,14,日勤,29,125,65,219,237,-18,0.9,197
2026-04-09,2026-04-09,15,日勤,30,119,62,211,217,-6,0.962,203
2026-04-09,2026-04-09,16,日勤,27,121,59,207,197,10,0.932,193
2026-04-09,2026-04-09,17,日勤,24,93,53,170,172,-2,0.929,158
2026-04-09,2026-04-09,18,日勤,16,80,42,138,134,4,0.928,128
2026-04-09,2026-04-09,19,日勤,12,46,34,92,97,-5,0.924,85
2026-04-09,2026-04-09,20,夜勤,9,45,47,101,101,0,0.921,93
2026-04-09,2026-04-09,21,夜勤,6,35,34,75,79,-4,0.947,71
2026-04-09,2026-04-09,22,夜勤,3,40,26,69,69,0,0.928,64
2026-04-09,2026-04-09,23,夜勤,3,26,21,50,49,1,0.98,49
2026-04-10,2026-04-09,0,夜勤,2,23,23,48,48,0,0.938,45
2026-04-10,2026-04-09,1,夜勤,2,12,14,28,28,0,0.929,26
2026-04-10,2026-04-09,2,夜勤,1,11,14,26,28,-2,0.923,24
2026-04-10,2026-04-09,3,夜勤,1,13,15,29,28,1,0.966,28
2026-04-10,2026-04-09,4,夜勤,2,13,14,29,28,1,0.966,28
2026-04-10,2026-04-09,5,夜勤,1,12,20,33,35,-2,0.97,32
2026-04-10,2026-04-09,6,夜勤,1,25,29,55,55,0,0.945,52
2026-04-10,2026-04-09,7,夜勤,1,39,34,74,74,0,0.932,69
2026-04-10,2026-04-09,8,夜勤,1,50,46,97,94,3,0.959,93
2026-04-10,2026-04-10,9,日勤,16,80,53,149,146,3,0.966,144
2026-04-10,2026-04-10,10,日勤,29,116,73,218,224,-6,0.904,197
2026-04-10,2026-04-10,11,日勤,29,146,73,248,237,11,0.956,237
2026-04-10,2026-04-10,12,日勤,28,99,67,194,199,-5,0.954,185
2026-04-10,2026-04-10,13,日勤,30,125,77,232,224,8,0.905,210
2026-04-10,2026-04-10,14,日勤,30,136,65,231,237,-6,0.965,223
2026-04-10,2026-04-10,15,日勤,27,114,61,202,217,-15,0.916,185
2026-04-10,2026-04-10,16,日勤,30,112,59,201,197,4,0.92,185
2026-04-10,2026-04-10,17,日勤,21,98,51,170,172,-2,0.965,164
2026-04-10,2026-04-10,18,日勤,18,72,47,137,134,3,0.934,128
2026-04-10,2026-04-10,19,日勤,11,45,36,92,97,-5,0.935,86
2026-04-10,2026-04-10,20,夜勤,8,53,40,101,101,0,0.97,98
2026-04-10,2026-04-10,21,夜勤,6,39,38,83,79,4,0.904,75
2026-04-10,2026-04-10,22,夜勤,3,37,30,70,69,1,0.957,67
2026-04-10,2026-04-10,23,夜勤,3,25,20,48,49,-1,0.958,46
2026-04-11,2026-04-10,0,夜勤,1,26,23,50,48,2,0.92,46
2026-04-11,2026-04-10,1,夜勤,1,12,14,27,28,-1,0.963,26
2026-04-11,2026-04-10,2,夜勤,2,13,14,29,28,1,0.931,27
2026-04-11,2026-04-10,3,夜勤,1,11,15,27,28,-1,0.926,25
2026-04-11,2026-04-10,4,夜勤,1,12,15,28,28,0,0.964,27
2026-04-11,2026-04-10,5,夜勤,1,12,21,34,35,-1,0.912,31
2026-04-11,2026-04-10,6,夜勤,1,24,29,54,55,-1,0.963,52
2026-04-11,2026-04-10,7,夜勤,1,36,37,74,74,0,0.946,70
2026-04-11,2026-04-10,8,夜勤,2,50,42,94,94,0,0.979,92
2026-04-11,2026-04-11,9,日勤,15,67,58,140,146,-6,0.936,131
2026-04-11,2026-04-11,10,日勤,28,117,68,213,224,-11,0.972,207
2026-04-11,2026-04-11,11,日勤,30,144,67,241,237,4,0.975,235
2026-04-11,2026-04-11,12,日勤,31,100,76,207,199,8,0.961,199
2026-04-11,2026-04-11,13,日勤,31,132,66,229,224,5,0.921,211
2026-04-11,2026-04-11,14,日勤,26,141,65,232,237,-5,0.944,219
2026-04-11,2026-04-11,15,日勤,29,115,66,210,217,-7,0.9,189
2026-04-11,2026-04-11,16,日勤,28,120,55,203,197,6,0.956,194
2026-04-11,2026-04-11,17,日勤,24,95,53,172,172,0,0.913,157
2026-04-11,2026-04-11,18,日勤,16,75,44,135,134,1,0.919,124
2026-04-11,2026-04-11,19,日勤,11,46,33,90,97,-7,0.9,81
2026-04-11,2026-04-11,20,夜勤,9,53,42,104,101,3,0.942,98
2026-04-11,2026-04-11,21,夜勤,5,34,36,75,79,-4,0.933,70
2026-04-11,2026-04-11,22,夜勤,3,41,27,71,69,2,0.901,64
2026-04-11,2026-04-11,23,夜勤,3,23,20,46,49,-3,0.913,42
2026-04-12,2026-04-11,0,夜勤,1,22,21,44,48,-4,0.977,43
2026-04-12,2026-04-11,1,夜勤,1,13,15,29,28,1,0.966,28
2026-04-12,2026-04-11,2,夜勤,1,13,13,27,28,-1,0.889,24
2026-04-12,2026-04-11,3,夜勤,1,12,15,28,28,0,0.893,25
2026-04-12,2026-04-11,4,夜勤,1,12,13,26,28,-2,0.962,25
2026-04-12,2026-04-11,5,夜勤,2,13,19,34,35,-1,0.912,31
2026-04-12,2026-04-11,6,夜勤,1,26,26,53,55,-2,0.906,48
2026-04-12,2026-04-11,7,夜勤,1,40,38,79,74,5,0.975,77
2026-04-12,2026-04-11,8,夜勤,1,53,39,93,94,-1,0.935,87
2026-04-12,2026-04-12,9,日勤,14,69,52,135,146,-11,0.933,126
2026-04-12,2026-04-12,10,日勤,28,124,69,221,224,-3,0.91,201
2026-04-12,2026-04-12,11,日勤,29,140,69,238,237,1,0.95,226
2026-04-12,2026-04-12,12,日勤,28,99,78,205,199,6,0.956,196
2026-04-12,2026-04-12,13,日勤,31,118,65,214,224,-10,0.869,186
2026-04-12,2026-04-12,14,日勤,29,143,66,238,237,1,0.924,220
2026-04-12,2026-04-12,15,日勤,31,113,66,210,217,-7,0.924,194
2026-04-12,2026-04-12,16,日勤,30,111,59,200,197,3,0.95,190
2026-04-12,2026-04-12,17,日勤,24,94,51,169,172,-3,0.947,160
2026-04-12,2026-04-12,18,日勤,18,76,42,136,134,2,0.926,126
2026-04-12,2026-04-12,19,日勤,12,45,35,92,97,-5,0.924,85
2026-04-12,2026-04-12,20,夜勤,8,49,44,101,101,0,0.96,97
2026-04-12,2026-04-12,21,夜勤,5,38,38,81,79,2,0.926,75
2026-04-12,2026-04-12,22,夜勤,3,36,30,69,69,0,0.942,65
2026-04-12,2026-04-12,23,夜勤,3,25,20,48,49,-1,0.875,42
2026-04-13,2026-04-12,0,夜勤,1,25,20,46,48,-2,0.957,44
2026-04-13,2026-04-12,1,夜勤,1,13,15,29,28,1,0.897,26
2026-04-13,2026-04-12,2,夜勤,1,13,15,29,28,1,0.897,26
2026-04-13,2026-04-12,3,夜勤,2,12,13,27,28,-1,0.926,25
2026-04-13,2026-04-12,4,夜勤,1,13,16,30,28,2,0.967,29
2026-04-13,2026-04-12,5,夜勤,1,13,22,36,35,1,0.944,34
2026-04-13,2026-04-12,6,夜勤,1,26,31,58,55,3,0.966,56
2026-04-13,2026-04-12,7,夜勤,1,40,39,80,74,6,0.938,75
2026-04-13,2026-04-12,8,夜勤,1,49,46,96,94,2,0.906,87
2026-04-13,2026-04-13,9,日勤,15,82,60,157,146,11,0.975,153
2026-04-13,2026-04-13,10,日勤,27,117,68,212,224,-12,0.958,203
2026-04-13,2026-04-13,11,日勤,31,142,72,245,237,8,0.849,208
2026-04-13,2026-04-13,12,日勤,31,97,66,194,199,-5,0.959,186
2026-04-13,2026-04-13,13,日勤,27,120,77,224,224,0,0.969,217
2026-04-13,2026-04-13,14,日勤,31,138,65,234,237,-3,0.979,229
2026-04-13,2026-04-13,15,日勤,31,126,65,222,217,5,0.905,201
2026-04-13,2026-04-13,16,日勤,26,102,56,184,197,-13,0.94,173
2026-04-13,2026-04-13,17,日勤,24,107,49,180,172,8,0.917,165
2026-04-13,2026-04-13,18,日勤,17,76,41,134,134,0,0.933,125
2026-04-13,2026-04-13,19,日勤,11,53,36,100,97,3,0.97,97
2026-04-13,2026-04-13,20,夜勤,9,52,39,100,101,-1,0.95,95
2026-04-13,2026-04-13,21,夜勤,6,35,36,77,79,-2,0.961,74
2026-04-13,2026-04-13,22,夜勤,3,34,30,67,69,-2,0.925,62
2026-04-13,2026-04-13,23,夜勤,3,27,22,52,49,3,0.962,50
2026-04-14,2026-04-13,0,夜勤,1,23,21,45,48,-3,0.911,41
2026-04-14,2026-04-13,1,夜勤,1,12,15,28,28,0,0.929,26
2026-04-14,2026-04-13,2,夜勤,1,14,13,28,28,0,0.964,27
2026-04-14,2026-04-13,3,夜勤,1,12,14,27,28,-1,0.926,25
2026-04-14,2026-04-13,4,夜勤,1,12,15,28,28,0,0.929,26
2026-04-14,2026-04-13,5,夜勤,2,13,22,37,35,2,0.919,34
2026-04-14,2026-04-13,6,夜勤,2,26,31,59,55,4,0.966,57
2026-04-14,2026-04-13,7,夜勤,1,39,33,73,74,-1,0.945,69
2026-04-14,2026-04-13,8,夜勤,1,50,42,93,94,-1,0.946,88
2026-04-14,2026-04-14,9,日勤,14,70,55,139,146,-7,0.95,132
2026-04-14,2026-04-14,10,日勤,26,113,68,207,224,-17,0.957,198
2026-04-14,2026-04-14,11,日勤,27,139,71,237,237,0,0.903,214
2026-04-14,2026-04-14,12,日勤,26,108,68,202,199,3,0.941,190
2026-04-14,2026-04-14,13,日勤,30,132,78,240,224,16,0.971,233
2026-04-14,2026-04-14,14,日勤,28,142,66,236,237,-1,0.962,227
2026-04-14,2026-04-14,15,日勤,30,129,64,223,217,6,0.928,207
2026-04-14,2026-04-14,16,日勤,28,119,52,199,197,2,0.92,183
2026-04-14,2026-04-14,17,日勤,24,90,52,166,172,-6,0.946,157
2026-04-14,2026-04-14,18,日勤,19,67,45,131,134,-3,0.939,123
2026-04-14,2026-04-14,19,日勤,13,46,37,96,97,-1,0.979,94
2026-04-14,2026-04-14,20,夜勤,8,45,42,95,101,-6,0.947,90
2026-04-14,2026-04-14,21,夜勤,6,40,36,82,79,3,0.939,77
2026-04-14,2026-04-14,22,夜勤,3,39,29,71,69,2,0.944,67
2026-04-14,2026-04-14,23,夜勤,3,24,23,50,49,1,0.92,46
2026-04-15,2026-04-14,0,夜勤,1,24,22,47,48,-1,0.936,44
2026-04-15,2026-04-14,1,夜勤,2,13,16,31,28,3,0.935,29
2026-04-15,2026-04-14,2,夜勤,1,12,16,29,28,1,0.966,28
2026-04-15,2026-04-14,3,夜勤,1,13,14,28,28,0,0.964,27
2026-04-15,2026-04-14,4,夜勤,1,12,14,27,28,-1,0.926,25
2026-04-15,2026-04-14,5,夜勤,1,13,20,34,35,-1,0.912,31
2026-04-15,2026-04-14,6,夜勤,1,25,29,55,55,0,0.945,52
2026-04-15,2026-04-14,7,夜勤,2,37,36,75,74,1,0.973,73
2026-04-15,2026-04-14,8,夜勤,2,50,41,93,94,-1,0.968,90
2026-04-15,2026-04-15,9,日勤,14,75,60,149,146,3,0.919,137
2026-04-15,2026-04-15,10,日勤,29,115,76,220,224,-4,0.927,204
2026-04-15,2026-04-15,11,日勤,26,150,67,243,237,6,0.856,208
2026-04-15,2026-04-15,12,日勤,29,101,70,200,199,1,0.94,188
2026-04-15,2026-04-15,13,日勤,28,119,69,216,224,-8,0.963,208
2026-04-15,2026-04-15,14,日勤,26,136,76,238,237,1,0.912,217
2026-04-15,2026-04-15,15,日勤,26,116,66,208,217,-9,0.918,191
2026-04-15,2026-04-15,16,日勤,27,121,56,204,197,7,0.956,195
2026-04-15,2026-04-15,17,日勤,23,98,54,175,172,3,0.977,171
2026-04-15,2026-04-15,18,日勤,16,75,45,136,134,2,0.882,120
2026-04-15,2026-04-15,19,日勤,12,48,34,94,97,-3,0.904,85
2026-04-15,2026-04-15,20,夜勤,8,50,39,97,101,-4,0.928,90
2026-04-15,2026-04-15,21,夜勤,6,37,34,77,79,-2,0.948,73
2026-04-15,2026-04-15,22,夜勤,3,37,29,69,69,0,0.957,66
2026-04-15,2026-04-15,23,夜勤,3,25,22,50,49,1,0.92,46
2026-04-16,2026-04-15,0,夜勤,1,25,21,47,48,-1,0.957,45
2026-04-16,2026-04-15,1,夜勤,1,13,14,28,28,0,0.964,27
2026-04-16,2026-04-15,2,夜勤,2,13,15,30,28,2,0.967,29
2026-04-16,2026-04-15,3,夜勤,1,13,15,29,28,1,0.966,28
2026-04-16,2026-04-15,4,夜勤,1,12,15,28,28,0,0.964,27
2026-04-16,2026-04-15,5,夜勤,2,12,22,36,35,1,0.972,35
2026-04-16,2026-04-15,6,夜勤,1,25,26,52,55,-3,0.923,48
2026-04-16,2026-04-15,7,夜勤,1,34,35,70,74,-4,0.929,65
2026-04-16,2026-04-15,8,夜勤,1,47,43,91,94,-3,0.945,86
2026-04-16,2026-04-16,9,日勤,14,81,61,156,146,10,0.923,144
2026-04-16,2026-04-16,10,日勤,27,122,78,227,224,3,0.96,218
2026-04-16,2026-04-16,11,日勤,31,127,69,227,237,-10,0.912,207
2026-04-16,2026-04-16,12,日勤,29,104,73,206,199,7,0.932,192
2026-04-16,2026-04-16,13,日勤,29,125,72,226,224,2,0.92,208
2026-04-16,2026-04-16,14,日勤,27,134,76,237,237,0,0.958,227
2026-04-16,2026-04-16,15,日勤,26,126,70,222,217,5,0.946,210
2026-04-16,2026-04-16,16,日勤,31,103,52,186,197,-11,0.962,179
2026-04-16,2026-04-16,17,日勤,24,97,54,175,172,3,0.931,163
2026-04-16,2026-04-16,18,日勤,17,77,39,133,134,-1,0.917,122
2026-04-16,2026-04-16,19,日勤,12,48,32,92,97,-5,0.924,85
2026-04-16,2026-04-16,20,夜勤,9,54,40,103,101,2,0.893,92
2026-04-16,2026-04-16,21,夜勤,6,39,37,82,79,3,0.963,79
2026-04-16,2026-04-16,22,夜勤,3,39,28,70,69,1,0.957,67
2026-04-16,2026-04-16,23,夜勤,3,23,23,49,49,0,0.939,46
2026-04-17,2026-04-16,0,夜勤,1,26,20,47,48,-1,0.936,44
2026-04-17,2026-04-16,1,夜勤,2,11,15,28,28,0,0.929,26
2026-04-17,2026-04-16,2,夜勤,1,13,16,30,28,2,0.9,27
2026-04-17,2026-04-16,3,夜勤,1,13,14,28,28,0,0.893,25
2026-04-17,2026-04-16,4,夜勤,1,12,13,26,28,-2,0.923,24
2026-04-17,2026-04-16,5,夜勤,1,12,22,35,35,0,0.971,34
2026-04-17,2026-04-16,6,夜勤,2,26,31,59,55,4,0.898,53
2026-04-17,2026-04-16,7,夜勤,1,40,37,78,74,4,0.974,76
2026-04-17,2026-04-16,8,夜勤,1,50,42,93,94,-1,0.914,85
2026-04-17,2026-04-17,9,日勤,14,69,63,146,146,0,0.918,134
2026-04-17,2026-04-17,10,日勤,30,136,70,236,224,12,0.953,225
2026-04-17,2026-04-17,11,日勤,29,147,66,242,237,5,0.95,230
2026-04-17,2026-04-17,12,日勤,30,90,70,190,199,-9,0.926,176
2026-04-17,2026-04-17,13,日勤,32,127,73,232,224,8,0.944,219
2026-04-17,2026-04-17,14,日勤,27,127,71,225,237,-12,0.88,198
2026-04-17,2026-04-17,15,日勤,29,124,63,216,217,-1,0.935,202
2026-04-17,2026-04-17,16,日勤,27,115,54,196,197,-1,0.944,185
2026-04-17,2026-04-17,17,日勤,22,93,48,163,172,-9,0.957,156
2026-04-17,2026-04-17,18,日勤,18,75,42,135,134,1,0.948,128
2026-04-17,2026-04-17,19,日勤,13,51,39,103,97,6,0.961,99
2026-04-17,2026-04-17,20,夜勤,8,51,40,99,101,-2,0.909,90
2026-04-17,2026-04-17,21,夜勤,6,36,37,79,79,0,0.962,76
2026-04-17,2026-04-17,22,夜勤,3,34,29,66,69,-3,0.924,61
2026-04-17,2026-04-17,23,夜勤,3,23,21,47,49,-2,0.957,45
2026-04-18,2026-04-17,0,夜勤,2,26,23,51,48,3,0.922,47
2026-04-18,2026-04-17,1,夜勤,1,13,14,28,28,0,0.929,26
2026-04-18,2026-04-17,2,夜勤,1,13,15,29,28,1,0.931,27
2026-04-18,2026-04-17,3,夜勤,1,12,15,28,28,0,0.893,25
2026-04-18,2026-04-17,4,夜勤,2,13,15,30,28,2,0.933,28
2026-04-18,2026-04-17,5,夜勤,2,12,22,36,35,1,0.917,33
2026-04-18,2026-04-17,6,夜勤,1,24,27,52,55,-3,0.904,47
2026-04-18,2026-04-17,7,夜勤,2,34,33,69,74,-5,0.957,66
2026-04-18,2026-04-17,8,夜勤,1,54,41,96,94,2,0.906,87
2026-04-18,2026-04-18,9,日勤,15,68,52,135,146,-11,0.956,129
2026-04-18,2026-04-18,10,日勤,29,112,69,210,224,-14,0.971,204
2026-04-18,2026-04-18,11,日勤,31,132,67,230,237,-7,0.9,207
2026-04-18,2026-04-18,12,日勤,26,105,67,198,199,-1,0.939,186
2026-04-18,2026-04-18,13,日勤,30,128,66,224,224,0,0.96,215
2026-04-18,2026-04-18,14,日勤,31,136,73,240,237,3,0.963,231
2026-04-18,2026-04-18,15,日勤,30,112,66,208,217,-9,0.899,187
2026-04-18,2026-04-18,16,日勤,28,120,55,203,197,6,0.946,192
2026-04-18,2026-04-18,17,日勤,25,103,49,177,172,5,0.893,158
2026-04-18,2026-04-18,18,日勤,18,73,47,138,134,4,0.92,127
2026-04-18,2026-04-18,19,日勤,11,45,39,95,97,-2,0.905,86
2026-04-18,2026-04-18,20,夜勤,9,51,43,103,101,2,0.971,100
2026-04-18,2026-04-18,21,夜勤,6,40,34,80,79,1,0.963,77
2026-04-18,2026-04-18,22,夜勤,3,33,29,65,69,-4,0.969,63
2026-04-18,2026-04-18,23,夜勤,3,23,22,48,49,-1,0.896,43
2026-04-19,2026-04-18,0,夜勤,2,27,21,50,48,2,0.98,49
2026-04-19,2026-04-18,1,夜勤,1,13,14,28,28,0,0.964,27
2026-04-19,2026-04-18,2,夜勤,1,11,14,26,28,-2,0.962,25
2026-04-19,2026-04-18,3,夜勤,1,12,14,27,28,-1,0.889,24
2026-04-19,2026-04-18,4,夜勤,1,12,13,26,28,-2,0.962,25
2026-04-19,2026-04-18,5,夜勤,1,14,20,35,35,0,0.943,33
2026-04-19,2026-04-18,6,夜勤,1,26,26,53,55,-2,0.962,51
2026-04-19,2026-04-18,7,夜勤,1,37,33,71,74,-3,0.915,65
2026-04-19,2026-04-18,8,夜勤,1,53,45,99,94,5,0.97,96
2026-04-19,2026-04-19,9,日勤,15,72,55,142,146,-4,0.908,129
2026-04-19,2026-04-19,10,日勤,31,123,71,225,224,1,0.911,205
2026-04-19,2026-04-19,11,日勤,30,125,77,232,237,-5,0.961,223
2026-04-19,2026-04-19,12,日勤,28,102,64,194,199,-5,0.912,177
2026-04-19,2026-04-19,13,日勤,30,124,77,231,224,7,0.952,220
2026-04-19,2026-04-19,14,日勤,27,150,71,248,237,11,0.935,232
2026-04-19,2026-04-19,15,日勤,30,133,62,225,217,8,0.933,210
2026-04-19,2026-04-19,16,日勤,31,120,55,206,197,9,0.888,183
2026-04-19,2026-04-19,17,日勤,23,108,50,181,172,9,0.956,173
2026-04-19,2026-04-19,18,日勤,18,75,45,138,134,4,0.964,133
2026-04-19,2026-04-19,19,日勤,12,48,37,97,97,0,0.907,88
2026-04-19,2026-04-19,20,夜勤,9,53,41,103,101,2,0.913,94
2026-04-19,2026-04-19,21,夜勤,6,39,32,77,79,-2,0.961,74
2026-04-19,2026-04-19,22,夜勤,3,36,31,70,69,1,0.886,62
2026-04-19,2026-04-19,23,夜勤,3,23,20,46,49,-3,0.957,44
2026-04-20,2026-04-19,0,夜勤,2,25,23,50,48,2,0.92,46
2026-04-20,2026-04-19,1,夜勤,1,13,14,28,28,0,0.964,27
2026-04-20,2026-04-19,2,夜勤,2,13,13,28,28,0,0.929,26
2026-04-20,2026-04-19,3,夜勤,1,13,14,28,28,0,0.929,26
2026-04-20,2026-04-19,4,夜勤,1,13,14,28,28,0,0.964,27
2026-04-20,2026-04-19,5,夜勤,1,12,21,34,35,-1,0.971,33
2026-04-20,2026-04-19,6,夜勤,1,23,28,52,55,-3,0.865,45
2026-04-20,2026-04-19,7,夜勤,1,36,38,75,74,1,0.933,70
2026-04-20,2026-04-19,8,夜勤,1,51,39,91,94,-3,0.923,84
2026-04-20,2026-04-20,9,日勤,14,82,57,153,146,7,0.922,141
2026-04-20,2026-04-20,10,日勤,31,128,73,232,224,8,0.927,215
2026-04-20,2026-04-20,11,日勤,31,123,65,219,237,-18,0.932,204
2026-04-20,2026-04-20,12,日勤,29,102,65,196,199,-3,0.969,190
2026-04-20,2026-04-20,13,日勤,28,118,78,224,224,0,0.978,219
2026-04-20,2026-04-20,14,日勤,28,136,68,232,237,-5,0.905,210
2026-04-20,2026-04-20,15,日勤,30,128,69,227,217,10,0.907,206
2026-04-20,2026-04-20,16,日勤,27,104,62,193,197,-4,0.912,176
2026-04-20,2026-04-20,17,日勤,21,95,50,166,172,-6,0.964,160
2026-04-20,2026-04-20,18,日勤,18,82,45,145,134,11,0.938,136
2026-04-20,2026-04-20,19,日勤,11,54,33,98,97,1,0.969,95
2026-04-20,2026-04-20,20,夜勤,9,46,45,100,101,-1,0.66,66
2026-04-20,2026-04-20,21,夜勤,5,39,37,81,79,2,0.63,51
2026-04-20,2026-04-20,22,夜勤,3,40,30,73,69,4,0.671,49
2026-04-20,2026-04-20,23,夜勤,3,27,20,50,49,1,0.66,33
2026-04-21,2026-04-20,0,夜勤,1,24,21,46,48,-2,0.63,29
2026-04-21,2026-04-20,1,夜勤,1,14,13,28,28,0,0.643,18
2026-04-21,2026-04-20,2,夜勤,1,13,15,29,28,1,0.655,19
2026-04-21,2026-04-20,3,夜勤,1,13,15,29,28,1,0.655,19
2026-04-21,2026-04-20,4,夜勤,1,13,14,28,28,0,0.607,17
2026-04-21,2026-04-20,5,夜勤,1,13,22,36,35,1,0.639,23
2026-04-21,2026-04-20,6,夜勤,2,26,28,56,55,1,0.607,34
2026-04-21,2026-04-20,7,夜勤,1,40,39,80,74,6,0.65,52
2026-04-21,2026-04-20,8,夜勤,1,49,39,89,94,-5,0.607,54
2026-04-21,2026-04-21,9,日勤,14,81,59,154,146,8,0.961,148
2026-04-21,2026-04-21,10,日勤,30,121,71,222,224,-2,0.901,200
2026-04-21,2026-04-21,11,日勤,28,148,65,241,237,4,0.921,222
2026-04-21,2026-04-21,12,日勤,28,92,70,190,199,-9,0.921,175
2026-04-21,2026-04-21,13,日勤,30,114,74,218,224,-6,0.894,195
2026-04-21,2026-04-21,14,日勤,26,143,66,235,237,-2,0.962,226
2026-04-21,2026-04-21,15,日勤,28,135,70,233,217,16,0.97,226
2026-04-21,2026-04-21,16,日勤,30,109,62,201,197,4,0.955,192
2026-04-21,2026-04-21,17,日勤,22,91,51,164,172,-8,0.976,160
2026-04-21,2026-04-21,18,日勤,16,79,45,140,134,6,0.95,133
2026-04-21,2026-04-21,19,日勤,12,48,34,94,97,-3,0.926,87
2026-04-21,2026-04-21,20,夜勤,9,48,39,96,101,-5,0.958,92
2026-04-21,2026-04-21,21,夜勤,5,39,33,77,79,-2,0.922,71
2026-04-21,2026-04-21,22,夜勤,3,35,30,68,69,-1,0.941,64
2026-04-21,2026-04-21,23,夜勤,3,24,19,46,49,-3,0.935,43
2026-04-22,2026-04-21,0,夜勤,1,23,21,45,48,-3,0.933,42
2026-04-22,2026-04-21,1,夜勤,1,12,14,27,28,-1,0.963,26
2026-04-22,2026-04-21,2,夜勤,1,12,14,27,28,-1,0.926,25
2026-04-22,2026-04-21,3,夜勤,1,12,15,28,28,0,0.857,24
2026-04-22,2026-04-21,4,夜勤,1,13,15,29,28,1,0.931,27
2026-04-22,2026-04-21,5,夜勤,1,12,20,33,35,-2,0.909,30
2026-04-22,2026-04-21,6,夜勤,1,25,31,57,55,2,0.912,52
2026-04-22,2026-04-21,7,夜勤,2,35,35,72,74,-2,0.972,70
2026-04-22,2026-04-21,8,夜勤,2,50,40,92,94,-2,0.924,85
2026-04-22,2026-04-22,9,日勤,14,80,56,150,146,4,0.973,146
2026-04-22,2026-04-22,10,日勤,29,127,65,221,224,-3,0.968,214
2026-04-22,2026-04-22,11,日勤,26,128,69,223,237,-14,0.969,216
2026-04-22,2026-04-22,12,日勤,30,99,66,195,199,-4,0.923,180
2026-04-22,2026-04-22,13,日勤,31,134,73,238,224,14,0.958,228
2026-04-22,2026-04-22,14,日勤,31,132,76,239,237,2,0.979,234
2026-04-22,2026-04-22,15,日勤,30,122,65,217,217,0,0.945,205
2026-04-22,2026-04-22,16,日勤,27,110,62,199,197,2,0.93,185
2026-04-22,2026-04-22,17,日勤,22,102,52,176,172,4,0.909,160
2026-04-22,2026-04-22,18,日勤,16,73,39,128,134,-6,0.953,122
2026-04-22,2026-04-22,19,日勤,13,47,39,99,97,2,0.939,93
2026-04-22,2026-04-22,20,夜勤,9,50,39,98,101,-3,0.969,95
2026-04-22,2026-04-22,21,夜勤,5,40,36,81,79,2,0.963,78
2026-04-22,2026-04-22,22,夜勤,3,39,30,72,69,3,0.972,70
2026-04-22,2026-04-22,23,夜勤,3,23,21,47,49,-2,0.936,44
2026-04-23,2026-04-22,0,夜勤,1,23,22,46,48,-2,0.978,45
2026-04-23,2026-04-22,1,夜勤,1,11,13,25,28,-3,0.96,24
2026-04-23,2026-04-22,2,夜勤,2,12,15,29,28,1,0.931,27
2026-04-23,2026-04-22,3,夜勤,1,13,15,29,28,1,0.931,27
2026-04-23,2026-04-22,4,夜勤,2,13,13,28,28,0,0.929,26
2026-04-23,2026-04-22,5,夜勤,1,13,22,36,35,1,0.944,34
2026-04-23,2026-04-22,6,夜勤,1,23,29,53,55,-2,0.943,50
2026-04-23,2026-04-22,7,夜勤,1,41,33,75,74,1,0.907,68
2026-04-23,2026-04-22,8,夜勤,1,49,47,97,94,3,0.959,93
2026-04-23,2026-04-23,9,日勤,15,76,56,147,146,1,0.925,136
2026-04-23,2026-04-23,10,日勤,27,130,70,227,224,3,0.93,211
2026-04-23,2026-04-23,11,日勤,30,145,73,248,237,11,0.919,228
2026-04-23,2026-04-23,12,日勤,30,101,69,200,199,1,0.95,190
2026-04-23,2026-04-23,13,日勤,29,127,72,228,224,4,0.947,216
2026-04-23,2026-04-23,14,日勤,28,132,67,227,237,-10,0.952,216
2026-04-23,2026-04-23,15,日勤,28,122,60,210,217,-7,0.948,199
2026-04-23,2026-04-23,16,日勤,31,120,57,208,197,11,0.966,201
2026-04-23,2026-04-23,17,日勤,23,90,45,158,172,-14,0.975,154
2026-04-23,2026-04-23,18,日勤,18,69,46,133,134,-1,0.94,125
2026-04-23,2026-04-23,19,日勤,11,54,32,97,97,0,0.928,90
2026-04-23,2026-04-23,20,夜勤,9,50,43,102,101,1,0.951,97
2026-04-23,2026-04-23,21,夜勤,5,39,37,81,79,2,0.926,75
2026-04-23,2026-04-23,22,夜勤,3,39,30,72,69,3,0.875,63
2026-04-23,2026-04-23,23,夜勤,3,27,21,51,49,2,0.98,50
2026-04-24,2026-04-23,0,夜勤,1,27,22,50,48,2,0.94,47
2026-04-24,2026-04-23,1,夜勤,2,12,15,29,28,1,0.966,28
2026-04-24,2026-04-23,2,夜勤,1,12,14,27,28,-1,0.889,24
2026-04-24,2026-04-23,3,夜勤,1,12,13,26,28,-2,0.923,24
2026-04-24,2026-04-23,4,夜勤,1,13,13,27,28,-1,0.926,25
2026-04-24,2026-04-23,5,夜勤,2,12,19,33,35,-2,0.97,32
2026-04-24,2026-04-23,6,夜勤,1,25,30,56,55,1,0.964,54
2026-04-24,2026-04-23,7,夜勤,1,35,37,73,74,-1,0.918,67
2026-04-24,2026-04-23,8,夜勤,1,45,44,90,94,-4,0.911,82
2026-04-24,2026-04-24,9,日勤,13,70,53,136,146,-10,0.853,116
2026-04-24,2026-04-24,10,日勤,29,119,72,220,224,-4,0.959,211
2026-04-24,2026-04-24,11,日勤,28,144,72,244,237,7,0.975,238
2026-04-24,2026-04-24,12,日勤,26,99,71,196,199,-3,0.969,190
2026-04-24,2026-04-24,13,日勤,27,135,75,237,224,13,0.924,219
2026-04-24,2026-04-24,14,日勤,29,139,76,244,237,7,0.93,227
2026-04-24,2026-04-24,15,日勤,30,122,62,214,217,-3,0.944,202
2026-04-24,2026-04-24,16,日勤,29,118,56,203,197,6,0.946,192
2026-04-24,2026-04-24,17,日勤,23,99,51,173,172,1,0.931,161
2026-04-24,2026-04-24,18,日勤,18,69,40,127,134,-7,0.976,124
2026-04-24,2026-04-24,19,日勤,11,54,34,99,97,2,0.919,91
2026-04-24,2026-04-24,20,夜勤,9,52,44,105,101,4,0.905,95
2026-04-24,2026-04-24,21,夜勤,6,34,33,73,79,-6,0.904,66
2026-04-24,2026-04-24,22,夜勤,3,40,30,73,69,4,0.904,66
2026-04-24,2026-04-24,23,夜勤,3,25,23,51,49,2,0.941,48
2026-04-25,2026-04-24,0,夜勤,1,27,20,48,48,0,0.917,44
2026-04-25,2026-04-24,1,夜勤,2,13,15,30,28,2,0.933,28
2026-04-25,2026-04-24,2,夜勤,2,12,14,28,28,0,0.929,26
2026-04-25,2026-04-24,3,夜勤,1,12,15,28,28,0,0.964,27
2026-04-25,2026-04-24,4,夜勤,2,12,13,27,28,-1,0.963,26
2026-04-25,2026-04-24,5,夜勤,1,12,20,33,35,-2,0.939,31
2026-04-25,2026-04-24,6,夜勤,1,24,28,53,55,-2,0.943,50
2026-04-25,2026-04-24,7,夜勤,2,40,36,78,74,4,0.936,73
2026-04-25,2026-04-24,8,夜勤,2,54,39,95,94,1,0.905,86
2026-04-25,2026-04-25,9,日勤,15,67,55,137,146,-9,0.964,132
2026-04-25,2026-04-25,10,日勤,31,131,73,235,224,11,0.932,219
2026-04-25,2026-04-25,11,日勤,29,134,73,236,237,-1,0.928,219
2026-04-25,2026-04-25,12,日勤,26,105,69,200,199,1,0.95,190
2026-04-25,2026-04-25,13,日勤,32,136,69,237,224,13,0.949,225
2026-04-25,2026-04-25,14,日勤,28,148,75,251,237,14,0.944,237
2026-04-25,2026-04-25,15,日勤,30,124,67,221,217,4,0.9,199
2026-04-25,2026-04-25,16,日勤,28,120,55,203,197,6,0.926,188
2026-04-25,2026-04-25,17,日勤,25,97,49,171,172,-1,0.912,156
2026-04-25,2026-04-25,18,日勤,17,69,44,130,134,-4,0.862,112
2026-04-25,2026-04-25,19,日勤,11,52,37,100,97,3,0.97,97
2026-04-25,2026-04-25,20,夜勤,9,48,43,100,101,-1,0.66,66
2026-04-25,2026-04-25,21,夜勤,6,34,39,79,79,0,0.608,48
2026-04-25,2026-04-25,22,夜勤,3,35,29,67,69,-2,0.687,46
2026-04-25,2026-04-25,23,夜勤,3,25,21,49,49,0,0.694,34
2026-04-26,2026-04-25,0,夜勤,1,26,23,50,48,2,0.62,31
2026-04-26,2026-04-25,1,夜勤,1,12,14,27,28,-1,0.667,18
2026-04-26,2026-04-25,2,夜勤,2,11,13,26,28,-2,0.654,17
2026-04-26,2026-04-25,3,夜勤,1,13,14,28,28,0,0.607,17
2026-04-26,2026-04-25,4,夜勤,1,13,14,28,28,0,0.643,18
2026-04-26,2026-04-25,5,夜勤,1,13,20,34,35,-1,0.618,21
2026-04-26,2026-04-25,6,夜勤,2,26,28,56,55,1,0.679,38
2026-04-26,2026-04-25,7,夜勤,2,37,33,72,74,-2,0.639,46
2026-04-26,2026-04-25,8,夜勤,1,50,45,96,94,2,0.656,63
2026-04-26,2026-04-26,9,日勤,15,73,62,150,146,4,0.92,138
2026-04-26,2026-04-26,10,日勤,28,124,71,223,224,-1,0.946,211
2026-04-26,2026-04-26,11,日勤,29,125,69,223,237,-14,0.928,207
2026-04-26,2026-04-26,12,日勤,29,97,68,194,199,-5,0.918,178
2026-04-26,2026-04-26,13,日勤,29,117,68,214,224,-10,0.925,198
2026-04-26,2026-04-26,14,日勤,31,123,74,228,237,-9,0.939,214
2026-04-26,2026-04-26,15,日勤,30,129,63,222,217,5,0.919,204
2026-04-26,2026-04-26,16,日勤,28,117,53,198,197,1,0.944,187
2026-04-26,2026-04-26,17,日勤,24,97,54,175,172,3,0.949,166
2026-04-26,2026-04-26,18,日勤,19,79,46,144,134,10,0.938,135
2026-04-26,2026-04-26,19,日勤,11,46,38,95,97,-2,0.958,91
2026-04-26,2026-04-26,20,夜勤,8,47,39,94,101,-7,0.936,88
2026-04-26,2026-04-26,21,夜勤,5,37,35,77,79,-2,0.935,72
2026-04-26,2026-04-26,22,夜勤,3,34,26,63,69,-6,0.937,59
2026-04-26,2026-04-26,23,夜勤,3,24,23,50,49,1,0.96,48
2026-04-27,2026-04-26,0,夜勤,2,23,20,45,48,-3,0.911,41
2026-04-27,2026-04-26,1,夜勤,1,12,15,28,28,0,0.893,25
2026-04-27,2026-04-26,2,夜勤,2,12,15,29,28,1,0.931,27
2026-04-27,2026-04-26,3,夜勤,1,13,14,28,28,0,0.964,27
2026-04-27,2026-04-26,4,夜勤,2,13,13,28,28,0,0.929,26
2026-04-27,2026-04-26,5,夜勤,1,11,23,35,35,0,0.971,34
2026-04-27,2026-04-26,6,夜勤,2,26,29,57,55,2,0.912,52
2026-04-27,2026-04-26,7,夜勤,1,36,33,70,74,-4,0.929,65
2026-04-27,2026-04-26,8,夜勤,1,47,42,90,94,-4,0.922,83
2026-04-27,2026-04-27,9,日勤,14,73,56,143,146,-3,0.965,138
2026-04-27,2026-04-27,10,日勤,31,135,65,231,224,7,0.961,222
2026-04-27,2026-04-27,11,日勤,26,127,66,219,237,-18,0.941,206
2026-04-27,2026-04-27,12,日勤,29,104,68,201,199,2,0.97,195
2026-04-27,2026-04-27,13,日勤,29,129,70,228,224,4,0.868,198
2026-04-27,2026-04-27,14,日勤,31,141,70,242,237,5,0.934,226
2026-04-27,2026-04-27,15,日勤,28,122,59,209,217,-8,0.952,199
2026-04-27,2026-04-27,16,日勤,29,114,54,197,197,0,0.939,185
2026-04-27,2026-04-27,17,日勤,21,90,46,157,172,-15,0.975,153
2026-04-27,2026-04-27,18,日勤,18,77,41,136,134,2,0.941,128
2026-04-27,2026-04-27,19,日勤,11,45,38,94,97,-3,0.968,91
2026-04-27,2026-04-27,20,夜勤,9,53,45,107,101,6,0.944,101
2026-04-27,2026-04-27,21,夜勤,6,38,38,82,79,3,0.939,77
2026-04-27,2026-04-27,22,夜勤,3,35,31,69,69,0,0.957,66
2026-04-27,2026-04-27,23,夜勤,3,26,21,50,49,1,0.94,47
2026-04-28,2026-04-27,0,夜勤,1,23,23,47,48,-1,0.979,46
2026-04-28,2026-04-27,1,夜勤,1,13,14,28,28,0,0.964,27
2026-04-28,2026-04-27,2,夜勤,1,14,16,31,28,3,0.871,27
2026-04-28,2026-04-27,3,夜勤,1,14,14,29,28,1,0.931,27
2026-04-28,2026-04-27,4,夜勤,1,12,15,28,28,0,0.964,27
2026-04-28,2026-04-27,5,夜勤,2,13,22,37,35,2,0.973,36
2026-04-28,2026-04-27,6,夜勤,2,26,30,58,55,3,0.948,55
2026-04-28,2026-04-27,7,夜勤,1,35,39,75,74,1,0.933,70
2026-04-28,2026-04-27,8,夜勤,1,49,45,95,94,1,0.979,93
2026-04-28,2026-04-28,9,日勤,15,80,52,147,146,1,0.912,134
2026-04-28,2026-04-28,10,日勤,26,133,70,229,224,5,0.974,223
2026-04-28,2026-04-28,11,日勤,27,144,77,248,237,11,0.944,234
2026-04-28,2026-04-28,12,日勤,27,106,76,209,199,10,0.938,196
2026-04-28,2026-04-28,13,日勤,31,133,68,232,224,8,0.922,214
2026-04-28,2026-04-28,14,日勤,26,127,75,228,237,-9,0.934,213
2026-04-28,2026-04-28,15,日勤,28,122,65,215,217,-2,0.93,200
2026-04-28,2026-04-28,16,日勤,27,107,60,194,197,-3,0.948,184
2026-04-28,2026-04-28,17,日勤,21,96,47,164,172,-8,0.97,159
2026-04-28,2026-04-28,18,日勤,18,74,41,133,134,-1,0.94,125
2026-04-28,2026-04-28,19,日勤,12,50,34,96,97,-1,0.854,82
2026-04-28,2026-04-28,20,夜勤,9,53,46,108,101,7,0.963,104
2026-04-28,2026-04-28,21,夜勤,6,41,33,80,79,1,0.925,74
2026-04-28,2026-04-28,22,夜勤,3,40,27,70,69,1,0.957,67
2026-04-28,2026-04-28,23,夜勤,3,24,23,50,49,1,0.92,46
2026-04-29,2026-04-28,0,夜勤,1,26,22,49,48,1,0.918,45
2026-04-29,2026-04-28,1,夜勤,1,13,14,28,28,0,0.964,27
2026-04-29,2026-04-28,2,夜勤,2,12,15,29,28,1,0.966,28
2026-04-29,2026-04-28,3,夜勤,2,13,13,28,28,0,0.929,26
2026-04-29,2026-04-28,4,夜勤,2,12,13,27,28,-1,0.926,25
2026-04-29,2026-04-28,5,夜勤,2,11,21,34,35,-1,0.853,29
2026-04-29,2026-04-28,6,夜勤,1,26,30,57,55,2,0.965,55
2026-04-29,2026-04-28,7,夜勤,1,36,37,74,74,0,0.919,68
2026-04-29,2026-04-28,8,夜勤,1,49,47,97,94,3,0.959,93
2026-04-29,2026-04-29,9,日勤,14,69,57,140,146,-6,0.907,127
2026-04-29,2026-04-29,10,日勤,31,130,67,228,224,4,0.939,214
2026-04-29,2026-04-29,11,日勤,30,149,65,244,237,7,0.955,233
2026-04-29,2026-04-29,12,日勤,27,94,69,190,199,-9,0.926,176
2026-04-29,2026-04-29,13,日勤,28,127,73,228,224,4,0.93,212
2026-04-29,2026-04-29,14,日勤,30,130,66,226,237,-11,0.942,213
2026-04-29,2026-04-29,15,日勤,31,116,59,206,217,-11,0.966,199
2026-04-29,2026-04-29,16,日勤,29,106,54,189,197,-8,0.921,174
2026-04-29,2026-04-29,17,日勤,22,98,46,166,172,-6,0.922,153
2026-04-29,2026-04-29,18,日勤,18,78,45,141,134,7,0.972,137
2026-04-29,2026-04-29,19,日勤,11,46,33,90,97,-7,0.933,84
2026-04-29,2026-04-29,20,夜勤,9,52,47,108,101,7,0.88,95
2026-04-29,2026-04-29,21,夜勤,6,40,34,80,79,1,0.9,72
2026-04-29,2026-04-29,22,夜勤,3,37,30,70,69,1,0.914,64
2026-04-29,2026-04-29,23,夜勤,3,26,20,49,49,0,0.939,46
2026-04-30,2026-04-29,0,夜勤,1,25,20,46,48,-2,0.978,45
2026-04-30,2026-04-29,1,夜勤,1,13,13,27,28,-1,0.889,24
2026-04-30,2026-04-29,2,夜勤,1,12,14,27,28,-1,0.926,25
2026-04-30,2026-04-29,3,夜勤,1,13,14,28,28,0,0.964,27
2026-04-30,2026-04-29,4,夜勤,1,13,13,27,28,-1,0.926,25
2026-04-30,2026-04-29,5,夜勤,1,13,20,34,35,-1,0.912,31
2026-04-30,2026-04-29,6,夜勤,1,23,30,54,55,-1,0.944,51
2026-04-30,2026-04-29,7,夜勤,1,36,36,73,74,-1,0.945,69
2026-04-30,2026-04-29,8,夜勤,1,47,45,93,94,-1,0.935,87
2026-04-30,2026-04-30,9,日勤,15,68,53,136,146,-10,0.978,133
2026-04-30,2026-04-30,10,日勤,28,135,74,237,224,13,0.941,223
2026-04-30,2026-04-30,11,日勤,29,137,75,241,237,4,0.925,223
2026-04-30,2026-04-30,12,日勤,26,108,71,205,199,6,0.927,190
2026-04-30,2026-04-30,13,日勤,27,132,68,227,224,3,0.912,207
2026-04-30,2026-04-30,14,日勤,29,143,73,245,237,8,0.918,225
2026-04-30,2026-04-30,15,日勤,28,122,60,210,217,-7,0.962,202
2026-04-30,2026-04-30,16,日勤,31,106,56,193,197,-4,0.917,177
2026-04-30,2026-04-30,17,日勤,24,103,51,178,172,6,0.927,165
2026-04-30,2026-04-30,18,日勤,17,78,44,139,134,5,0.899,125
2026-04-30,2026-04-30,19,日勤,13,50,34,97,97,0,0.948,92
2026-04-30,2026-04-30,20,夜勤,9,46,42,97,101,-4,0.918,89
2026-04-30,2026-04-30,21,夜勤,6,36,38,80,79,1,0.975,78
2026-04-30,2026-04-30,22,夜勤,3,37,28,68,69,-1,0.897,61
2026-04-30,2026-04-30,23,夜勤,3,25,19,47,49,-2,0.936,44
2026-05-01,2026-04-30,0,夜勤,1,23,20,44,48,-4,0.909,40
2026-05-01,2026-04-30,1,夜勤,1,12,14,27,28,-1,0.926,25
2026-05-01,2026-04-30,2,夜勤,1,13,15,29,28,1,0.931,27
2026-05-01,2026-04-30,3,夜勤,1,12,15,28,28,0,0.929,26
2026-05-01,2026-04-30,4,夜勤,1,12,14,27,28,-1,0.889,24
2026-05-01,2026-04-30,5,夜勤,2,11,19,32,35,-3,0.969,31
2026-05-01,2026-04-30,6,夜勤,1,24,27,52,55,-3,0.923,48
2026-05-01,2026-04-30,7,夜勤,1,41,32,74,74,0,0.905,67
2026-05-01,2026-04-30,8,夜勤,2,51,44,97,94,3,0.918,89
2026-05-01,2026-05-01,9,日勤,14,68,55,137,146,-9,0.964,132
2026-05-01,2026-05-01,10,日勤,29,114,76,219,224,-5,0.968,212
2026-05-01,2026-05-01,11,日勤,26,130,76,232,237,-5,0.901,209
2026-05-01,2026-05-01,12,日勤,29,96,70,195,199,-4,0.903,176
2026-05-01,2026-05-01,13,日勤,31,128,70,229,224,5,0.969,222
2026-05-01,2026-05-01,14,日勤,29,136,69,234,237,-3,0.949,222
2026-05-01,2026-05-01,15,日勤,30,128,61,219,217,2,0.95,208
2026-05-01,2026-05-01,16,日勤,30,107,52,189,197,-8,0.974,184
2026-05-01,2026-05-01,17,日勤,24,96,50,170,172,-2,0.906,154
2026-05-01,2026-05-01,18,日勤,19,80,46,145,134,11,0.924,134
2026-05-01,2026-05-01,19,日勤,11,51,37,99,97,2,0.98,97
2026-05-01,2026-05-01,20,夜勤,9,52,41,102,101,1,0.98,100
2026-05-01,2026-05-01,21,夜勤,6,38,34,78,79,-1,0.949,74
2026-05-01,2026-05-01,22,夜勤,3,37,28,68,69,-1,0.956,65
2026-05-01,2026-05-01,23,夜勤,3,25,21,49,49,0,0.959,47
2026-05-02,2026-05-01,0,夜勤,1,25,21,47,48,-1,0.957,45
2026-05-02,2026-05-01,1,夜勤,1,13,14,28,28,0,0.929,26
2026-05-02,2026-05-01,2,夜勤,2,12,13,27,28,-1,0.963,26
2026-05-02,2026-05-01,3,夜勤,1,12,14,27,28,-1,0.926,25
2026-05-02,2026-05-01,4,夜勤,1,14,14,29,28,1,0.931,27
2026-05-02,2026-05-01,5,夜勤,1,12,21,34,35,-1,0.941,32
2026-05-02,2026-05-01,6,夜勤,2,27,27,56,55,1,0.964,54
2026-05-02,2026-05-01,7,夜勤,1,38,37,76,74,2,0.908,69
2026-05-02,2026-05-01,8,夜勤,2,53,40,95,94,1,0.863,82
2026-05-02,2026-05-02,9,日勤,16,70,62,148,146,2,0.959,142
2026-05-02,2026-05-02,10,日勤,32,135,78,245,224,21,0.976,239
2026-05-02,2026-05-02,11,日勤,26,124,77,227,237,-10,0.978,222
2026-05-02,2026-05-02,12,日勤,29,94,75,198,199,-1,0.909,180
2026-05-02,2026-05-02,13,日勤,29,128,66,223,224,-1,0.973,217
2026-05-02,2026-05-02,14,日勤,29,141,78,248,237,11,0.907,225
2026-05-02,2026-05-02,15,日勤,29,124,59,212,217,-5,0.962,204
2026-05-02,2026-05-02,16,日勤,28,107,61,196,197,-1,0.908,178
2026-05-02,2026-05-02,17,日勤,25,100,47,172,172,0,0.913,157
2026-05-02,2026-05-02,18,日勤,17,78,43,138,134,4,0.913,126
2026-05-02,2026-05-02,19,日勤,11,53,38,102,97,5,0.961,98
2026-05-02,2026-05-02,20,夜勤,9,49,40,98,101,-3,0.969,95
2026-05-02,2026-05-02,21,夜勤,5,39,38,82,79,3,0.976,80
2026-05-02,2026-05-02,22,夜勤,3,40,27,70,69,1,0.929,65
2026-05-02,2026-05-02,23,夜勤,3,23,21,47,49,-2,0.915,43
2026-05-03,2026-05-02,0,夜勤,2,23,20,45,48,-3,0.933,42
2026-05-03,2026-05-02,1,夜勤,1,13,14,28,28,0,0.929,26
2026-05-03,2026-05-02,2,夜勤,1,13,15,29,28,1,0.966,28
2026-05-03,2026-05-02,3,夜勤,1,12,16,29,28,1,0.966,28
2026-05-03,2026-05-02,4,夜勤,2,12,13,27,28,-1,0.963,26
2026-05-03,2026-05-02,5,夜勤,1,13,21,35,35,0,0.943,33
2026-05-03,2026-05-02,6,夜勤,1,24,26,51,55,-4,0.902,46
2026-05-03,2026-05-02,7,夜勤,2,36,34,72,74,-2,0.861,62
2026-05-03,2026-05-02,8,夜勤,1,55,47,103,94,9,0.922,95
2026-05-03,2026-05-03,9,日勤,15,68,55,138,146,-8,0.92,127
2026-05-03,2026-05-03,10,日勤,29,122,77,228,224,4,0.921,210
2026-05-03,2026-05-03,11,日勤,28,124,68,220,237,-17,0.936,206
2026-05-03,2026-05-03,12,日勤,31,106,65,202,199,3,0.911,184
2026-05-03,2026-05-03,13,日勤,30,134,77,241,224,17,0.975,235
2026-05-03,2026-05-03,14,日勤,30,139,76,245,237,8,0.971,238
2026-05-03,2026-05-03,15,日勤,29,126,66,221,217,4,0.95,210
2026-05-03,2026-05-03,16,日勤,26,118,57,201,197,4,0.9,181
2026-05-03,2026-05-03,17,日勤,23,103,54,180,172,8,0.972,175
2026-05-03,2026-05-03,18,日勤,17,71,43,131,134,-3,0.916,120
2026-05-03,2026-05-03,19,日勤,11,46,38,95,97,-2,0.958,91
2026-05-03,2026-05-03,20,夜勤,8,48,41,97,101,-4,0.918,89
2026-05-03,2026-05-03,21,夜勤,6,39,39,84,79,5,0.952,80
2026-05-03,2026-05-03,22,夜勤,3,36,31,70,69,1,0.943,66
2026-05-03,2026-05-03,23,夜勤,3,26,20,49,49,0,0.939,46
2026-05-04,2026-05-03,0,夜勤,1,23,22,46,48,-2,0.935,43
2026-05-04,2026-05-03,1,夜勤,2,13,16,31,28,3,0.903,28
2026-05-04,2026-05-03,2,夜勤,1,14,16,31,28,3,0.968,30
2026-05-04,2026-05-03,3,夜勤,2,13,14,29,28,1,0.966,28
2026-05-04,2026-05-03,4,夜勤,1,13,16,30,28,2,0.9,27
2026-05-04,2026-05-03,5,夜勤,1,13,20,34,35,-1,0.912,31
2026-05-04,2026-05-03,6,夜勤,2,26,29,57,55,2,0.93,53
2026-05-04,2026-05-03,7,夜勤,1,36,38,75,74,1,0.933,70
2026-05-04,2026-05-03,8,夜勤,1,49,45,95,94,1,0.905,86
2026-05-04,2026-05-04,9,日勤,15,80,57,152,146,6,0.941,143
2026-05-04,2026-05-04,10,日勤,30,128,73,231,224,7,0.913,211
2026-05-04,2026-05-04,11,日勤,28,142,65,235,237,-2,0.966,227
2026-05-04,2026-05-04,12,日勤,30,96,77,203,199,4,0.931,189
2026-05-04,2026-05-04,13,日勤,29,114,66,209,224,-15,0.919,192
2026-05-04,2026-05-04,14,日勤,29,132,74,235,237,-2,0.945,222
2026-05-04,2026-05-04,15,日勤,27,123,63,213,217,-4,0.911,194
2026-05-04,2026-05-04,16,日勤,30,113,59,202,197,5,0.946,191
2026-05-04,2026-05-04,17,日勤,22,103,54,179,172,7,0.922,165
2026-05-04,2026-05-04,18,日勤,17,72,44,133,134,-1,0.925,123
2026-05-04,2026-05-04,19,日勤,11,47,33,91,97,-6,0.978,89
2026-05-04,2026-05-04,20,夜勤,9,51,40,100,101,-1,0.95,95
2026-05-04,2026-05-04,21,夜勤,6,40,35,81,79,2,0.926,75
2026-05-04,2026-05-04,22,夜勤,3,37,29,69,69,0,0.913,63
2026-05-04,2026-05-04,23,夜勤,3,24,19,46,49,-3,0.913,42
2026-05-05,2026-05-04,0,夜勤,1,23,20,44,48,-4,0.909,40
2026-05-05,2026-05-04,1,夜勤,2,12,14,28,28,0,0.929,26
2026-05-05,2026-05-04,2,夜勤,1,12,15,28,28,0,0.964,27
2026-05-05,2026-05-04,3,夜勤,2,12,14,28,28,0,0.929,26
2026-05-05,2026-05-04,4,夜勤,2,12,14,28,28,0,0.929,26
2026-05-05,2026-05-04,5,夜勤,1,12,19,32,35,-3,0.938,30
2026-05-05,2026-05-04,6,夜勤,1,27,31,59,55,4,0.932,55
2026-05-05,2026-05-04,7,夜勤,1,35,38,74,74,0,0.905,67
2026-05-05,2026-05-04,8,夜勤,1,55,47,103,94,9,0.971,100
2026-05-05,2026-05-05,9,日勤,15,69,53,137,146,-9,0.956,131
2026-05-05,2026-05-05,10,日勤,28,121,76,225,224,1,0.951,214
2026-05-05,2026-05-05,11,日勤,31,140,67,238,237,1,0.92,219
2026-05-05,2026-05-05,12,日勤,26,104,77,207,199,8,0.961,199
2026-05-05,2026-05-05,13,日勤,29,112,71,212,224,-12,0.939,199
2026-05-05,2026-05-05,14,日勤,28,127,66,221,237,-16,0.932,206
2026-05-05,2026-05-05,15,日勤,26,126,63,215,217,-2,0.916,197
2026-05-05,2026-05-05,16,日勤,31,117,63,211,197,14,0.919,194
2026-05-05,2026-05-05,17,日勤,24,106,51,181,172,9,0.95,172
2026-05-05,2026-05-05,18,日勤,16,77,39,132,134,-2,0.97,128
2026-05-05,2026-05-05,19,日勤,12,51,36,99,97,2,0.939,93
2026-05-05,2026-05-05,20,夜勤,8,51,39,98,101,-3,0.939,92
2026-05-05,2026-05-05,21,夜勤,6,37,36,79,79,0,0.975,77
2026-05-05,2026-05-05,22,夜勤,3,38,27,68,69,-1,0.971,66
2026-05-05,2026-05-05,23,夜勤,3,26,21,50,49,1,0.92,46
2026-05-06,2026-05-05,0,夜勤,2,26,22,50,48,2,0.92,46
2026-05-06,2026-05-05,1,夜勤,1,12,13,26,28,-2,0.923,24
2026-05-06,2026-05-05,2,夜勤,1,12,14,27,28,-1,0.926,25
2026-05-06,2026-05-05,3,夜勤,1,13,14,28,28,0,0.964,27
2026-05-06,2026-05-05,4,夜勤,1,12,14,27,28,-1,0.963,26
2026-05-06,2026-05-05,5,夜勤,1,13,23,37,35,2,0.946,35
2026-05-06,2026-05-05,6,夜勤,1,22,29,52,55,-3,0.904,47
2026-05-06,2026-05-05,7,夜勤,1,38,35,74,74,0,0.892,66
2026-05-06,2026-05-05,8,夜勤,1,54,39,94,94,0,0.915,86
2026-05-06,2026-05-06,9,日勤,14,68,61,143,146,-3,0.937,134
2026-05-06,2026-05-06,10,日勤,31,135,72,238,224,14,0.937,223
2026-05-06,2026-05-06,11,日勤,27,144,66,237,237,0,0.916,217
2026-05-06,2026-05-06,12,日勤,28,97,77,202,199,3,0.95,192
2026-05-06,2026-05-06,13,日勤,30,118,71,219,224,-5,0.945,207
2026-05-06,2026-05-06,14,日勤,31,123,71,225,237,-12,0.964,217
2026-05-06,2026-05-06,15,日勤,29,118,58,205,217,-12,0.902,185
2026-05-06,2026-05-06,16,日勤,26,116,61,203,197,6,0.966,196
2026-05-06,2026-05-06,17,日勤,24,106,54,184,172,12,0.924,170
2026-05-06,2026-05-06,18,日勤,16,73,40,129,134,-5,0.93,120
2026-05-06,2026-05-06,19,日勤,11,51,36,98,97,1,0.949,93
2026-05-06,2026-05-06,20,夜勤,9,46,44,99,101,-2,0.96,95
2026-05-06,2026-05-06,21,夜勤,5,41,32,78,79,-1,0.936,73
2026-05-06,2026-05-06,22,夜勤,3,40,31,74,69,5,0.946,70
2026-05-06,2026-05-06,23,夜勤,3,24,20,47,49,-2,0.957,45
2026-05-07,2026-05-06,0,夜勤,2,25,21,48,48,0,0.958,46
2026-05-07,2026-05-06,1,夜勤,1,12,14,27,28,-1,0.926,25
2026-05-07,2026-05-06,2,夜勤,2,12,15,29,28,1,0.897,26
2026-05-07,2026-05-06,3,夜勤,2,13,16,31,28,3,0.903,28
2026-05-07,2026-05-06,4,夜勤,1,13,15,29,28,1,0.931,27
2026-05-07,2026-05-06,5,夜勤,1,13,23,37,35,2,0.973,36
2026-05-07,2026-05-06,6,夜勤,1,27,26,54,55,-1,0.926,50
2026-05-07,2026-05-06,7,夜勤,1,34,36,71,74,-3,0.93,66
2026-05-07,2026-05-06,8,夜勤,2,51,42,95,94,1,0.968,92
2026-05-07,2026-05-07,9,日勤,15,73,53,141,146,-5,0.908,128
2026-05-07,2026-05-07,10,日勤,27,114,77,218,224,-6,0.913,199
2026-05-07,2026-05-07,11,日勤,28,131,78,237,237,0,0.916,217
2026-05-07,2026-05-07,12,日勤,30,94,76,200,199,1,0.97,194
2026-05-07,2026-05-07,13,日勤,30,133,78,241,224,17,0.975,235
2026-05-07,2026-05-07,14,日勤,26,124,72,222,237,-15,0.923,205
2026-05-07,2026-05-07,15,日勤,27,113,68,208,217,-9,0.909,189
2026-05-07,2026-05-07,16,日勤,26,111,61,198,197,1,0.939,186
2026-05-07,2026-05-07,17,日勤,21,100,53,174,172,2,0.971,169
2026-05-07,2026-05-07,18,日勤,18,78,43,139,134,5,0.95,132
2026-05-07,2026-05-07,19,日勤,12,50,34,96,97,-1,0.938,90
2026-05-07,2026-05-07,20,夜勤,9,48,40,97,101,-4,0.959,93
2026-05-07,2026-05-07,21,夜勤,5,38,34,77,79,-2,0.909,70
2026-05-07,2026-05-07,22,夜勤,3,34,29,66,69,-3,0.924,61
2026-05-07,2026-05-07,23,夜勤,3,25,22,50,49,1,0.94,47
2026-05-08,2026-05-07,0,夜勤,2,24,23,49,48,1,0.898,44
2026-05-08,2026-05-07,1,夜勤,1,12,15,28,28,0,0.964,27
2026-05-08,2026-05-07,2,夜勤,1,13,15,29,28,1,0.897,26
2026-05-08,2026-05-07,3,夜勤,2,13,15,30,28,2,0.967,29
2026-05-08,2026-05-07,4,夜勤,1,13,14,28,28,0,0.893,25
2026-05-08,2026-05-07,5,夜勤,1,13,20,34,35,-1,0.912,31
2026-05-08,2026-05-07,6,夜勤,1,27,28,56,55,1,0.911,51
2026-05-08,2026-05-07,7,夜勤,1,41,36,78,74,4,0.923,72
2026-05-08,2026-05-07,8,夜勤,1,45,43,89,94,-5,0.921,82
2026-05-08,2026-05-08,9,日勤,15,68,58,141,146,-5,0.858,121
2026-05-08,2026-05-08,10,日勤,31,116,71,218,224,-6,0.931,203
2026-05-08,2026-05-08,11,日勤,28,141,76,245,237,8,0.943,231
2026-05-08,2026-05-08,12,日勤,29,94,78,201,199,2,0.965,194
2026-05-08,2026-05-08,13,日勤,29,119,67,215,224,-9,0.981,211
2026-05-08,2026-05-08,14,日勤,31,149,67,247,237,10,0.951,235
2026-05-08,2026-05-08,15,日勤,32,135,59,226,217,9,0.92,208
2026-05-08,2026-05-08,16,日勤,27,113,60,200,197,3,0.91,182
2026-05-08,2026-05-08,17,日勤,24,95,49,168,172,-4,0.917,154
2026-05-08,2026-05-08,18,日勤,19,81,43,143,134,9,0.909,130
2026-05-08,2026-05-08,19,日勤,11,45,33,89,97,-8,0.921,82
2026-05-08,2026-05-08,20,夜勤,9,50,42,101,101,0,0.921,93
2026-05-08,2026-05-08,21,夜勤,5,36,33,74,79,-5,0.919,68
2026-05-08,2026-05-08,22,夜勤,3,38,31,72,69,3,0.917,66
2026-05-08,2026-05-08,23,夜勤,3,26,21,50,49,1,0.96,48
2026-05-09,2026-05-08,0,夜勤,1,25,22,48,48,0,0.917,44
2026-05-09,2026-05-08,1,夜勤,1,14,13,28,28,0,0.964,27
2026-05-09,2026-05-08,2,夜勤,1,13,13,27,28,-1,0.926,25
2026-05-09,2026-05-08,3,夜勤,1,12,13,26,28,-2,0.923,24
2026-05-09,2026-05-08,4,夜勤,1,13,14,28,28,0,0.964,27
2026-05-09,2026-05-08,5,夜勤,2,13,22,37,35,2,0.946,35
2026-05-09,2026-05-08,6,夜勤,1,26,26,53,55,-2,0.962,51
2026-05-09,2026-05-08,7,夜勤,1,36,34,71,74,-3,0.93,66
2026-05-09,2026-05-08,8,夜勤,1,54,40,95,94,1,0.905,86
2026-05-09,2026-05-09,9,日勤,15,75,60,150,146,4,0.9,135
2026-05-09,2026-05-09,10,日勤,26,132,69,227,224,3,0.974,221
2026-05-09,2026-05-09,11,日勤,30,139,72,241,237,4,0.959,231
2026-05-09,2026-05-09,12,日勤,26,106,73,205,199,6,0.966,198
2026-05-09,2026-05-09,13,日勤,31,134,72,237,224,13,0.962,228
2026-05-09,2026-05-09,14,日勤,29,144,77,250,237,13,0.94,235
2026-05-09,2026-05-09,15,日勤,31,115,71,217,217,0,0.912,198
2026-05-09,2026-05-09,16,日勤,29,115,54,198,197,1,0.96,190
2026-05-09,2026-05-09,17,日勤,23,97,45,165,172,-7,0.97,160
2026-05-09,2026-05-09,18,日勤,16,73,41,130,134,-4,0.931,121
2026-05-09,2026-05-09,19,日勤,12,48,37,97,97,0,0.907,88
2026-05-09,2026-05-09,20,夜勤,9,50,42,101,101,0,0.911,92
2026-05-09,2026-05-09,21,夜勤,5,39,34,78,79,-1,0.962,75
2026-05-09,2026-05-09,22,夜勤,3,39,27,69,69,0,0.957,66
2026-05-09,2026-05-09,23,夜勤,3,24,22,49,49,0,0.918,45
2026-05-10,2026-05-09,0,夜勤,2,27,21,50,48,2,0.94,47
2026-05-10,2026-05-09,1,夜勤,1,13,15,29,28,1,0.966,28
2026-05-10,2026-05-09,2,夜勤,1,13,14,28,28,0,0.893,25
2026-05-10,2026-05-09,3,夜勤,1,11,15,27,28,-1,0.926,25
2026-05-10,2026-05-09,4,夜勤,2,12,15,29,28,1,0.966,28
2026-05-10,2026-05-09,5,夜勤,1,12,22,35,35,0,0.971,34
2026-05-10,2026-05-09,6,夜勤,1,25,30,56,55,1,0.946,53
2026-05-10,2026-05-09,7,夜勤,2,41,33,76,74,2,0.947,72
2026-05-10,2026-05-09,8,夜勤,1,49,42,92,94,-2,0.957,88
2026-05-10,2026-05-10,9,日勤,14,73,54,141,146,-5,0.943,133
2026-05-10,2026-05-10,10,日勤,31,133,65,229,224,5,0.926,212
2026-05-10,2026-05-10,11,日勤,31,130,74,235,237,-2,0.953,224
2026-05-10,2026-05-10,12,日勤,31,109,71,211,199,12,0.953,201
2026-05-10,2026-05-10,13,日勤,30,136,73,239,224,15,0.958,229
2026-05-10,2026-05-10,14,日勤,28,129,75,232,237,-5,0.961,223
2026-05-10,2026-05-10,15,日勤,31,128,62,221,217,4,0.932,206
2026-05-10,2026-05-10,16,日勤,27,119,62,208,197,11,0.909,189
2026-05-10,2026-05-10,17,日勤,22,104,52,178,172,6,0.955,170
2026-05-10,2026-05-10,18,日勤,17,73,41,131,134,-3,0.924,121
2026-05-10,2026-05-10,19,日勤,11,52,33,96,97,-1,0.927,89
2026-05-10,2026-05-10,20,夜勤,9,48,44,101,101,0,0.97,98
2026-05-10,2026-05-10,21,夜勤,6,35,32,73,79,-6,0.959,70
2026-05-10,2026-05-10,22,夜勤,3,37,27,67,69,-2,0.955,64
2026-05-10,2026-05-10,23,夜勤,3,26,23,52,49,3,0.942,49
2026-05-11,2026-05-10,0,夜勤,1,26,23,50,48,2,0.94,47
2026-05-11,2026-05-10,1,夜勤,1,12,13,26,28,-2,0.962,25
2026-05-11,2026-05-10,2,夜勤,1,13,14,28,28,0,0.929,26
2026-05-11,2026-05-10,3,夜勤,1,12,14,27,28,-1,0.963,26
2026-05-11,2026-05-10,4,夜勤,2,12,15,29,28,1,0.931,27
2026-05-11,2026-05-10,5,夜勤,1,14,22,37,35,2,0.919,34
2026-05-11,2026-05-10,6,夜勤,1,25,28,54,55,-1,0.907,49
2026-05-11,2026-05-10,7,夜勤,1,35,38,74,74,0,0.959,71
2026-05-11,2026-05-10,8,夜勤,1,45,44,90,94,-4,0.933,84
2026-05-11,2026-05-11,9,日勤,13,75,53,141,146,-5,0.915,129
2026-05-11,2026-05-11,10,日勤,32,126,77,235,224,11,0.953,224
2026-05-11,2026-05-11,11,日勤,29,133,66,228,237,-9,0.855,195
2026-05-11,2026-05-11,12,日勤,27,103,77,207,199,8,0.957,198
2026-05-11,2026-05-11,13,日勤,26,131,66,223,224,-1,0.978,218
2026-05-11,2026-05-11,14,日勤,31,146,78,255,237,18,0.941,240
2026-05-11,2026-05-11,15,日勤,28,120,70,218,217,1,0.917,200
2026-05-11,2026-05-11,16,日勤,30,103,52,185,197,-12,0.973,180
2026-05-11,2026-05-11,17,日勤,25,91,54,170,172,-2,0.976,166
2026-05-11,2026-05-11,18,日勤,18,68,43,129,134,-5,0.93,120
2026-05-11,2026-05-11,19,日勤,12,49,36,97,97,0,0.948,92
2026-05-11,2026-05-11,20,夜勤,9,52,40,101,101,0,0.95,96
2026-05-11,2026-05-11,21,夜勤,6,37,34,77,79,-2,0.922,71
2026-05-11,2026-05-11,22,夜勤,3,37,27,67,69,-2,0.97,65
2026-05-11,2026-05-11,23,夜勤,3,25,21,49,49,0,0.98,48
2026-05-12,2026-05-11,0,夜勤,2,25,22,49,48,1,0.898,44
2026-05-12,2026-05-11,1,夜勤,1,13,13,27,28,-1,0.963,26
2026-05-12,2026-05-11,2,夜勤,2,12,15,29,28,1,0.931,27
2026-05-12,2026-05-11,3,夜勤,1,12,15,28,28,0,0.929,26
2026-05-12,2026-05-11,4,夜勤,1,12,14,27,28,-1,0.963,26
2026-05-12,2026-05-11,5,夜勤,1,14,22,37,35,2,0.946,35
2026-05-12,2026-05-11,6,夜勤,1,26,30,57,55,2,0.912,52
2026-05-12,2026-05-11,7,夜勤,1,40,35,76,74,2,0.947,72
2026-05-12,2026-05-11,8,夜勤,2,49,40,91,94,-3,0.967,88
2026-05-12,2026-05-12,9,日勤,16,70,59,145,146,-1,0.869,126
2026-05-12,2026-05-12,10,日勤,27,122,66,215,224,-9,0.912,196
2026-05-12,2026-05-12,11,日勤,27,147,65,239,237,2,0.95,227
2026-05-12,2026-05-12,12,日勤,31,106,68,205,199,6,0.902,185
2026-05-12,2026-05-12,13,日勤,29,121,64,214,224,-10,0.963,206
2026-05-12,2026-05-12,14,日勤,30,147,75,252,237,15,0.857,216
2026-05-12,2026-05-12,15,日勤,27,126,60,213,217,-4,0.901,192
2026-05-12,2026-05-12,16,日勤,31,105,60,196,197,-1,0.974,191
2026-05-12,2026-05-12,17,日勤,24,91,46,161,172,-11,0.919,148
2026-05-12,2026-05-12,18,日勤,17,67,47,131,134,-3,0.908,119
2026-05-12,2026-05-12,19,日勤,10,48,34,92,97,-5,0.924,85
2026-05-12,2026-05-12,20,夜勤,8,45,46,99,101,-2,0.949,94
2026-05-12,2026-05-12,21,夜勤,6,39,32,77,79,-2,0.974,75
2026-05-12,2026-05-12,22,夜勤,3,36,28,67,69,-2,0.94,63
2026-05-12,2026-05-12,23,夜勤,3,26,21,50,49,1,0.98,49
2026-05-13,2026-05-12,0,夜勤,1,24,21,46,48,-2,0.891,41
2026-05-13,2026-05-12,1,夜勤,1,11,15,27,28,-1,0.963,26
2026-05-13,2026-05-12,2,夜勤,2,12,15,29,28,1,0.897,26
2026-05-13,2026-05-12,3,夜勤,1,12,13,26,28,-2,0.846,22
2026-05-13,2026-05-12,4,夜勤,1,12,14,27,28,-1,0.926,25
2026-05-13,2026-05-12,5,夜勤,1,14,21,36,35,1,0.917,33
2026-05-13,2026-05-12,6,夜勤,1,26,27,54,55,-1,0.963,52
2026-05-13,2026-05-12,7,夜勤,2,36,35,73,74,-1,0.918,67
2026-05-13,2026-05-12,8,夜勤,1,49,46,96,94,2,0.917,88
2026-05-13,2026-05-13,9,日勤,15,78,63,156,146,10,0.955,149
2026-05-13,2026-05-13,10,日勤,29,117,66,212,224,-12,0.972,206
2026-05-13,2026-05-13,11,日勤,26,137,73,236,237,-1,0.915,216
2026-05-13,2026-05-13,12,日勤,27,108,66,201,199,2,0.975,196
2026-05-13,2026-05-13,13,日勤,30,113,67,210,224,-14,0.933,196
2026-05-13,2026-05-13,14,日勤,28,126,70,224,237,-13,0.951,213
2026-05-13,2026-05-13,15,日勤,27,134,63,224,217,7,0.915,205
2026-05-13,2026-05-13,16,日勤,27,102,61,190,197,-7,0.968,184
2026-05-13,2026-05-13,17,日勤,24,96,48,168,172,-4,0.929,156
2026-05-13,2026-05-13,18,日勤,18,71,41,130,134,-4,0.9,117
2026-05-13,2026-05-13,19,日勤,12,51,34,97,97,0,0.969,94
2026-05-13,2026-05-13,20,夜勤,8,47,40,95,101,-6,0.958,91
2026-05-13,2026-05-13,21,夜勤,6,40,36,82,79,3,0.915,75
2026-05-13,2026-05-13,22,夜勤,3,40,29,72,69,3,0.944,68
2026-05-13,2026-05-13,23,夜勤,3,22,23,48,49,-1,0.938,45
2026-05-14,2026-05-13,0,夜勤,1,22,22,45,48,-3,0.978,44
2026-05-14,2026-05-13,1,夜勤,1,12,14,27,28,-1,0.889,24
2026-05-14,2026-05-13,2,夜勤,2,12,15,29,28,1,0.966,28
2026-05-14,2026-05-13,3,夜勤,1,12,16,29,28,1,0.897,26
2026-05-14,2026-05-13,4,夜勤,1,13,14,28,28,0,0.964,27
2026-05-14,2026-05-13,5,夜勤,1,12,23,36,35,1,0.972,35
2026-05-14,2026-05-13,6,夜勤,1,26,29,56,55,1,0.982,55
2026-05-14,2026-05-13,7,夜勤,2,39,36,77,74,3,0.974,75
2026-05-14,2026-05-13,8,夜勤,1,54,44,99,94,5,0.929,92
2026-05-14,2026-05-14,9,日勤,14,71,61,146,146,0,0.911,133
2026-05-14,2026-05-14,10,日勤,26,136,79,241,224,17,0.929,224
2026-05-14,2026-05-14,11,日勤,27,147,74,248,237,11,0.968,240
2026-05-14,2026-05-14,12,日勤,29,108,76,213,199,14,0.93,198
2026-05-14,2026-05-14,13,日勤,29,117,67,213,224,-11,0.981,209
2026-05-14,2026-05-14,14,日勤,27,145,67,239,237,2,0.954,228
2026-05-14,2026-05-14,15,日勤,29,118,61,208,217,-9,0.971,202
2026-05-14,2026-05-14,16,日勤,30,108,62,200,197,3,0.97,194
2026-05-14,2026-05-14,17,日勤,23,100,55,178,172,6,0.927,165
2026-05-14,2026-05-14,18,日勤,18,69,44,131,134,-3,0.931,122
2026-05-14,2026-05-14,19,日勤,12,45,39,96,97,-1,0.969,93
2026-05-14,2026-05-14,20,夜勤,9,46,45,100,101,-1,0.97,97
2026-05-14,2026-05-14,21,夜勤,6,39,36,81,79,2,0.926,75
2026-05-14,2026-05-14,22,夜勤,3,37,30,70,69,1,0.971,68
2026-05-14,2026-05-14,23,夜勤,3,25,22,50,49,1,0.96,48
2026-05-15,2026-05-14,0,夜勤,2,26,23,51,48,3,0.98,50
2026-05-15,2026-05-14,1,夜勤,1,11,15,27,28,-1,0.963,26
2026-05-15,2026-05-14,2,夜勤,1,14,13,28,28,0,0.857,24
2026-05-15,2026-05-14,3,夜勤,1,12,13,26,28,-2,0.923,24
2026-05-15,2026-05-14,4,夜勤,1,13,15,29,28,1,0.966,28
2026-05-15,2026-05-14,5,夜勤,2,13,23,38,35,3,0.921,35
2026-05-15,2026-05-14,6,夜勤,2,24,31,57,55,2,0.965,55
2026-05-15,2026-05-14,7,夜勤,1,37,39,77,74,3,0.922,71
2026-05-15,2026-05-14,8,夜勤,1,54,45,100,94,6,0.89,89
2026-05-15,2026-05-15,9,日勤,16,77,59,152,146,6,0.934,142
2026-05-15,2026-05-15,10,日勤,29,116,67,212,224,-12,0.901,191
2026-05-15,2026-05-15,11,日勤,28,144,75,247,237,10,0.923,228
2026-05-15,2026-05-15,12,日勤,27,95,77,199,199,0,0.96,191
2026-05-15,2026-05-15,13,日勤,29,120,75,224,224,0,0.973,218
2026-05-15,2026-05-15,14,日勤,31,143,66,240,237,3,0.946,227
2026-05-15,2026-05-15,15,日勤,28,134,61,223,217,6,0.919,205
2026-05-15,2026-05-15,16,日勤,30,112,56,198,197,1,0.914,181
2026-05-15,2026-05-15,17,日勤,25,96,48,169,172,-3,0.976,165
2026-05-15,2026-05-15,18,日勤,16,82,43,141,134,7,0.936,132
2026-05-15,2026-05-15,19,日勤,11,45,33,89,97,-8,0.944,84
2026-05-15,2026-05-15,20,夜勤,9,54,39,102,101,1,0.922,94
2026-05-15,2026-05-15,21,夜勤,6,36,39,81,79,2,0.926,75
2026-05-15,2026-05-15,22,夜勤,3,37,29,69,69,0,0.957,66
2026-05-15,2026-05-15,23,夜勤,3,26,23,52,49,3,0.981,51
2026-05-16,2026-05-15,0,夜勤,1,26,20,47,48,-1,0.936,44
2026-05-16,2026-05-15,1,夜勤,1,12,14,27,28,-1,0.926,25
2026-05-16,2026-05-15,2,夜勤,1,11,14,26,28,-2,0.923,24
2026-05-16,2026-05-15,3,夜勤,1,12,15,28,28,0,0.893,25
2026-05-16,2026-05-15,4,夜勤,1,13,15,29,28,1,0.931,27
2026-05-16,2026-05-15,5,夜勤,1,12,21,34,35,-1,0.941,32
2026-05-16,2026-05-15,6,夜勤,2,25,27,54,55,-1,0.981,53
2026-05-16,2026-05-15,7,夜勤,1,35,38,74,74,0,0.946,70
2026-05-16,2026-05-15,8,夜勤,2,50,43,95,94,1,0.905,86
2026-05-16,2026-05-16,9,日勤,16,72,55,143,146,-3,0.937,134
2026-05-16,2026-05-16,10,日勤,29,126,78,233,224,9,0.948,221
2026-05-16,2026-05-16,11,日勤,30,139,75,244,237,7,0.93,227
2026-05-16,2026-05-16,12,日勤,30,98,78,206,199,7,0.927,191
2026-05-16,2026-05-16,13,日勤,31,121,78,230,224,6,0.883,203
2026-05-16,2026-05-16,14,日勤,27,141,70,238,237,1,0.924,220
2026-05-16,2026-05-16,15,日勤,29,131,64,224,217,7,0.911,204
2026-05-16,2026-05-16,16,日勤,27,102,57,186,197,-11,0.941,175
2026-05-16,2026-05-16,17,日勤,22,98,55,175,172,3,0.914,160
2026-05-16,2026-05-16,18,日勤,19,73,46,138,134,4,0.899,124
2026-05-16,2026-05-16,19,日勤,12,51,38,101,97,4,0.941,95
2026-05-16,2026-05-16,20,夜勤,8,49,40,97,101,-4,0.959,93
2026-05-16,2026-05-16,21,夜勤,6,37,38,81,79,2,0.926,75
2026-05-16,2026-05-16,22,夜勤,3,35,29,67,69,-2,0.851,57
2026-05-16,2026-05-16,23,夜勤,3,27,23,53,49,4,0.943,50
2026-05-17,2026-05-16,0,夜勤,2,23,23,48,48,0,0.979,47
2026-05-17,2026-05-16,1,夜勤,2,12,13,27,28,-1,0.926,25
2026-05-17,2026-05-16,2,夜勤,2,13,14,29,28,1,0.897,26
2026-05-17,2026-05-16,3,夜勤,1,14,15,30,28,2,0.967,29
2026-05-17,2026-05-16,4,夜勤,1,13,13,27,28,-1,0.926,25
2026-05-17,2026-05-16,5,夜勤,1,12,21,34,35,-1,0.941,32
2026-05-17,2026-05-16,6,夜勤,1,24,29,54,55,-1,0.907,49
2026-05-17,2026-05-16,7,夜勤,1,34,35,70,74,-4,0.971,68
2026-05-17,2026-05-16,8,夜勤,1,53,42,96,94,2,0.948,91
2026-05-17,2026-05-17,9,日勤,15,67,58,140,146,-6,0.914,128
2026-05-17,2026-05-17,10,日勤,29,120,70,219,224,-5,0.973,213
2026-05-17,2026-05-17,11,日勤,31,130,73,234,237,-3,0.97,227
2026-05-17,2026-05-17,12,日勤,31,92,72,195,199,-4,0.944,184
2026-05-17,2026-05-17,13,日勤,29,120,70,219,224,-5,0.95,208
2026-05-17,2026-05-17,14,日勤,29,148,66,243,237,6,0.942,229
2026-05-17,2026-05-17,15,日勤,26,127,63,216,217,-1,0.912,197
2026-05-17,2026-05-17,16,日勤,26,111,62,199,197,2,0.95,189
2026-05-17,2026-05-17,17,日勤,23,92,54,169,172,-3,0.929,157
2026-05-17,2026-05-17,18,日勤,18,67,42,127,134,-7,0.898,114
2026-05-17,2026-05-17,19,日勤,11,47,35,93,97,-4,0.946,88
2026-05-17,2026-05-17,20,夜勤,9,52,46,107,101,6,0.607,65
2026-05-17,2026-05-17,21,夜勤,6,41,38,85,79,6,0.659,56
2026-05-17,2026-05-17,22,夜勤,3,35,26,64,69,-5,0.656,42
2026-05-17,2026-05-17,23,夜勤,3,25,20,48,49,-1,0.667,32
2026-05-18,2026-05-17,0,夜勤,1,26,20,47,48,-1,0.681,32
2026-05-18,2026-05-17,1,夜勤,1,12,15,28,28,0,0.643,18
2026-05-18,2026-05-17,2,夜勤,1,12,15,28,28,0,0.679,19
2026-05-18,2026-05-17,3,夜勤,1,12,16,29,28,1,0.621,18
2026-05-18,2026-05-17,4,夜勤,1,13,15,29,28,1,0.621,18
2026-05-18,2026-05-17,5,夜勤,1,13,22,36,35,1,0.611,22
2026-05-18,2026-05-17,6,夜勤,2,24,27,53,55,-2,0.66,35
2026-05-18,2026-05-17,7,夜勤,2,38,39,79,74,5,0.633,50
2026-05-18,2026-05-17,8,夜勤,1,49,43,93,94,-1,0.613,57
2026-05-18,2026-05-18,9,日勤,13,69,52,134,146,-12,0.978,131
2026-05-18,2026-05-18,10,日勤,27,115,75,217,224,-7,0.959,208
2026-05-18,2026-05-18,11,日勤,28,132,78,238,237,1,0.916,218
2026-05-18,2026-05-18,12,日勤,29,99,78,206,199,7,0.971,200
2026-05-18,2026-05-18,13,日勤,28,130,67,225,224,1,0.929,209
2026-05-18,2026-05-18,14,日勤,31,136,65,232,237,-5,0.957,222
2026-05-18,2026-05-18,15,日勤,27,118,61,206,217,-11,0.927,191
2026-05-18,2026-05-18,16,日勤,26,114,55,195,197,-2,0.949,185
2026-05-18,2026-05-18,17,日勤,25,101,49,175,172,3,0.954,167
2026-05-18,2026-05-18,18,日勤,16,71,44,131,134,-3,0.924,121
2026-05-18,2026-05-18,19,日勤,11,52,38,101,97,4,0.96,97
2026-05-18,2026-05-18,20,夜勤,9,46,42,97,101,-4,0.959,93
2026-05-18,2026-05-18,21,夜勤,6,36,34,76,79,-3,0.934,71
2026-05-18,2026-05-18,22,夜勤,3,34,31,68,69,-1,0.897,61
2026-05-18,2026-05-18,23,夜勤,3,26,20,49,49,0,0.918,45
2026-05-19,2026-05-18,0,夜勤,1,26,22,49,48,1,0.959,47
2026-05-19,2026-05-18,1,夜勤,1,13,13,27,28,-1,0.963,26
2026-05-19,2026-05-18,2,夜勤,1,11,15,27,28,-1,0.926,25
2026-05-19,2026-05-18,3,夜勤,1,13,14,28,28,0,0.929,26
2026-05-19,2026-05-18,4,夜勤,2,11,14,27,28,-1,0.926,25
2026-05-19,2026-05-18,5,夜勤,1,11,21,33,35,-2,0.909,30
2026-05-19,2026-05-18,6,夜勤,2,25,31,58,55,3,0.948,55
2026-05-19,2026-05-18,7,夜勤,1,38,34,73,74,-1,0.849,62
2026-05-19,2026-05-18,8,夜勤,2,46,46,94,94,0,0.915,86
2026-05-19,2026-05-19,9,日勤,16,74,55,145,146,-1,0.89,129
2026-05-19,2026-05-19,10,日勤,30,123,72,225,224,1,0.911,205
2026-05-19,2026-05-19,11,日勤,27,137,71,235,237,-2,0.872,205
2026-05-19,2026-05-19,12,日勤,29,95,72,196,199,-3,0.949,186
2026-05-19,2026-05-19,13,日勤,30,128,71,229,224,5,0.943,216
2026-05-19,2026-05-19,14,日勤,26,125,71,222,237,-15,0.914,203
2026-05-19,2026-05-19,15,日勤,31,125,62,218,217,1,0.977,213
2026-05-19,2026-05-19,16,日勤,29,110,59,198,197,1,0.884,175
2026-05-19,2026-05-19,17,日勤,21,90,48,159,172,-13,0.918,146
2026-05-19,2026-05-19,18,日勤,18,73,46,137,134,3,0.92,126
2026-05-19,2026-05-19,19,日勤,12,49,36,97,97,0,0.948,92
2026-05-19,2026-05-19,20,夜勤,8,46,41,95,101,-6,0.926,88
2026-05-19,2026-05-19,21,夜勤,6,36,34,76,79,-3,0.934,71
2026-05-19,2026-05-19,22,夜勤,3,41,31,75,69,6,0.96,72
2026-05-19,2026-05-19,23,夜勤,3,25,21,49,49,0,0.918,45
2026-05-20,2026-05-19,0,夜勤,2,23,21,46,48,-2,0.978,45
2026-05-20,2026-05-19,1,夜勤,2,12,15,29,28,1,0.931,27
2026-05-20,2026-05-19,2,夜勤,1,13,14,28,28,0,0.893,25
2026-05-20,2026-05-19,3,夜勤,2,13,16,31,28,3,0.968,30
2026-05-20,2026-05-19,4,夜勤,1,13,14,28,28,0,0.893,25
2026-05-20,2026-05-19,5,夜勤,1,13,21,35,35,0,0.914,32
2026-05-20,2026-05-19,6,夜勤,1,22,31,54,55,-1,0.926,50
2026-05-20,2026-05-19,7,夜勤,2,34,32,68,74,-6,0.897,61
2026-05-20,2026-05-19,8,夜勤,1,47,46,94,94,0,0.926,87
2026-05-20,2026-05-20,9,日勤,15,81,60,156,146,10,0.955,149
2026-05-20,2026-05-20,10,日勤,30,130,77,237,224,13,0.916,217
2026-05-20,2026-05-20,11,日勤,31,144,69,244,237,7,0.951,232
2026-05-20,2026-05-20,12,日勤,27,101,70,198,199,-1,0.909,180
2026-05-20,2026-05-20,13,日勤,31,115,77,223,224,-1,0.937,209
2026-05-20,2026-05-20,14,日勤,29,144,65,238,237,1,0.924,220
2026-05-20,2026-05-20,15,日勤,30,115,64,209,217,-8,0.909,190
2026-05-20,2026-05-20,16,日勤,28,116,58,202,197,5,0.955,193
2026-05-20,2026-05-20,17,日勤,25,105,49,179,172,7,0.916,164
2026-05-20,2026-05-20,18,日勤,17,79,40,136,134,2,0.949,129
2026-05-20,2026-05-20,19,日勤,11,45,36,92,97,-5,0.913,84
2026-05-20,2026-05-20,20,夜勤,9,54,44,107,101,6,0.953,102
2026-05-20,2026-05-20,21,夜勤,6,35,39,80,79,1,0.938,75
2026-05-20,2026-05-20,22,夜勤,3,35,28,66,69,-3,0.924,61
2026-05-20,2026-05-20,23,夜勤,3,25,23,51,49,2,0.98,50
2026-05-21,2026-05-20,0,夜勤,2,25,22,49,48,1,0.898,44
2026-05-21,2026-05-20,1,夜勤,1,13,13,27,28,-1,0.926,25
2026-05-21,2026-05-20,2,夜勤,2,12,15,29,28,1,0.931,27
2026-05-21,2026-05-20,3,夜勤,2,13,14,29,28,1,0.966,28
2026-05-21,2026-05-20,4,夜勤,1,13,13,27,28,-1,0.926,25
2026-05-21,2026-05-20,5,夜勤,1,12,21,34,35,-1,0.912,31
2026-05-21,2026-05-20,6,夜勤,1,24,29,54,55,-1,0.944,51
2026-05-21,2026-05-20,7,夜勤,1,41,36,78,74,4,0.936,73
2026-05-21,2026-05-20,8,夜勤,2,49,44,95,94,1,0.968,92
2026-05-21,2026-05-21,9,日勤,13,74,52,139,146,-7,0.942,131
2026-05-21,2026-05-21,10,日勤,26,124,65,215,224,-9,0.977,210
2026-05-21,2026-05-21,11,日勤,30,139,69,238,237,1,0.945,225
2026-05-21,2026-05-21,12,日勤,30,94,73,197,199,-2,0.939,185
2026-05-21,2026-05-21,13,日勤,27,135,73,235,224,11,0.911,214
2026-05-21,2026-05-21,14,日勤,27,127,70,224,237,-13,0.902,202
2026-05-21,2026-05-21,15,日勤,28,127,64,219,217,2,0.9,197
2026-05-21,2026-05-21,16,日勤,30,109,55,194,197,-3,0.923,179
2026-05-21,2026-05-21,17,日勤,21,103,50,174,172,2,0.868,151
2026-05-21,2026-05-21,18,日勤,16,76,43,135,134,1,0.926,125
2026-05-21,2026-05-21,19,日勤,12,47,37,96,97,-1,0.906,87
2026-05-21,2026-05-21,20,夜勤,9,45,43,97,101,-4,0.897,87
2026-05-21,2026-05-21,21,夜勤,5,37,37,79,79,0,0.911,72
2026-05-21,2026-05-21,22,夜勤,3,35,28,66,69,-3,0.894,59
2026-05-21,2026-05-21,23,夜勤,3,26,20,49,49,0,0.98,48
2026-05-22,2026-05-21,0,夜勤,1,27,22,50,48,2,0.98,49
2026-05-22,2026-05-21,1,夜勤,1,13,16,30,28,2,0.967,29
2026-05-22,2026-05-21,2,夜勤,1,13,15,29,28,1,0.966,28
2026-05-22,2026-05-21,3,夜勤,1,12,15,28,28,0,0.964,27
2026-05-22,2026-05-21,4,夜勤,2,13,13,28,28,0,0.929,26
2026-05-22,2026-05-21,5,夜勤,2,12,20,34,35,-1,0.882,30
2026-05-22,2026-05-21,6,夜勤,1,24,30,55,55,0,0.909,50
2026-05-22,2026-05-21,7,夜勤,1,40,39,80,74,6,0.963,77
2026-05-22,2026-05-21,8,夜勤,1,51,42,94,94,0,0.979,92
2026-05-22,2026-05-22,9,日勤,15,82,58,155,146,9,0.903,140
2026-05-22,2026-05-22,10,日勤,27,125,69,221,224,-3,0.914,202
2026-05-22,2026-05-22,11,日勤,31,148,76,255,237,18,0.922,235
2026-05-22,2026-05-22,12,日勤,30,96,77,203,199,4,0.852,173
2026-05-22,2026-05-22,13,日勤,31,116,71,218,224,-6,0.977,213
2026-05-22,2026-05-22,14,日勤,29,136,68,233,237,-4,0.979,228
2026-05-22,2026-05-22,15,日勤,27,120,62,209,217,-8,0.957,200
2026-05-22,2026-05-22,16,日勤,29,116,56,201,197,4,0.955,192
2026-05-22,2026-05-22,17,日勤,22,97,50,169,172,-3,0.964,163
2026-05-22,2026-05-22,18,日勤,19,82,41,142,134,8,0.923,131
2026-05-22,2026-05-22,19,日勤,12,50,34,96,97,-1,0.938,90
2026-05-22,2026-05-22,20,夜勤,9,54,45,108,101,7,0.907,98
2026-05-22,2026-05-22,21,夜勤,6,37,34,77,79,-2,0.974,75
2026-05-22,2026-05-22,22,夜勤,3,34,31,68,69,-1,0.956,65
2026-05-22,2026-05-22,23,夜勤,3,23,22,48,49,-1,0.979,47
2026-05-23,2026-05-22,0,夜勤,2,22,23,47,48,-1,0.936,44
2026-05-23,2026-05-22,1,夜勤,2,14,16,32,28,4,0.906,29
2026-05-23,2026-05-22,2,夜勤,1,13,13,27,28,-1,0.852,23
2026-05-23,2026-05-22,3,夜勤,2,11,15,28,28,0,0.929,26
2026-05-23,2026-05-22,4,夜勤,1,12,13,26,28,-2,0.923,24
2026-05-23,2026-05-22,5,夜勤,1,13,20,34,35,-1,0.941,32
2026-05-23,2026-05-22,6,夜勤,1,23,26,50,55,-5,0.96,48
2026-05-23,2026-05-22,7,夜勤,2,36,38,76,74,2,0.947,72
2026-05-23,2026-05-22,8,夜勤,1,49,40,90,94,-4,0.922,83
2026-05-23,2026-05-23,9,日勤,16,70,53,139,146,-7,0.906,126
2026-05-23,2026-05-23,10,日勤,30,127,68,225,224,1,0.911,205
2026-05-23,2026-05-23,11,日勤,27,145,77,249,237,12,0.948,236
2026-05-23,2026-05-23,12,日勤,30,96,73,199,199,0,0.95,189
2026-05-23,2026-05-23,13,日勤,28,125,76,229,224,5,0.926,212
2026-05-23,2026-05-23,14,日勤,27,139,76,242,237,5,0.955,231
2026-05-23,2026-05-23,15,日勤,30,134,59,223,217,6,0.928,207
2026-05-23,2026-05-23,16,日勤,27,103,61,191,197,-6,0.911,174
2026-05-23,2026-05-23,17,日勤,21,96,53,170,172,-2,0.941,160
2026-05-23,2026-05-23,18,日勤,17,75,44,136,134,2,0.978,133
2026-05-23,2026-05-23,19,日勤,11,45,33,89,97,-8,0.955,85
2026-05-23,2026-05-23,20,夜勤,9,50,42,101,101,0,0.901,91
2026-05-23,2026-05-23,21,夜勤,6,35,38,79,79,0,0.924,73
2026-05-23,2026-05-23,22,夜勤,3,40,30,73,69,4,0.945,69
2026-05-23,2026-05-23,23,夜勤,3,25,23,51,49,2,0.922,47
2026-05-24,2026-05-23,0,夜勤,2,23,22,47,48,-1,0.915,43
2026-05-24,2026-05-23,1,夜勤,2,12,14,28,28,0,0.929,26
2026-05-24,2026-05-23,2,夜勤,2,13,13,28,28,0,0.893,25
2026-05-24,2026-05-23,3,夜勤,2,13,13,28,28,0,0.964,27
2026-05-24,2026-05-23,4,夜勤,1,11,15,27,28,-1,0.963,26
2026-05-24,2026-05-23,5,夜勤,1,11,23,35,35,0,0.943,33
2026-05-24,2026-05-23,6,夜勤,1,23,30,54,55,-1,0.944,51
2026-05-24,2026-05-23,7,夜勤,1,36,36,73,74,-1,0.918,67
2026-05-24,2026-05-23,8,夜勤,1,46,46,93,94,-1,0.86,80
2026-05-24,2026-05-24,9,日勤,16,68,57,141,146,-5,0.972,137
2026-05-24,2026-05-24,10,日勤,31,133,69,233,224,9,0.914,213
2026-05-24,2026-05-24,11,日勤,27,149,71,247,237,10,0.943,233
2026-05-24,2026-05-24,12,日勤,28,90,77,195,199,-4,0.882,172
2026-05-24,2026-05-24,13,日勤,30,132,74,236,224,12,0.903,213
2026-05-24,2026-05-24,14,日勤,29,130,67,226,237,-11,0.854,193
2026-05-24,2026-05-24,15,日勤,27,131,63,221,217,4,0.946,209
2026-05-24,2026-05-24,16,日勤,28,110,57,195,197,-2,0.913,178
2026-05-24,2026-05-24,17,日勤,23,104,53,180,172,8,0.944,170
2026-05-24,2026-05-24,18,日勤,18,79,41,138,134,4,0.92,127
2026-05-24,2026-05-24,19,日勤,11,49,35,95,97,-2,0.863,82
2026-05-24,2026-05-24,20,夜勤,8,46,45,99,101,-2,0.98,97
2026-05-24,2026-05-24,21,夜勤,6,39,37,82,79,3,0.927,76
2026-05-24,2026-05-24,22,夜勤,3,39,26,68,69,-1,0.897,61
2026-05-24,2026-05-24,23,夜勤,3,23,20,46,49,-3,0.935,43
2026-05-25,2026-05-24,0,夜勤,1,26,22,49,48,1,0.939,46
2026-05-25,2026-05-24,1,夜勤,1,13,15,29,28,1,0.897,26
2026-05-25,2026-05-24,2,夜勤,1,11,16,28,28,0,0.857,24
2026-05-25,2026-05-24,3,夜勤,2,12,15,29,28,1,0.966,28
2026-05-25,2026-05-24,4,夜勤,1,13,14,28,28,0,0.929,26
2026-05-25,2026-05-24,5,夜勤,1,13,22,36,35,1,0.972,35
2026-05-25,2026-05-24,6,夜勤,2,24,27,53,55,-2,0.943,50
2026-05-25,2026-05-24,7,夜勤,1,36,39,76,74,2,0.934,71
2026-05-25,2026-05-24,8,夜勤,1,48,46,95,94,1,0.905,86
2026-05-25,2026-05-25,9,日勤,15,78,63,156,146,10,0.904,141
2026-05-25,2026-05-25,10,日勤,27,136,68,231,224,7,0.935,216
2026-05-25,2026-05-25,11,日勤,32,132,65,229,237,-8,0.939,215
2026-05-25,2026-05-25,12,日勤,26,97,76,199,199,0,0.905,180
2026-05-25,2026-05-25,13,日勤,31,135,69,235,224,11,0.919,216
2026-05-25,2026-05-25,14,日勤,31,147,70,248,237,11,0.911,226
2026-05-25,2026-05-25,15,日勤,27,129,65,221,217,4,0.928,205
2026-05-25,2026-05-25,16,日勤,30,120,54,204,197,7,0.936,191
2026-05-25,2026-05-25,17,日勤,24,97,46,167,172,-5,0.922,154
2026-05-25,2026-05-25,18,日勤,16,78,44,138,134,4,0.92,127
2026-05-25,2026-05-25,19,日勤,11,53,33,97,97,0,0.918,89
2026-05-25,2026-05-25,20,夜勤,9,49,42,100,101,-1,0.96,96
2026-05-25,2026-05-25,21,夜勤,5,39,37,81,79,2,0.975,79
2026-05-25,2026-05-25,22,夜勤,3,36,31,70,69,1,0.943,66
2026-05-25,2026-05-25,23,夜勤,3,26,20,49,49,0,0.939,46
2026-05-26,2026-05-25,0,夜勤,1,26,20,47,48,-1,0.936,44
2026-05-26,2026-05-25,1,夜勤,2,13,15,30,28,2,0.967,29
2026-05-26,2026-05-25,2,夜勤,2,13,16,31,28,3,0.935,29
2026-05-26,2026-05-25,3,夜勤,2,11,14,27,28,-1,0.926,25
2026-05-26,2026-05-25,4,夜勤,2,11,15,28,28,0,0.929,26
2026-05-26,2026-05-25,5,夜勤,1,12,22,35,35,0,0.914,32
2026-05-26,2026-05-25,6,夜勤,1,24,28,53,55,-2,0.925,49
2026-05-26,2026-05-25,7,夜勤,2,40,35,77,74,3,0.948,73
2026-05-26,2026-05-25,8,夜勤,2,51,47,100,94,6,0.93,93
2026-05-26,2026-05-26,9,日勤,14,68,54,136,146,-10,0.971,132
2026-05-26,2026-05-26,10,日勤,26,128,66,220,224,-4,0.868,191
2026-05-26,2026-05-26,11,日勤,30,137,72,239,237,2,0.958,229
2026-05-26,2026-05-26,12,日勤,31,105,78,214,199,15,0.93,199
2026-05-26,2026-05-26,13,日勤,29,112,78,219,224,-5,0.977,214
2026-05-26,2026-05-26,14,日勤,28,136,76,240,237,3,0.858,206
2026-05-26,2026-05-26,15,日勤,29,124,59,212,217,-5,0.967,205
2026-05-26,2026-05-26,16,日勤,27,105,58,190,197,-7,0.921,175
2026-05-26,2026-05-26,17,日勤,25,106,45,176,172,4,0.903,159
2026-05-26,2026-05-26,18,日勤,17,74,45,136,134,2,0.912,124
2026-05-26,2026-05-26,19,日勤,11,46,35,92,97,-5,0.967,89
2026-05-26,2026-05-26,20,夜勤,8,54,42,104,101,3,0.942,98
2026-05-26,2026-05-26,21,夜勤,6,39,34,79,79,0,0.911,72
2026-05-26,2026-05-26,22,夜勤,3,34,26,63,69,-6,0.984,62
2026-05-26,2026-05-26,23,夜勤,3,23,23,49,49,0,0.918,45
2026-05-27,2026-05-26,0,夜勤,1,24,21,46,48,-2,0.935,43
2026-05-27,2026-05-26,1,夜勤,1,13,14,28,28,0,0.964,27
2026-05-27,2026-05-26,2,夜勤,2,12,13,27,28,-1,0.926,25
2026-05-27,2026-05-26,3,夜勤,2,13,14,29,28,1,0.897,26
2026-05-27,2026-05-26,4,夜勤,2,12,14,28,28,0,0.929,26
2026-05-27,2026-05-26,5,夜勤,1,12,20,33,35,-2,0.97,32
2026-05-27,2026-05-26,6,夜勤,2,24,27,53,55,-2,0.925,49
2026-05-27,2026-05-26,7,夜勤,1,38,36,75,74,1,0.947,71
2026-05-27,2026-05-26,8,夜勤,1,52,43,96,94,2,0.979,94
2026-05-27,2026-05-27,9,日勤,15,73,52,140,146,-6,0.914,128
2026-05-27,2026-05-27,10,日勤,30,133,78,241,224,17,0.959,231
2026-05-27,2026-05-27,11,日勤,31,150,76,257,237,20,0.957,246
2026-05-27,2026-05-27,12,日勤,28,101,78,207,199,8,0.976,202
2026-05-27,2026-05-27,13,日勤,31,119,78,228,224,4,0.978,223
2026-05-27,2026-05-27,14,日勤,27,127,67,221,237,-16,0.937,207
2026-05-27,2026-05-27,15,日勤,27,117,70,214,217,-3,0.967,207
2026-05-27,2026-05-27,16,日勤,28,106,53,187,197,-10,0.941,176
2026-05-27,2026-05-27,17,日勤,22,92,53,167,172,-5,0.922,154
2026-05-27,2026-05-27,18,日勤,18,78,43,139,134,5,0.935,130
2026-05-27,2026-05-27,19,日勤,11,47,35,93,97,-4,0.925,86
2026-05-27,2026-05-27,20,夜勤,9,54,44,107,101,6,0.963,103
2026-05-27,2026-05-27,21,夜勤,6,38,36,80,79,1,0.938,75
2026-05-27,2026-05-27,22,夜勤,3,36,28,67,69,-2,0.925,62
2026-05-27,2026-05-27,23,夜勤,3,25,20,48,49,-1,0.958,46
2026-05-28,2026-05-27,0,夜勤,1,24,21,46,48,-2,0.957,44
2026-05-28,2026-05-27,1,夜勤,1,11,14,26,28,-2,0.962,25
2026-05-28,2026-05-27,2,夜勤,2,11,16,29,28,1,0.966,28
2026-05-28,2026-05-27,3,夜勤,2,13,15,30,28,2,0.967,29
2026-05-28,2026-05-27,4,夜勤,1,11,15,27,28,-1,0.963,26
2026-05-28,2026-05-27,5,夜勤,1,13,23,37,35,2,0.946,35
2026-05-28,2026-05-27,6,夜勤,1,24,30,55,55,0,0.964,53
2026-05-28,2026-05-27,7,夜勤,2,36,32,70,74,-4,0.914,64
2026-05-28,2026-05-27,8,夜勤,1,50,47,98,94,4,0.918,90
2026-05-28,2026-05-28,9,日勤,16,72,62,150,146,4,0.927,139
2026-05-28,2026-05-28,10,日勤,30,125,67,222,224,-2,0.905,201
2026-05-28,2026-05-28,11,日勤,30,141,69,240,237,3,0.975,234
2026-05-28,2026-05-28,12,日勤,31,90,68,189,199,-10,0.931,176
2026-05-28,2026-05-28,13,日勤,26,125,69,220,224,-4,0.909,200
2026-05-28,2026-05-28,14,日勤,29,132,77,238,237,1,0.975,232
2026-05-28,2026-05-28,15,日勤,26,117,61,204,217,-13,0.946,193
2026-05-28,2026-05-28,16,日勤,28,120,56,204,197,7,0.946,193
2026-05-28,2026-05-28,17,日勤,25,102,46,173,172,1,0.977,169
2026-05-28,2026-05-28,18,日勤,18,74,42,134,134,0,0.925,124
2026-05-28,2026-05-28,19,日勤,12,48,38,98,97,1,0.939,92
2026-05-28,2026-05-28,20,夜勤,8,46,45,99,101,-2,0.929,92
2026-05-28,2026-05-28,21,夜勤,5,39,37,81,79,2,0.914,74
2026-05-28,2026-05-28,22,夜勤,3,37,27,67,69,-2,0.91,61
2026-05-28,2026-05-28,23,夜勤,3,27,20,50,49,1,0.94,47
2026-05-29,2026-05-28,0,夜勤,1,24,21,46,48,-2,0.913,42
2026-05-29,2026-05-28,1,夜勤,1,12,13,26,28,-2,0.923,24
2026-05-29,2026-05-28,2,夜勤,1,13,13,27,28,-1,0.889,24
2026-05-29,2026-05-28,3,夜勤,1,13,15,29,28,1,0.931,27
2026-05-29,2026-05-28,4,夜勤,1,12,14,27,28,-1,0.963,26
2026-05-29,2026-05-28,5,夜勤,1,13,21,35,35,0,0.914,32
2026-05-29,2026-05-28,6,夜勤,2,27,28,57,55,2,0.965,55
2026-05-29,2026-05-28,7,夜勤,1,40,38,79,74,5,0.975,77
2026-05-29,2026-05-28,8,夜勤,1,46,45,92,94,-2,0.924,85
2026-05-29,2026-05-29,9,日勤,13,73,61,147,146,1,0.952,140
2026-05-29,2026-05-29,10,日勤,29,135,64,228,224,4,0.868,198
2026-05-29,2026-05-29,11,日勤,29,127,74,230,237,-7,0.9,207
2026-05-29,2026-05-29,12,日勤,29,95,72,196,199,-3,0.964,189
2026-05-29,2026-05-29,13,日勤,27,114,77,218,224,-6,0.954,208
2026-05-29,2026-05-29,14,日勤,30,125,66,221,237,-16,0.914,202
2026-05-29,2026-05-29,15,日勤,29,135,61,225,217,8,0.902,203
2026-05-29,2026-05-29,16,日勤,30,108,56,194,197,-3,0.887,172
2026-05-29,2026-05-29,17,日勤,21,95,46,162,172,-10,0.932,151
2026-05-29,2026-05-29,18,日勤,16,77,43,136,134,2,0.978,133
2026-05-29,2026-05-29,19,日勤,12,49,38,99,97,2,0.949,94
2026-05-29,2026-05-29,20,夜勤,9,47,47,103,101,2,0.903,93
2026-05-29,2026-05-29,21,夜勤,6,40,34,80,79,1,0.95,76
2026-05-29,2026-05-29,22,夜勤,3,39,31,73,69,4,0.932,68
2026-05-29,2026-05-29,23,夜勤,3,24,21,48,49,-1,0.958,46
2026-05-30,2026-05-29,0,夜勤,1,22,19,42,48,-6,0.952,40
2026-05-30,2026-05-29,1,夜勤,2,12,13,27,28,-1,0.963,26
2026-05-30,2026-05-29,2,夜勤,1,11,14,26,28,-2,0.885,23
2026-05-30,2026-05-29,3,夜勤,1,13,13,27,28,-1,0.926,25
2026-05-30,2026-05-29,4,夜勤,1,12,16,29,28,1,0.931,27
2026-05-30,2026-05-29,5,夜勤,1,12,23,36,35,1,0.917,33
2026-05-30,2026-05-29,6,夜勤,1,25,29,55,55,0,0.891,49
2026-05-30,2026-05-29,7,夜勤,2,34,38,74,74,0,0.973,72
2026-05-30,2026-05-29,8,夜勤,1,53,41,95,94,1,0.905,86
2026-05-30,2026-05-30,9,日勤,14,82,60,156,146,10,0.936,146
2026-05-30,2026-05-30,10,日勤,28,125,69,222,224,-2,0.923,205
2026-05-30,2026-05-30,11,日勤,28,129,76,233,237,-4,0.936,218
2026-05-30,2026-05-30,12,日勤,29,101,70,200,199,1,0.925,185
2026-05-30,2026-05-30,13,日勤,29,113,69,211,224,-13,0.9,190
2026-05-30,2026-05-30,14,日勤,26,139,71,236,237,-1,0.903,213
2026-05-30,2026-05-30,15,日勤,31,125,64,220,217,3,0.945,208
2026-05-30,2026-05-30,16,日勤,29,108,57,194,197,-3,0.938,182
2026-05-30,2026-05-30,17,日勤,24,108,46,178,172,6,0.949,169
2026-05-30,2026-05-30,18,日勤,16,76,41,133,134,-1,0.94,125
2026-05-30,2026-05-30,19,日勤,12,46,34,92,97,-5,0.957,88
2026-05-30,2026-05-30,20,夜勤,9,54,41,104,101,3,0.952,99
2026-05-30,2026-05-30,21,夜勤,6,37,37,80,79,1,0.963,77
2026-05-30,2026-05-30,22,夜勤,3,38,27,68,69,-1,0.971,66
2026-05-30,2026-05-30,23,夜勤,3,22,23,48,49,-1,0.958,46
2026-05-31,2026-05-30,0,夜勤,2,24,23,49,48,1,0.918,45
2026-05-31,2026-05-30,1,夜勤,2,12,15,29,28,1,0.966,28
2026-05-31,2026-05-30,2,夜勤,1,12,14,27,28,-1,0.926,25
2026-05-31,2026-05-30,3,夜勤,2,12,14,28,28,0,0.964,27
2026-05-31,2026-05-30,4,夜勤,1,13,15,29,28,1,0.931,27
2026-05-31,2026-05-30,5,夜勤,2,13,20,35,35,0,0.914,32
2026-05-31,2026-05-30,6,夜勤,1,25,30,56,55,1,0.929,52
2026-05-31,2026-05-30,7,夜勤,2,37,38,77,74,3,0.883,68
2026-05-31,2026-05-30,8,夜勤,1,53,43,97,94,3,0.948,92
2026-05-31,2026-05-31,9,日勤,15,70,56,141,146,-5,0.894,126
2026-05-31,2026-05-31,10,日勤,27,133,68,228,224,4,0.899,205
2026-05-31,2026-05-31,11,日勤,31,132,74,237,237,0,0.945,224
2026-05-31,2026-05-31,12,日勤,27,103,70,200,199,1,0.95,190
2026-05-31,2026-05-31,13,日勤,26,113,73,212,224,-12,0.925,196
2026-05-31,2026-05-31,14,日勤,29,132,65,226,237,-11,0.978,221
2026-05-31,2026-05-31,15,日勤,27,135,67,229,217,12,0.934,214
2026-05-31,2026-05-31,16,日勤,26,108,60,194,197,-3,0.907,176
2026-05-31,2026-05-31,17,日勤,25,102,49,176,172,4,0.903,159
2026-05-31,2026-05-31,18,日勤,17,76,40,133,134,-1,0.955,127
2026-05-31,2026-05-31,19,日勤,12,51,33,96,97,-1,0.979,94
2026-05-31,2026-05-31,20,夜勤,9,48,42,99,101,-2,0.919,91
2026-05-31,2026-05-31,21,夜勤,6,39,33,78,79,-1,0.962,75
2026-05-31,2026-05-31,22,夜勤,3,40,29,72,69,3,0.972,70
2026-05-31,2026-05-31,23,夜勤,3,24,22,49,49,0,0.98,48
2026-06-01,2026-05-31,0,夜勤,1,23,20,44,48,-4,0.977,43
2026-06-01,2026-05-31,1,夜勤,1,12,14,27,28,-1,0.926,25
2026-06-01,2026-05-31,2,夜勤,2,12,13,27,28,-1,0.926,25
2026-06-01,2026-05-31,3,夜勤,1,12,15,28,28,0,0.929,26
2026-06-01,2026-05-31,4,夜勤,2,12,16,30,28,2,0.933,28
2026-06-01,2026-05-31,5,夜勤,1,13,22,36,35,1,0.972,35
2026-06-01,2026-05-31,6,夜勤,1,25,28,54,55,-1,0.944,51
2026-06-01,2026-05-31,7,夜勤,1,38,35,74,74,0,0.932,69
2026-06-01,2026-05-31,8,夜勤,1,45,43,89,94,-5,0.933,83
2026-06-01,2026-06-01,9,日勤,16,81,57,154,146,8,0.942,145
2026-06-01,2026-06-01,10,日勤,29,131,77,237,224,13,0.882,209
2026-06-01,2026-06-01,11,日勤,29,135,74,238,237,1,0.95,226
2026-06-01,2026-06-01,12,日勤,30,93,70,193,199,-6,0.969,187
2026-06-01,2026-06-01,13,日勤,28,129,67,224,224,0,0.92,206
2026-06-01,2026-06-01,14,日勤,31,138,78,247,237,10,0.931,230
2026-06-01,2026-06-01,15,日勤,30,116,61,207,217,-10,0.937,194
2026-06-01,2026-06-01,16,日勤,29,103,58,190,197,-7,0.916,174
2026-06-01,2026-06-01,17,日勤,25,107,50,182,172,10,0.929,169
2026-06-01,2026-06-01,18,日勤,17,74,40,131,134,-3,0.901,118
2026-06-01,2026-06-01,19,日勤,13,48,35,96,97,-1,0.948,91
2026-06-01,2026-06-01,20,夜勤,8,47,45,100,101,-1,0.94,94
2026-06-01,2026-06-01,21,夜勤,6,36,38,80,79,1,0.9,72
2026-06-01,2026-06-01,22,夜勤,3,34,31,68,69,-1,0.941,64
2026-06-01,2026-06-01,23,夜勤,3,25,22,50,49,1,0.9,45
2026-06-02,2026-06-01,0,夜勤,1,27,21,49,48,1,0.898,44
2026-06-02,2026-06-01,1,夜勤,1,12,14,27,28,-1,0.889,24
2026-06-02,2026-06-01,2,夜勤,1,12,16,29,28,1,0.931,27
2026-06-02,2026-06-01,3,夜勤,1,13,13,27,28,-1,0.852,23
2026-06-02,2026-06-01,4,夜勤,1,11,13,25,28,-3,0.96,24
2026-06-02,2026-06-01,5,夜勤,1,13,23,37,35,2,0.919,34
2026-06-02,2026-06-01,6,夜勤,2,22,28,52,55,-3,0.923,48
2026-06-02,2026-06-01,7,夜勤,2,40,37,79,74,5,0.911,72
2026-06-02,2026-06-01,8,夜勤,1,50,40,91,94,-3,0.956,87
2026-06-02,2026-06-02,9,日勤,15,70,55,140,146,-6,0.971,136
2026-06-02,2026-06-02,10,日勤,26,125,68,219,224,-5,0.904,198
2026-06-02,2026-06-02,11,日勤,31,136,70,237,237,0,0.958,227
2026-06-02,2026-06-02,12,日勤,30,93,73,196,199,-3,0.964,189
2026-06-02,2026-06-02,13,日勤,27,117,66,210,224,-14,0.976,205
2026-06-02,2026-06-02,14,日勤,28,150,74,252,237,15,0.917,231
2026-06-02,2026-06-02,15,日勤,31,127,64,222,217,5,0.928,206
2026-06-02,2026-06-02,16,日勤,31,105,61,197,197,0,0.929,183
2026-06-02,2026-06-02,17,日勤,22,98,46,166,172,-6,0.958,159
2026-06-02,2026-06-02,18,日勤,17,75,46,138,134,4,0.92,127
2026-06-02,2026-06-02,19,日勤,13,52,37,102,97,5,0.912,93
2026-06-02,2026-06-02,20,夜勤,9,47,46,102,101,1,0.941,96
2026-06-02,2026-06-02,21,夜勤,6,34,34,74,79,-5,0.932,69
2026-06-02,2026-06-02,22,夜勤,3,40,29,72,69,3,0.903,65
2026-06-02,2026-06-02,23,夜勤,3,26,21,50,49,1,0.96,48
2026-06-03,2026-06-02,0,夜勤,1,27,20,48,48,0,0.917,44
2026-06-03,2026-06-02,1,夜勤,1,12,15,28,28,0,0.929,26
2026-06-03,2026-06-02,2,夜勤,1,13,14,28,28,0,0.964,27
2026-06-03,2026-06-02,3,夜勤,1,12,13,26,28,-2,0.923,24
2026-06-03,2026-06-02,4,夜勤,1,13,14,28,28,0,0.893,25
2026-06-03,2026-06-02,5,夜勤,1,12,23,36,35,1,0.944,34
2026-06-03,2026-06-02,6,夜勤,2,26,30,58,55,3,0.931,54
2026-06-03,2026-06-02,7,夜勤,2,40,37,79,74,5,0.899,71
2026-06-03,2026-06-02,8,夜勤,1,49,42,92,94,-2,0.978,90
2026-06-03,2026-06-03,9,日勤,14,80,52,146,146,0,0.904,132
2026-06-03,2026-06-03,10,日勤,31,124,71,226,224,2,0.929,210
2026-06-03,2026-06-03,11,日勤,29,135,72,236,237,-1,0.873,206
2026-06-03,2026-06-03,12,日勤,31,108,75,214,199,15,0.916,196
2026-06-03,2026-06-03,13,日勤,30,114,69,213,224,-11,0.934,199
2026-06-03,2026-06-03,14,日勤,29,144,66,239,237,2,0.975,233
2026-06-03,2026-06-03,15,日勤,30,133,62,225,217,8,0.92,207
2026-06-03,2026-06-03,16,日勤,30,114,53,197,197,0,0.934,184
2026-06-03,2026-06-03,17,日勤,22,98,47,167,172,-5,0.964,161
2026-06-03,2026-06-03,18,日勤,17,81,39,137,134,3,0.905,124
2026-06-03,2026-06-03,19,日勤,10,52,36,98,97,1,0.959,94
2026-06-03,2026-06-03,20,夜勤,9,54,39,102,101,1,0.922,94
2026-06-03,2026-06-03,21,夜勤,5,39,36,80,79,1,0.963,77
2026-06-03,2026-06-03,22,夜勤,3,37,30,70,69,1,0.929,65
2026-06-03,2026-06-03,23,夜勤,3,27,22,52,49,3,0.923,48
2026-06-04,2026-06-03,0,夜勤,1,26,22,49,48,1,0.939,46
2026-06-04,2026-06-03,1,夜勤,1,13,15,29,28,1,0.966,28
2026-06-04,2026-06-03,2,夜勤,1,12,15,28,28,0,0.929,26
2026-06-04,2026-06-03,3,夜勤,2,12,15,29,28,1,0.931,27
2026-06-04,2026-06-03,4,夜勤,1,12,14,27,28,-1,0.926,25
2026-06-04,2026-06-03,5,夜勤,1,12,22,35,35,0,0.943,33
2026-06-04,2026-06-03,6,夜勤,2,24,29,55,55,0,0.982,54
2026-06-04,2026-06-03,7,夜勤,2,40,34,76,74,2,0.934,71
2026-06-04,2026-06-03,8,夜勤,1,47,43,91,94,-3,0.967,88
2026-06-04,2026-06-04,9,日勤,14,70,59,143,146,-3,0.944,135
2026-06-04,2026-06-04,10,日勤,28,128,77,233,224,9,0.931,217
2026-06-04,2026-06-04,11,日勤,28,130,74,232,237,-5,0.94,218
2026-06-04,2026-06-04,12,日勤,29,105,77,211,199,12,0.972,205
2026-06-04,2026-06-04,13,日勤,29,126,76,231,224,7,0.926,214
2026-06-04,2026-06-04,14,日勤,30,133,73,236,237,-1,0.979,231
2026-06-04,2026-06-04,15,日勤,30,130,62,222,217,5,0.977,217
2026-06-04,2026-06-04,16,日勤,30,106,60,196,197,-1,0.908,178
2026-06-04,2026-06-04,17,日勤,24,106,49,179,172,7,0.944,169
2026-06-04,2026-06-04,18,日勤,17,68,44,129,134,-5,0.907,117
2026-06-04,2026-06-04,19,日勤,12,46,35,93,97,-4,0.925,86
2026-06-04,2026-06-04,20,夜勤,23,61,47,131,101,30,0.626,82
2026-06-04,2026-06-04,21,夜勤,13,51,33,97,79,18,0.711,69
2026-06-04,2026-06-04,22,夜勤,6,47,31,84,69,15,0.69,58
2026-06-04,2026-06-04,23,夜勤,6,31,21,58,49,9,0.69,40
2026-06-05,2026-06-04,0,夜勤,1,23,19,43,48,-5,0.907,39
2026-06-05,2026-06-04,1,夜勤,1,11,15,27,28,-1,0.889,24
2026-06-05,2026-06-04,2,夜勤,1,13,13,27,28,-1,0.889,24
2026-06-05,2026-06-04,3,夜勤,1,12,14,27,28,-1,0.963,26
2026-06-05,2026-06-04,4,夜勤,1,13,13,27,28,-1,0.926,25
2026-06-05,2026-06-04,5,夜勤,1,13,21,35,35,0,0.971,34
2026-06-05,2026-06-04,6,夜勤,1,25,29,55,55,0,0.909,50
2026-06-05,2026-06-04,7,夜勤,2,39,39,80,74,6,0.925,74
2026-06-05,2026-06-04,8,夜勤,2,51,45,98,94,4,0.969,95
2026-06-05,2026-06-05,9,日勤,14,76,57,147,146,1,0.905,133
2026-06-05,2026-06-05,10,日勤,29,114,74,217,224,-7,0.908,197
2026-06-05,2026-06-05,11,日勤,30,136,66,232,237,-5,0.94,218
2026-06-05,2026-06-05,12,日勤,30,101,76,207,199,8,0.903,187
2026-06-05,2026-06-05,13,日勤,27,129,64,220,224,-4,0.905,199
2026-06-05,2026-06-05,14,日勤,26,136,66,228,237,-9,0.961,219
2026-06-05,2026-06-05,15,日勤,28,119,58,205,217,-12,0.951,195
2026-06-05,2026-06-05,16,日勤,28,107,58,193,197,-4,0.948,183
2026-06-05,2026-06-05,17,日勤,25,101,54,180,172,8,0.9,162
2026-06-05,2026-06-05,18,日勤,17,78,44,139,134,5,0.971,135
2026-06-05,2026-06-05,19,日勤,10,51,33,94,97,-3,0.968,91
2026-06-05,2026-06-05,20,夜勤,8,51,41,100,101,-1,0.97,97
2026-06-05,2026-06-05,21,夜勤,6,36,37,79,79,0,0.911,72
2026-06-05,2026-06-05,22,夜勤,3,38,31,72,69,3,0.972,70
2026-06-05,2026-06-05,23,夜勤,3,26,22,51,49,2,0.941,48
2026-06-06,2026-06-05,0,夜勤,1,26,20,47,48,-1,0.957,45
2026-06-06,2026-06-05,1,夜勤,2,12,15,29,28,1,0.931,27
2026-06-06,2026-06-05,2,夜勤,1,11,14,26,28,-2,0.885,23
2026-06-06,2026-06-05,3,夜勤,1,12,14,27,28,-1,0.926,25
2026-06-06,2026-06-05,4,夜勤,2,13,15,30,28,2,0.933,28
2026-06-06,2026-06-05,5,夜勤,1,12,21,34,35,-1,0.941,32
2026-06-06,2026-06-05,6,夜勤,2,27,29,58,55,3,0.948,55
2026-06-06,2026-06-05,7,夜勤,1,36,32,69,74,-5,0.928,64
2026-06-06,2026-06-05,8,夜勤,1,46,43,90,94,-4,0.922,83
2026-06-06,2026-06-06,9,日勤,14,68,54,136,146,-10,0.912,124
2026-06-06,2026-06-06,10,日勤,29,118,72,219,224,-5,0.945,207
2026-06-06,2026-06-06,11,日勤,28,144,70,242,237,5,0.975,236
2026-06-06,2026-06-06,12,日勤,31,99,76,206,199,7,0.971,200
2026-06-06,2026-06-06,13,日勤,29,118,65,212,224,-12,0.901,191
2026-06-06,2026-06-06,14,日勤,29,135,75,239,237,2,0.962,230
2026-06-06,2026-06-06,15,日勤,29,125,59,213,217,-4,0.92,196
2026-06-06,2026-06-06,16,日勤,28,101,54,183,197,-14,0.951,174
2026-06-06,2026-06-06,17,日勤,23,105,51,179,172,7,0.961,172
2026-06-06,2026-06-06,18,日勤,18,78,45,141,134,7,0.943,133
2026-06-06,2026-06-06,19,日勤,11,51,35,97,97,0,0.959,93
2026-06-06,2026-06-06,20,夜勤,8,49,41,98,101,-3,0.969,95
2026-06-06,2026-06-06,21,夜勤,6,40,35,81,79,2,0.901,73
2026-06-06,2026-06-06,22,夜勤,3,34,30,67,69,-2,0.91,61
2026-06-06,2026-06-06,23,夜勤,3,23,20,46,49,-3,0.891,41
2026-06-07,2026-06-06,0,夜勤,2,25,20,47,48,-1,0.851,40
2026-06-07,2026-06-06,1,夜勤,1,12,14,27,28,-1,0.926,25
2026-06-07,2026-06-06,2,夜勤,1,11,14,26,28,-2,0.885,23
2026-06-07,2026-06-06,3,夜勤,1,12,14,27,28,-1,0.889,24
2026-06-07,2026-06-06,4,夜勤,1,12,13,26,28,-2,0.962,25
2026-06-07,2026-06-06,5,夜勤,2,12,21,35,35,0,0.971,34
2026-06-07,2026-06-06,6,夜勤,1,26,27,54,55,-1,0.926,50
2026-06-07,2026-06-06,7,夜勤,1,34,38,73,74,-1,0.973,71
2026-06-07,2026-06-06,8,夜勤,2,47,39,88,94,-6,0.977,86
2026-06-07,2026-06-07,9,日勤,14,73,57,144,146,-2,0.903,130
2026-06-07,2026-06-07,10,日勤,30,132,73,235,224,11,0.919,216
2026-06-07,2026-06-07,11,日勤,28,125,70,223,237,-14,0.964,215
2026-06-07,2026-06-07,12,日勤,29,107,65,201,199,2,0.93,187
2026-06-07,2026-06-07,13,日勤,31,118,76,225,224,1,0.92,207
2026-06-07,2026-06-07,14,日勤,28,125,68,221,237,-16,0.9,199
2026-06-07,2026-06-07,15,日勤,31,133,62,226,217,9,0.907,205
2026-06-07,2026-06-07,16,日勤,31,123,62,216,197,19,0.977,211
2026-06-07,2026-06-07,17,日勤,24,96,52,172,172,0,0.971,167
2026-06-07,2026-06-07,18,日勤,18,79,44,141,134,7,0.965,136
2026-06-07,2026-06-07,19,日勤,12,52,33,97,97,0,0.938,91
2026-06-07,2026-06-07,20,夜勤,9,46,46,101,101,0,0.921,93
2026-06-07,2026-06-07,21,夜勤,6,39,33,78,79,-1,0.91,71
2026-06-07,2026-06-07,22,夜勤,3,40,27,70,69,1,0.914,64
2026-06-07,2026-06-07,23,夜勤,3,22,20,45,49,-4,0.978,44
2026-06-08,2026-06-07,0,夜勤,1,26,21,48,48,0,0.917,44
2026-06-08,2026-06-07,1,夜勤,2,12,14,28,28,0,0.893,25
2026-06-08,2026-06-07,2,夜勤,1,14,13,28,28,0,0.929,26
2026-06-08,2026-06-07,3,夜勤,1,12,14,27,28,-1,0.926,25
2026-06-08,2026-06-07,4,夜勤,2,13,15,30,28,2,0.9,27
2026-06-08,2026-06-07,5,夜勤,2,12,23,37,35,2,0.919,34
2026-06-08,2026-06-07,6,夜勤,1,24,31,56,55,1,0.982,55
2026-06-08,2026-06-07,7,夜勤,1,41,37,79,74,5,0.911,72
2026-06-08,2026-06-07,8,夜勤,2,45,43,90,94,-4,0.956,86
2026-06-08,2026-06-08,9,日勤,15,79,57,151,146,5,0.98,148
2026-06-08,2026-06-08,10,日勤,30,112,77,219,224,-5,0.95,208
2026-06-08,2026-06-08,11,日勤,31,140,69,240,237,3,0.946,227
2026-06-08,2026-06-08,12,日勤,29,105,73,207,199,8,0.937,194
2026-06-08,2026-06-08,13,日勤,28,120,72,220,224,-4,0.927,204
2026-06-08,2026-06-08,14,日勤,27,135,65,227,237,-10,0.921,209
2026-06-08,2026-06-08,15,日勤,26,116,59,201,217,-16,0.965,194
2026-06-08,2026-06-08,16,日勤,30,108,57,195,197,-2,0.938,183
2026-06-08,2026-06-08,17,日勤,23,103,47,173,172,1,0.908,157
2026-06-08,2026-06-08,18,日勤,18,81,44,143,134,9,0.902,129
2026-06-08,2026-06-08,19,日勤,11,47,32,90,97,-7,0.922,83
2026-06-08,2026-06-08,20,夜勤,9,45,41,95,101,-6,0.958,91
2026-06-08,2026-06-08,21,夜勤,6,34,37,77,79,-2,0.948,73
2026-06-08,2026-06-08,22,夜勤,3,37,26,66,69,-3,0.955,63
2026-06-08,2026-06-08,23,夜勤,3,26,19,48,49,-1,0.958,46
2026-06-09,2026-06-08,0,夜勤,2,22,22,46,48,-2,0.935,43
2026-06-09,2026-06-08,1,夜勤,1,12,15,28,28,0,0.893,25
2026-06-09,2026-06-08,2,夜勤,1,13,14,28,28,0,0.893,25
2026-06-09,2026-06-08,3,夜勤,2,14,14,30,28,2,0.9,27
2026-06-09,2026-06-08,4,夜勤,1,13,15,29,28,1,0.966,28
2026-06-09,2026-06-08,5,夜勤,1,11,22,34,35,-1,0.912,31
2026-06-09,2026-06-08,6,夜勤,1,23,27,51,55,-4,0.922,47
2026-06-09,2026-06-08,7,夜勤,1,33,37,71,74,-3,0.901,64
2026-06-09,2026-06-08,8,夜勤,1,53,41,95,94,1,0.916,87
2026-06-09,2026-06-09,9,日勤,14,82,55,151,146,5,0.907,137
2026-06-09,2026-06-09,10,日勤,28,115,70,213,224,-11,0.901,192
2026-06-09,2026-06-09,11,日勤,31,123,73,227,237,-10,0.96,218
2026-06-09,2026-06-09,12,日勤,28,104,71,203,199,4,0.956,194
2026-06-09,2026-06-09,13,日勤,26,123,76,225,224,1,0.969,218
2026-06-09,2026-06-09,14,日勤,31,131,69,231,237,-6,0.965,223
2026-06-09,2026-06-09,15,日勤,27,125,67,219,217,2,0.959,210
2026-06-09,2026-06-09,16,日勤,30,116,57,203,197,6,0.931,189
2026-06-09,2026-06-09,17,日勤,22,91,52,165,172,-7,0.909,150
2026-06-09,2026-06-09,18,日勤,17,75,44,136,134,2,0.978,133
2026-06-09,2026-06-09,19,日勤,12,46,34,92,97,-5,0.913,84
2026-06-09,2026-06-09,20,夜勤,9,47,39,95,101,-6,0.905,86
2026-06-09,2026-06-09,21,夜勤,6,36,32,74,79,-5,0.932,69
2026-06-09,2026-06-09,22,夜勤,3,34,29,66,69,-3,0.939,62
2026-06-09,2026-06-09,23,夜勤,3,25,23,51,49,2,0.922,47
2026-06-10,2026-06-09,0,夜勤,1,26,20,47,48,-1,0.872,41
2026-06-10,2026-06-09,1,夜勤,1,12,14,27,28,-1,0.963,26
2026-06-10,2026-06-09,2,夜勤,2,13,13,28,28,0,0.857,24
2026-06-10,2026-06-09,3,夜勤,2,12,14,28,28,0,0.964,27
2026-06-10,2026-06-09,4,夜勤,2,12,15,29,28,1,0.966,28
2026-06-10,2026-06-09,5,夜勤,1,12,22,35,35,0,0.914,32
2026-06-10,2026-06-09,6,夜勤,1,26,30,57,55,2,0.912,52
2026-06-10,2026-06-09,7,夜勤,1,34,37,72,74,-2,0.889,64
2026-06-10,2026-06-09,8,夜勤,1,51,43,95,94,1,0.926,88
2026-06-10,2026-06-10,9,日勤,15,70,55,140,146,-6,0.914,128
2026-06-10,2026-06-10,10,日勤,26,118,76,220,224,-4,0.905,199
2026-06-10,2026-06-10,11,日勤,30,141,78,249,237,12,0.944,235
2026-06-10,2026-06-10,12,日勤,30,93,75,198,199,-1,0.96,190
2026-06-10,2026-06-10,13,日勤,27,134,69,230,224,6,0.974,224
2026-06-10,2026-06-10,14,日勤,28,127,70,225,237,-12,0.969,218
2026-06-10,2026-06-10,15,日勤,27,134,67,228,217,11,0.89,203
2026-06-10,2026-06-10,16,日勤,28,112,62,202,197,5,0.931,188
2026-06-10,2026-06-10,17,日勤,21,108,48,177,172,5,0.904,160
2026-06-10,2026-06-10,18,日勤,17,79,42,138,134,4,0.935,129
2026-06-10,2026-06-10,19,日勤,11,53,38,102,97,5,0.941,96
2026-06-10,2026-06-10,20,夜勤,9,47,39,95,101,-6,0.926,88
2026-06-10,2026-06-10,21,夜勤,5,40,38,83,79,4,0.952,79
2026-06-10,2026-06-10,22,夜勤,3,39,27,69,69,0,0.971,67
2026-06-10,2026-06-10,23,夜勤,3,27,22,52,49,3,0.923,48
2026-06-11,2026-06-10,0,夜勤,1,26,20,47,48,-1,0.915,43
2026-06-11,2026-06-10,1,夜勤,1,12,13,26,28,-2,0.962,25
2026-06-11,2026-06-10,2,夜勤,1,12,13,26,28,-2,0.923,24
2026-06-11,2026-06-10,3,夜勤,1,13,14,28,28,0,0.964,27
2026-06-11,2026-06-10,4,夜勤,1,12,15,28,28,0,0.893,25
2026-06-11,2026-06-10,5,夜勤,1,11,21,33,35,-2,0.909,30
2026-06-11,2026-06-10,6,夜勤,2,25,26,53,55,-2,0.962,51
2026-06-11,2026-06-10,7,夜勤,1,36,32,69,74,-5,0.942,65
2026-06-11,2026-06-10,8,夜勤,2,52,41,95,94,1,0.916,87
2026-06-11,2026-06-11,9,日勤,14,79,52,145,146,-1,0.979,142
2026-06-11,2026-06-11,10,日勤,26,112,72,210,224,-14,0.952,200
2026-06-11,2026-06-11,11,日勤,26,134,69,229,237,-8,0.904,207
2026-06-11,2026-06-11,12,日勤,27,104,75,206,199,7,0.922,190
2026-06-11,2026-06-11,13,日勤,28,126,78,232,224,8,0.944,219
2026-06-11,2026-06-11,14,日勤,32,135,70,237,237,0,0.911,216
2026-06-11,2026-06-11,15,日勤,28,118,65,211,217,-6,0.919,194
2026-06-11,2026-06-11,16,日勤,28,105,56,189,197,-8,0.942,178
2026-06-11,2026-06-11,17,日勤,21,98,53,172,172,0,0.942,162
2026-06-11,2026-06-11,18,日勤,17,73,43,133,134,-1,0.94,125
2026-06-11,2026-06-11,19,日勤,12,52,39,103,97,6,0.922,95
2026-06-11,2026-06-11,20,夜勤,8,47,46,101,101,0,0.921,93
2026-06-11,2026-06-11,21,夜勤,6,35,34,75,79,-4,0.92,69
2026-06-11,2026-06-11,22,夜勤,3,39,29,71,69,2,0.944,67
2026-06-11,2026-06-11,23,夜勤,3,27,23,53,49,4,0.943,50
2026-06-12,2026-06-11,0,夜勤,1,25,20,46,48,-2,0.957,44
2026-06-12,2026-06-11,1,夜勤,1,13,14,28,28,0,0.964,27
2026-06-12,2026-06-11,2,夜勤,1,11,14,26,28,-2,0.962,25
2026-06-12,2026-06-11,3,夜勤,1,13,14,28,28,0,0.964,27
2026-06-12,2026-06-11,4,夜勤,2,14,15,31,28,3,0.935,29
2026-06-12,2026-06-11,5,夜勤,1,13,23,37,35,2,0.973,36
2026-06-12,2026-06-11,6,夜勤,1,23,28,52,55,-3,0.923,48
2026-06-12,2026-06-11,7,夜勤,2,38,35,75,74,1,0.947,71
2026-06-12,2026-06-11,8,夜勤,2,52,45,99,94,5,0.919,91
2026-06-12,2026-06-12,9,日勤,14,73,56,143,146,-3,0.909,130
2026-06-12,2026-06-12,10,日勤,27,132,75,234,224,10,0.927,217
2026-06-12,2026-06-12,11,日勤,32,149,66,247,237,10,0.96,237
2026-06-12,2026-06-12,12,日勤,27,96,70,193,199,-6,0.979,189
2026-06-12,2026-06-12,13,日勤,27,125,67,219,224,-5,0.9,197
2026-06-12,2026-06-12,14,日勤,30,131,65,226,237,-11,0.92,208
2026-06-12,2026-06-12,15,日勤,27,132,63,222,217,5,0.946,210
2026-06-12,2026-06-12,16,日勤,27,120,52,199,197,2,0.94,187
2026-06-12,2026-06-12,17,日勤,23,106,46,175,172,3,0.971,170
2026-06-12,2026-06-12,18,日勤,19,74,44,137,134,3,0.956,131
2026-06-12,2026-06-12,19,日勤,11,49,33,93,97,-4,0.903,84
2026-06-12,2026-06-12,20,夜勤,9,48,45,102,101,1,0.971,99
2026-06-12,2026-06-12,21,夜勤,6,34,35,75,79,-4,0.96,72
2026-06-12,2026-06-12,22,夜勤,3,35,26,64,69,-5,0.953,61
2026-06-12,2026-06-12,23,夜勤,3,27,21,51,49,2,0.922,47
2026-06-13,2026-06-12,0,夜勤,1,25,23,49,48,1,0.98,48
2026-06-13,2026-06-12,1,夜勤,1,12,15,28,28,0,0.964,27
2026-06-13,2026-06-12,2,夜勤,1,11,13,25,28,-3,0.92,23
2026-06-13,2026-06-12,3,夜勤,1,11,14,26,28,-2,0.923,24
2026-06-13,2026-06-12,4,夜勤,1,12,14,27,28,-1,0.926,25
2026-06-13,2026-06-12,5,夜勤,1,13,22,36,35,1,0.917,33
2026-06-13,2026-06-12,6,夜勤,1,23,26,50,55,-5,0.98,49
2026-06-13,2026-06-12,7,夜勤,1,35,38,74,74,0,0.932,69
2026-06-13,2026-06-12,8,夜勤,2,51,44,97,94,3,0.897,87
2026-06-13,2026-06-13,9,日勤,14,70,62,146,146,0,0.973,142
2026-06-13,2026-06-13,10,日勤,29,120,77,226,224,2,0.912,206
2026-06-13,2026-06-13,11,日勤,28,150,72,250,237,13,0.932,233
2026-06-13,2026-06-13,12,日勤,30,109,67,206,199,7,0.937,193
2026-06-13,2026-06-13,13,日勤,30,129,70,229,224,5,0.939,215
2026-06-13,2026-06-13,14,日勤,31,139,73,243,237,6,0.942,229
2026-06-13,2026-06-13,15,日勤,28,134,66,228,217,11,0.912,208
2026-06-13,2026-06-13,16,日勤,29,101,60,190,197,-7,0.916,174
2026-06-13,2026-06-13,17,日勤,24,101,45,170,172,-2,0.906,154
2026-06-13,2026-06-13,18,日勤,16,79,43,138,134,4,0.935,129
2026-06-13,2026-06-13,19,日勤,12,45,34,91,97,-6,0.967,88
2026-06-13,2026-06-13,20,夜勤,9,49,39,97,101,-4,0.928,90
2026-06-13,2026-06-13,21,夜勤,6,36,33,75,79,-4,0.907,68
2026-06-13,2026-06-13,22,夜勤,3,38,29,70,69,1,0.957,67
2026-06-13,2026-06-13,23,夜勤,3,27,23,53,49,4,0.906,48
2026-06-14,2026-06-13,0,夜勤,1,27,20,48,48,0,0.917,44
2026-06-14,2026-06-13,1,夜勤,2,13,13,28,28,0,0.964,27
2026-06-14,2026-06-13,2,夜勤,1,12,13,26,28,-2,0.923,24
2026-06-14,2026-06-13,3,夜勤,1,13,14,28,28,0,0.964,27
2026-06-14,2026-06-13,4,夜勤,1,12,15,28,28,0,0.929,26
2026-06-14,2026-06-13,5,夜勤,1,12,22,35,35,0,0.943,33
2026-06-14,2026-06-13,6,夜勤,1,26,26,53,55,-2,0.925,49
2026-06-14,2026-06-13,7,夜勤,1,39,37,77,74,3,0.948,73
2026-06-14,2026-06-13,8,夜勤,1,47,42,90,94,-4,0.889,80
2026-06-14,2026-06-14,9,日勤,14,72,53,139,146,-7,0.971,135
2026-06-14,2026-06-14,10,日勤,26,115,68,209,224,-15,0.962,201
2026-06-14,2026-06-14,11,日勤,27,135,73,235,237,-2,0.945,222
2026-06-14,2026-06-14,12,日勤,26,91,71,188,199,-11,0.915,172
2026-06-14,2026-06-14,13,日勤,26,120,77,223,224,-1,0.964,215
2026-06-14,2026-06-14,14,日勤,30,135,66,231,237,-6,0.913,211
2026-06-14,2026-06-14,15,日勤,29,128,61,218,217,1,0.927,202
2026-06-14,2026-06-14,16,日勤,29,107,60,196,197,-1,0.949,186
2026-06-14,2026-06-14,17,日勤,23,95,52,170,172,-2,0.906,154
2026-06-14,2026-06-14,18,日勤,16,77,44,137,134,3,0.971,133
2026-06-14,2026-06-14,19,日勤,11,45,32,88,97,-9,0.932,82
2026-06-14,2026-06-14,20,夜勤,8,50,43,101,101,0,0.97,98
2026-06-14,2026-06-14,21,夜勤,5,34,35,74,79,-5,0.946,70
2026-06-14,2026-06-14,22,夜勤,3,37,30,70,69,1,0.929,65
2026-06-14,2026-06-14,23,夜勤,3,26,22,51,49,2,0.922,47
2026-06-15,2026-06-14,0,夜勤,1,25,22,48,48,0,0.917,44
2026-06-15,2026-06-14,1,夜勤,2,13,14,29,28,1,0.931,27
2026-06-15,2026-06-14,2,夜勤,2,13,15,30,28,2,0.933,28
2026-06-15,2026-06-14,3,夜勤,1,13,13,27,28,-1,0.926,25
2026-06-15,2026-06-14,4,夜勤,1,14,16,31,28,3,0.968,30
2026-06-15,2026-06-14,5,夜勤,1,11,21,33,35,-2,0.939,31
2026-06-15,2026-06-14,6,夜勤,1,25,31,57,55,2,0.965,55
2026-06-15,2026-06-14,7,夜勤,1,38,35,74,74,0,0.932,69
2026-06-15,2026-06-14,8,夜勤,2,46,41,89,94,-5,0.955,85
2026-06-15,2026-06-15,9,日勤,13,80,55,148,146,2,0.932,138
2026-06-15,2026-06-15,10,日勤,28,125,73,226,224,2,0.929,210
2026-06-15,2026-06-15,11,日勤,28,142,64,234,237,-3,0.94,220
2026-06-15,2026-06-15,12,日勤,26,108,69,203,199,4,0.906,184
2026-06-15,2026-06-15,13,日勤,28,125,76,229,224,5,0.939,215
2026-06-15,2026-06-15,14,日勤,31,134,68,233,237,-4,0.944,220
2026-06-15,2026-06-15,15,日勤,31,133,71,235,217,18,0.872,205
2026-06-15,2026-06-15,16,日勤,31,122,60,213,197,16,0.901,192
2026-06-15,2026-06-15,17,日勤,21,98,46,165,172,-7,0.927,153
2026-06-15,2026-06-15,18,日勤,18,80,47,145,134,11,0.959,139
2026-06-15,2026-06-15,19,日勤,12,49,34,95,97,-2,0.979,93
2026-06-15,2026-06-15,20,夜勤,8,48,42,98,101,-3,0.929,91
2026-06-15,2026-06-15,21,夜勤,5,38,35,78,79,-1,0.962,75
2026-06-15,2026-06-15,22,夜勤,3,36,29,68,69,-1,0.926,63
2026-06-15,2026-06-15,23,夜勤,3,26,22,51,49,2,0.941,48
2026-06-16,2026-06-15,0,夜勤,2,23,20,45,48,-3,0.911,41
2026-06-16,2026-06-15,1,夜勤,1,13,14,28,28,0,0.893,25
2026-06-16,2026-06-15,2,夜勤,2,13,15,30,28,2,0.967,29
2026-06-16,2026-06-15,3,夜勤,2,12,16,30,28,2,0.933,28
2026-06-16,2026-06-15,4,夜勤,1,11,15,27,28,-1,0.926,25
2026-06-16,2026-06-15,5,夜勤,1,11,21,33,35,-2,0.939,31
2026-06-16,2026-06-15,6,夜勤,1,27,28,56,55,1,0.946,53
2026-06-16,2026-06-15,7,夜勤,2,35,39,76,74,2,0.908,69
2026-06-16,2026-06-15,8,夜勤,1,48,39,88,94,-6,0.943,83
2026-06-16,2026-06-16,9,日勤,13,75,52,140,146,-6,0.929,130
2026-06-16,2026-06-16,10,日勤,29,136,69,234,224,10,0.915,214
2026-06-16,2026-06-16,11,日勤,30,137,66,233,237,-4,0.97,226
2026-06-16,2026-06-16,12,日勤,28,94,68,190,199,-9,0.911,173
2026-06-16,2026-06-16,13,日勤,31,120,76,227,224,3,0.938,213
2026-06-16,2026-06-16,14,日勤,26,128,73,227,237,-10,0.947,215
2026-06-16,2026-06-16,15,日勤,30,126,63,219,217,2,0.904,198
2026-06-16,2026-06-16,16,日勤,30,116,54,200,197,3,0.965,193
2026-06-16,2026-06-16,17,日勤,22,102,48,172,172,0,0.913,157
2026-06-16,2026-06-16,18,日勤,17,70,44,131,134,-3,0.969,127
2026-06-16,2026-06-16,19,日勤,11,50,35,96,97,-1,0.948,91
2026-06-16,2026-06-16,20,夜勤,9,47,45,101,101,0,0.911,92
2026-06-16,2026-06-16,21,夜勤,6,37,37,80,79,1,0.938,75
2026-06-16,2026-06-16,22,夜勤,3,39,29,71,69,2,0.958,68
2026-06-16,2026-06-16,23,夜勤,3,26,24,53,49,4,0.981,52
2026-06-17,2026-06-16,0,夜勤,1,24,20,45,48,-3,0.933,42
2026-06-17,2026-06-16,1,夜勤,1,13,14,28,28,0,0.964,27
2026-06-17,2026-06-16,2,夜勤,2,14,13,29,28,1,0.966,28
2026-06-17,2026-06-16,3,夜勤,2,13,16,31,28,3,0.935,29
2026-06-17,2026-06-16,4,夜勤,2,13,14,29,28,1,0.931,27
2026-06-17,2026-06-16,5,夜勤,1,12,23,36,35,1,0.944,34
2026-06-17,2026-06-16,6,夜勤,2,25,27,54,55,-1,0.926,50
2026-06-17,2026-06-16,7,夜勤,1,39,36,76,74,2,0.908,69
2026-06-17,2026-06-16,8,夜勤,1,48,41,90,94,-4,0.944,85
2026-06-17,2026-06-17,9,日勤,14,69,53,136,146,-10,0.956,130
2026-06-17,2026-06-17,10,日勤,29,124,72,225,224,1,0.964,217
2026-06-17,2026-06-17,11,日勤,26,135,77,238,237,1,0.929,221
2026-06-17,2026-06-17,12,日勤,31,90,74,195,199,-4,0.979,191
2026-06-17,2026-06-17,13,日勤,30,123,67,220,224,-4,0.914,201
2026-06-17,2026-06-17,14,日勤,27,127,75,229,237,-8,0.886,203
2026-06-17,2026-06-17,15,日勤,27,127,69,223,217,6,0.964,215
2026-06-17,2026-06-17,16,日勤,30,111,57,198,197,1,0.934,185
2026-06-17,2026-06-17,17,日勤,21,104,46,171,172,-1,0.901,154
2026-06-17,2026-06-17,18,日勤,17,68,39,124,134,-10,0.919,114
2026-06-17,2026-06-17,19,日勤,12,48,39,99,97,2,0.848,84
2026-06-17,2026-06-17,20,夜勤,9,53,41,103,101,2,0.942,97
2026-06-17,2026-06-17,21,夜勤,6,35,39,80,79,1,0.912,73
2026-06-17,2026-06-17,22,夜勤,3,37,29,69,69,0,0.928,64
2026-06-17,2026-06-17,23,夜勤,3,25,23,51,49,2,0.922,47
2026-06-18,2026-06-17,0,夜勤,1,24,20,45,48,-3,0.911,41
2026-06-18,2026-06-17,1,夜勤,1,12,15,28,28,0,0.964,27
2026-06-18,2026-06-17,2,夜勤,1,11,14,26,28,-2,0.962,25
2026-06-18,2026-06-17,3,夜勤,2,12,13,27,28,-1,0.963,26
2026-06-18,2026-06-17,4,夜勤,1,13,15,29,28,1,0.931,27
2026-06-18,2026-06-17,5,夜勤,1,13,19,33,35,-2,0.97,32
2026-06-18,2026-06-17,6,夜勤,2,26,28,56,55,1,0.911,51
2026-06-18,2026-06-17,7,夜勤,2,34,36,72,74,-2,0.972,70
2026-06-18,2026-06-17,8,夜勤,2,52,45,99,94,5,0.929,92
2026-06-18,2026-06-18,9,日勤,13,69,57,139,146,-7,0.942,131
2026-06-18,2026-06-18,10,日勤,31,132,66,229,224,5,0.917,210
2026-06-18,2026-06-18,11,日勤,27,125,69,221,237,-16,0.959,212
2026-06-18,2026-06-18,12,日勤,30,90,66,186,199,-13,0.93,173
2026-06-18,2026-06-18,13,日勤,26,123,74,223,224,-1,0.951,212
2026-06-18,2026-06-18,14,日勤,30,143,78,251,237,14,0.972,244
2026-06-18,2026-06-18,15,日勤,31,119,64,214,217,-3,0.981,210
2026-06-18,2026-06-18,16,日勤,28,119,61,208,197,11,0.913,190
2026-06-18,2026-06-18,17,日勤,21,102,48,171,172,-1,0.947,162
2026-06-18,2026-06-18,18,日勤,17,82,42,141,134,7,0.922,130
2026-06-18,2026-06-18,19,日勤,10,48,36,94,97,-3,0.947,89
2026-06-18,2026-06-18,20,夜勤,8,45,44,97,101,-4,0.918,89
2026-06-18,2026-06-18,21,夜勤,5,34,37,76,79,-3,0.908,69
2026-06-18,2026-06-18,22,夜勤,3,34,26,63,69,-6,0.952,60
2026-06-18,2026-06-18,23,夜勤,3,24,20,47,49,-2,0.915,43
2026-06-19,2026-06-18,0,夜勤,2,26,20,48,48,0,0.938,45
2026-06-19,2026-06-18,1,夜勤,1,13,13,27,28,-1,0.926,25
2026-06-19,2026-06-18,2,夜勤,1,11,16,28,28,0,0.929,26
2026-06-19,2026-06-18,3,夜勤,1,12,15,28,28,0,0.929,26
2026-06-19,2026-06-18,4,夜勤,1,12,14,27,28,-1,0.963,26
2026-06-19,2026-06-18,5,夜勤,1,11,21,33,35,-2,0.909,30
2026-06-19,2026-06-18,6,夜勤,2,26,31,59,55,4,0.949,56
2026-06-19,2026-06-18,7,夜勤,1,40,34,75,74,1,0.933,70
2026-06-19,2026-06-18,8,夜勤,2,47,39,88,94,-6,0.932,82
2026-06-19,2026-06-19,9,日勤,15,78,62,155,146,9,0.91,141
2026-06-19,2026-06-19,10,日勤,26,114,70,210,224,-14,0.938,197
2026-06-19,2026-06-19,11,日勤,30,124,68,222,237,-15,0.964,214
2026-06-19,2026-06-19,12,日勤,27,92,77,196,199,-3,0.954,187
2026-06-19,2026-06-19,13,日勤,30,128,68,226,224,2,0.951,215
2026-06-19,2026-06-19,14,日勤,30,124,68,222,237,-15,0.932,207
2026-06-19,2026-06-19,15,日勤,29,117,61,207,217,-10,0.957,198
2026-06-19,2026-06-19,16,日勤,26,111,63,200,197,3,0.865,173
2026-06-19,2026-06-19,17,日勤,25,94,49,168,172,-4,0.976,164
2026-06-19,2026-06-19,18,日勤,18,68,44,130,134,-4,0.946,123
2026-06-19,2026-06-19,19,日勤,13,47,35,95,97,-2,0.926,88
2026-06-19,2026-06-19,20,夜勤,8,46,45,99,101,-2,0.909,90
2026-06-19,2026-06-19,21,夜勤,6,36,37,79,79,0,0.949,75
2026-06-19,2026-06-19,22,夜勤,3,36,30,69,69,0,0.971,67
2026-06-19,2026-06-19,23,夜勤,3,25,23,51,49,2,0.941,48
2026-06-20,2026-06-19,0,夜勤,1,24,23,48,48,0,0.979,47
2026-06-20,2026-06-19,1,夜勤,1,14,13,28,28,0,0.893,25
2026-06-20,2026-06-19,2,夜勤,2,12,15,29,28,1,0.897,26
2026-06-20,2026-06-19,3,夜勤,1,11,15,27,28,-1,0.963,26
2026-06-20,2026-06-19,4,夜勤,1,13,15,29,28,1,0.897,26
2026-06-20,2026-06-19,5,夜勤,2,13,19,34,35,-1,0.971,33
2026-06-20,2026-06-19,6,夜勤,1,25,29,55,55,0,0.945,52
2026-06-20,2026-06-19,7,夜勤,1,35,37,73,74,-1,0.918,67
2026-06-20,2026-06-19,8,夜勤,1,49,41,91,94,-3,0.978,89
2026-06-20,2026-06-20,9,日勤,16,79,53,148,146,2,0.905,134
2026-06-20,2026-06-20,10,日勤,26,127,74,227,224,3,0.969,220
2026-06-20,2026-06-20,11,日勤,27,123,75,225,237,-12,0.951,214
2026-06-20,2026-06-20,12,日勤,30,106,68,204,199,5,0.966,197
2026-06-20,2026-06-20,13,日勤,31,114,70,215,224,-9,0.907,195
2026-06-20,2026-06-20,14,日勤,29,141,69,239,237,2,0.954,228
2026-06-20,2026-06-20,15,日勤,31,133,60,224,217,7,0.951,213
2026-06-20,2026-06-20,16,日勤,29,109,58,196,197,-1,0.964,189
2026-06-20,2026-06-20,17,日勤,24,100,46,170,172,-2,0.959,163
2026-06-20,2026-06-20,18,日勤,19,68,45,132,134,-2,0.962,127
2026-06-20,2026-06-20,19,日勤,12,50,33,95,97,-2,0.947,90
2026-06-20,2026-06-20,20,夜勤,8,45,41,94,101,-7,0.957,90
2026-06-20,2026-06-20,21,夜勤,6,37,36,79,79,0,0.975,77
2026-06-20,2026-06-20,22,夜勤,3,38,27,68,69,-1,0.971,66
2026-06-20,2026-06-20,23,夜勤,3,27,23,53,49,4,0.962,51
2026-06-21,2026-06-20,0,夜勤,1,26,23,50,48,2,0.94,47
2026-06-21,2026-06-20,1,夜勤,1,12,14,27,28,-1,0.963,26
2026-06-21,2026-06-20,2,夜勤,1,13,15,29,28,1,0.966,28
2026-06-21,2026-06-20,3,夜勤,1,13,15,29,28,1,0.931,27
2026-06-21,2026-06-20,4,夜勤,2,13,14,29,28,1,0.931,27
2026-06-21,2026-06-20,5,夜勤,1,12,22,35,35,0,0.971,34
2026-06-21,2026-06-20,6,夜勤,2,25,29,56,55,1,0.982,55
2026-06-21,2026-06-20,7,夜勤,2,35,35,72,74,-2,0.903,65
2026-06-21,2026-06-20,8,夜勤,1,54,45,100,94,6,0.91,91
2026-06-21,2026-06-21,9,日勤,15,76,58,149,146,3,0.906,135
2026-06-21,2026-06-21,10,日勤,29,115,69,213,224,-11,0.981,209
2026-06-21,2026-06-21,11,日勤,31,138,67,236,237,-1,0.936,221
2026-06-21,2026-06-21,12,日勤,29,105,77,211,199,12,0.938,198
2026-06-21,2026-06-21,13,日勤,29,129,74,232,224,8,0.931,216
2026-06-21,2026-06-21,14,日勤,30,129,72,231,237,-6,0.935,216
2026-06-21,2026-06-21,15,日勤,28,119,60,207,217,-10,0.942,195
2026-06-21,2026-06-21,16,日勤,28,108,58,194,197,-3,0.974,189
2026-06-21,2026-06-21,17,日勤,24,94,49,167,172,-5,0.958,160
2026-06-21,2026-06-21,18,日勤,19,78,40,137,134,3,0.956,131
2026-06-21,2026-06-21,19,日勤,11,53,37,101,97,4,0.95,96
2026-06-21,2026-06-21,20,夜勤,8,53,46,107,101,6,0.869,93
2026-06-21,2026-06-21,21,夜勤,6,37,37,80,79,1,0.9,72
2026-06-21,2026-06-21,22,夜勤,3,34,31,68,69,-1,0.941,64
2026-06-21,2026-06-21,23,夜勤,3,23,24,50,49,1,0.94,47
2026-06-22,2026-06-21,0,夜勤,1,23,22,46,48,-2,0.978,45
2026-06-22,2026-06-21,1,夜勤,1,12,15,28,28,0,0.964,27
2026-06-22,2026-06-21,2,夜勤,2,13,14,29,28,1,0.897,26
2026-06-22,2026-06-21,3,夜勤,1,12,14,27,28,-1,0.926,25
2026-06-22,2026-06-21,4,夜勤,1,13,15,29,28,1,0.966,28
2026-06-22,2026-06-21,5,夜勤,1,13,24,38,35,3,0.947,36
2026-06-22,2026-06-21,6,夜勤,1,25,28,54,55,-1,0.926,50
2026-06-22,2026-06-21,7,夜勤,1,38,34,73,74,-1,0.973,71
2026-06-22,2026-06-21,8,夜勤,1,47,46,94,94,0,0.968,91
2026-06-22,2026-06-22,9,日勤,14,75,53,142,146,-4,0.965,137
2026-06-22,2026-06-22,10,日勤,27,128,68,223,224,-1,0.91,203
2026-06-22,2026-06-22,11,日勤,29,143,70,242,237,5,0.959,232
2026-06-22,2026-06-22,12,日勤,31,90,78,199,199,0,0.96,191
2026-06-22,2026-06-22,13,日勤,28,120,68,216,224,-8,0.949,205
2026-06-22,2026-06-22,14,日勤,28,147,66,241,237,4,0.963,232
2026-06-22,2026-06-22,15,日勤,29,130,68,227,217,10,0.974,221
2026-06-22,2026-06-22,16,日勤,29,118,56,203,197,6,0.966,196
2026-06-22,2026-06-22,17,日勤,24,97,52,173,172,1,0.96,166
2026-06-22,2026-06-22,18,日勤,18,80,45,143,134,9,0.937,134
2026-06-22,2026-06-22,19,日勤,12,53,34,99,97,2,0.869,86
2026-06-22,2026-06-22,20,夜勤,8,47,42,97,101,-4,0.948,92
2026-06-22,2026-06-22,21,夜勤,6,37,38,81,79,2,0.951,77
2026-06-22,2026-06-22,22,夜勤,3,35,30,68,69,-1,0.971,66
2026-06-22,2026-06-22,23,夜勤,3,23,22,48,49,-1,0.938,45
2026-06-23,2026-06-22,0,夜勤,1,23,23,47,48,-1,0.915,43
2026-06-23,2026-06-22,1,夜勤,1,13,13,27,28,-1,0.889,24
2026-06-23,2026-06-22,2,夜勤,1,13,14,28,28,0,0.964,27
2026-06-23,2026-06-22,3,夜勤,1,12,13,26,28,-2,0.962,25
2026-06-23,2026-06-22,4,夜勤,2,11,15,28,28,0,0.929,26
2026-06-23,2026-06-22,5,夜勤,2,12,23,37,35,2,0.973,36
2026-06-23,2026-06-22,6,夜勤,1,27,28,56,55,1,0.964,54
2026-06-23,2026-06-22,7,夜勤,1,34,38,73,74,-1,0.959,70
2026-06-23,2026-06-22,8,夜勤,1,45,46,92,94,-2,0.935,86
2026-06-23,2026-06-23,9,日勤,14,73,63,150,146,4,0.933,140
2026-06-23,2026-06-23,10,日勤,28,118,76,222,224,-2,0.968,215
2026-06-23,2026-06-23,11,日勤,27,131,75,233,237,-4,0.957,223
2026-06-23,2026-06-23,12,日勤,27,101,76,204,199,5,0.877,179
2026-06-23,2026-06-23,13,日勤,26,118,70,214,224,-10,0.902,193
2026-06-23,2026-06-23,14,日勤,31,143,71,245,237,8,0.967,237
2026-06-23,2026-06-23,15,日勤,27,114,68,209,217,-8,0.957,200
2026-06-23,2026-06-23,16,日勤,27,119,52,198,197,1,0.924,183
2026-06-23,2026-06-23,17,日勤,23,108,47,178,172,6,0.933,166
2026-06-23,2026-06-23,18,日勤,16,70,46,132,134,-2,0.97,128
2026-06-23,2026-06-23,19,日勤,12,45,39,96,97,-1,0.917,88
2026-06-23,2026-06-23,20,夜勤,9,52,44,105,101,4,0.971,102
2026-06-23,2026-06-23,21,夜勤,6,41,37,84,79,5,0.952,80
2026-06-23,2026-06-23,22,夜勤,3,35,28,66,69,-3,0.955,63
2026-06-23,2026-06-23,23,夜勤,3,27,21,51,49,2,0.922,47
2026-06-24,2026-06-23,0,夜勤,1,24,22,47,48,-1,0.915,43
2026-06-24,2026-06-23,1,夜勤,1,12,13,26,28,-2,0.962,25
2026-06-24,2026-06-23,2,夜勤,2,13,13,28,28,0,0.964,27
2026-06-24,2026-06-23,3,夜勤,1,13,13,27,28,-1,0.963,26
2026-06-24,2026-06-23,4,夜勤,2,13,15,30,28,2,0.9,27
2026-06-24,2026-06-23,5,夜勤,1,12,20,33,35,-2,0.939,31
2026-06-24,2026-06-23,6,夜勤,1,27,31,59,55,4,0.932,55
2026-06-24,2026-06-23,7,夜勤,1,35,35,71,74,-3,0.944,67
2026-06-24,2026-06-23,8,夜勤,2,50,43,95,94,1,0.916,87
2026-06-24,2026-06-24,9,日勤,15,69,62,146,146,0,0.952,139
2026-06-24,2026-06-24,10,日勤,29,124,67,220,224,-4,0.945,208
2026-06-24,2026-06-24,11,日勤,31,125,77,233,237,-4,0.97,226
2026-06-24,2026-06-24,12,日勤,27,93,75,195,199,-4,0.969,189
2026-06-24,2026-06-24,13,日勤,30,132,66,228,224,4,0.921,210
2026-06-24,2026-06-24,14,日勤,27,144,65,236,237,-1,0.97,229
2026-06-24,2026-06-24,15,日勤,30,123,59,212,217,-5,0.981,208
2026-06-24,2026-06-24,16,日勤,30,116,60,206,197,9,0.942,194
2026-06-24,2026-06-24,17,日勤,24,103,51,178,172,6,0.899,160
2026-06-24,2026-06-24,18,日勤,19,68,44,131,134,-3,0.962,126
2026-06-24,2026-06-24,19,日勤,12,53,38,103,97,6,0.961,99
2026-06-24,2026-06-24,20,夜勤,9,47,42,98,101,-3,0.959,94
2026-06-24,2026-06-24,21,夜勤,6,36,39,81,79,2,0.938,76
2026-06-24,2026-06-24,22,夜勤,3,34,27,64,69,-5,0.906,58
2026-06-24,2026-06-24,23,夜勤,3,27,23,53,49,4,0.925,49
2026-06-25,2026-06-24,0,夜勤,2,27,22,51,48,3,0.922,47
2026-06-25,2026-06-24,1,夜勤,1,11,13,25,28,-3,0.92,23
2026-06-25,2026-06-24,2,夜勤,2,12,15,29,28,1,0.931,27
2026-06-25,2026-06-24,3,夜勤,1,11,14,26,28,-2,0.923,24
2026-06-25,2026-06-24,4,夜勤,1,12,13,26,28,-2,0.962,25
2026-06-25,2026-06-24,5,夜勤,1,12,23,36,35,1,0.972,35
2026-06-25,2026-06-24,6,夜勤,2,24,31,57,55,2,0.93,53
2026-06-25,2026-06-24,7,夜勤,1,35,36,72,74,-2,0.847,61
2026-06-25,2026-06-24,8,夜勤,1,54,44,99,94,5,0.919,91
2026-06-25,2026-06-25,9,日勤,15,75,56,146,146,0,0.911,133
2026-06-25,2026-06-25,10,日勤,31,121,75,227,224,3,0.938,213
2026-06-25,2026-06-25,11,日勤,27,144,71,242,237,5,0.938,227
2026-06-25,2026-06-25,12,日勤,27,93,76,196,199,-3,0.939,184
2026-06-25,2026-06-25,13,日勤,30,136,73,239,224,15,0.912,218
2026-06-25,2026-06-25,14,日勤,30,148,69,247,237,10,0.96,237
2026-06-25,2026-06-25,15,日勤,29,124,65,218,217,1,0.885,193
2026-06-25,2026-06-25,16,日勤,27,103,52,182,197,-15,0.951,173
2026-06-25,2026-06-25,17,日勤,24,97,51,172,172,0,0.913,157
2026-06-25,2026-06-25,18,日勤,17,74,40,131,134,-3,0.962,126
2026-06-25,2026-06-25,19,日勤,11,54,39,104,97,7,0.865,90
2026-06-25,2026-06-25,20,夜勤,9,50,47,106,101,5,0.906,96
2026-06-25,2026-06-25,21,夜勤,5,38,33,76,79,-3,0.882,67
2026-06-25,2026-06-25,22,夜勤,3,35,27,65,69,-4,0.923,60
2026-06-25,2026-06-25,23,夜勤,3,24,22,49,49,0,0.918,45
2026-06-26,2026-06-25,0,夜勤,2,25,22,49,48,1,0.959,47
2026-06-26,2026-06-25,1,夜勤,1,12,13,26,28,-2,0.923,24
2026-06-26,2026-06-25,2,夜勤,1,13,15,29,28,1,0.897,26
2026-06-26,2026-06-25,3,夜勤,1,11,14,26,28,-2,0.923,24
2026-06-26,2026-06-25,4,夜勤,2,13,14,29,28,1,0.931,27
2026-06-26,2026-06-25,5,夜勤,1,13,22,36,35,1,0.917,33
2026-06-26,2026-06-25,6,夜勤,1,23,30,54,55,-1,0.926,50
2026-06-26,2026-06-25,7,夜勤,2,36,35,73,74,-1,0.918,67
2026-06-26,2026-06-25,8,夜勤,1,53,47,101,94,7,0.98,99
2026-06-26,2026-06-26,9,日勤,13,80,56,149,146,3,0.966,144
2026-06-26,2026-06-26,10,日勤,28,135,69,232,224,8,0.905,210
2026-06-26,2026-06-26,11,日勤,26,143,66,235,237,-2,0.928,218
2026-06-26,2026-06-26,12,日勤,31,100,75,206,199,7,0.917,189
2026-06-26,2026-06-26,13,日勤,29,131,78,238,224,14,0.92,219
2026-06-26,2026-06-26,14,日勤,28,134,77,239,237,2,0.962,230
2026-06-26,2026-06-26,15,日勤,28,117,64,209,217,-8,0.947,198
2026-06-26,2026-06-26,16,日勤,29,108,58,195,197,-2,0.959,187
2026-06-26,2026-06-26,17,日勤,24,101,50,175,172,3,0.92,161
2026-06-26,2026-06-26,18,日勤,17,67,47,131,134,-3,0.947,124
2026-06-26,2026-06-26,19,日勤,12,46,35,93,97,-4,0.914,85
2026-06-26,2026-06-26,20,夜勤,8,51,44,103,101,2,0.932,96
2026-06-26,2026-06-26,21,夜勤,6,37,37,80,79,1,0.925,74
2026-06-26,2026-06-26,22,夜勤,3,40,28,71,69,2,0.958,68
2026-06-26,2026-06-26,23,夜勤,3,22,23,48,49,-1,0.938,45
2026-06-27,2026-06-26,0,夜勤,1,24,20,45,48,-3,0.956,43
2026-06-27,2026-06-26,1,夜勤,2,11,16,29,28,1,0.931,27
2026-06-27,2026-06-26,2,夜勤,2,13,13,28,28,0,0.929,26
2026-06-27,2026-06-26,3,夜勤,1,11,14,26,28,-2,0.962,25
2026-06-27,2026-06-26,4,夜勤,1,13,15,29,28,1,0.931,27
2026-06-27,2026-06-26,5,夜勤,2,11,22,35,35,0,0.943,33
2026-06-27,2026-06-26,6,夜勤,2,24,31,57,55,2,0.965,55
2026-06-27,2026-06-26,7,夜勤,1,36,38,75,74,1,0.973,73
2026-06-27,2026-06-26,8,夜勤,1,51,39,91,94,-3,0.912,83
2026-06-27,2026-06-27,9,日勤,13,67,62,142,146,-4,0.915,130
2026-06-27,2026-06-27,10,日勤,28,135,79,242,224,18,0.938,227
2026-06-27,2026-06-27,11,日勤,26,137,69,232,237,-5,0.94,218
2026-06-27,2026-06-27,12,日勤,31,94,73,198,199,-1,0.909,180
2026-06-27,2026-06-27,13,日勤,31,129,76,236,224,12,0.949,224
2026-06-27,2026-06-27,14,日勤,31,140,65,236,237,-1,0.962,227
2026-06-27,2026-06-27,15,日勤,30,135,59,224,217,7,0.96,215
2026-06-27,2026-06-27,16,日勤,29,102,59,190,197,-7,0.932,177
2026-06-27,2026-06-27,17,日勤,23,98,46,167,172,-5,0.952,159
2026-06-27,2026-06-27,18,日勤,16,81,44,141,134,7,0.972,137
2026-06-27,2026-06-27,19,日勤,11,47,39,97,97,0,0.969,94
2026-06-27,2026-06-27,20,夜勤,9,47,45,101,101,0,0.921,93
2026-06-27,2026-06-27,21,夜勤,6,37,34,77,79,-2,0.948,73
2026-06-27,2026-06-27,22,夜勤,3,41,28,72,69,3,0.944,68
2026-06-27,2026-06-27,23,夜勤,3,23,20,46,49,-3,0.935,43
2026-06-28,2026-06-27,0,夜勤,1,26,23,50,48,2,0.96,48
2026-06-28,2026-06-27,1,夜勤,1,13,15,29,28,1,0.931,27
2026-06-28,2026-06-27,2,夜勤,1,12,14,27,28,-1,0.926,25
2026-06-28,2026-06-27,3,夜勤,1,12,14,27,28,-1,0.963,26
2026-06-28,2026-06-27,4,夜勤,1,13,13,27,28,-1,0.926,25
2026-06-28,2026-06-27,5,夜勤,1,14,20,35,35,0,0.914,32
2026-06-28,2026-06-27,6,夜勤,1,27,31,59,55,4,0.949,56
2026-06-28,2026-06-27,7,夜勤,2,40,32,74,74,0,0.919,68
2026-06-28,2026-06-27,8,夜勤,1,53,46,100,94,6,0.95,95
2026-06-28,2026-06-28,9,日勤,13,81,59,153,146,7,0.935,143
2026-06-28,2026-06-28,10,日勤,31,124,77,232,224,8,0.978,227
2026-06-28,2026-06-28,11,日勤,29,124,68,221,237,-16,0.95,210
2026-06-28,2026-06-28,12,日勤,26,91,75,192,199,-7,0.901,173
2026-06-28,2026-06-28,13,日勤,29,112,69,210,224,-14,0.91,191
2026-06-28,2026-06-28,14,日勤,26,136,70,232,237,-5,0.97,225
2026-06-28,2026-06-28,15,日勤,29,136,69,234,217,17,0.915,214
2026-06-28,2026-06-28,16,日勤,27,107,59,193,197,-4,0.979,189
2026-06-28,2026-06-28,17,日勤,24,90,51,165,172,-7,0.945,156
2026-06-28,2026-06-28,18,日勤,16,79,47,142,134,8,0.965,137
2026-06-28,2026-06-28,19,日勤,10,53,35,98,97,1,0.939,92
2026-06-28,2026-06-28,20,夜勤,9,48,46,103,101,2,0.883,91
2026-06-28,2026-06-28,21,夜勤,5,38,36,79,79,0,0.937,74
2026-06-28,2026-06-28,22,夜勤,3,41,30,74,69,5,0.932,69
2026-06-28,2026-06-28,23,夜勤,3,26,23,52,49,3,0.962,50
2026-06-29,2026-06-28,0,夜勤,1,26,22,49,48,1,0.878,43
2026-06-29,2026-06-28,1,夜勤,1,13,15,29,28,1,0.931,27
2026-06-29,2026-06-28,2,夜勤,2,13,14,29,28,1,0.966,28
2026-06-29,2026-06-28,3,夜勤,1,13,15,29,28,1,0.897,26
2026-06-29,2026-06-28,4,夜勤,1,13,14,28,28,0,0.893,25
2026-06-29,2026-06-28,5,夜勤,1,12,21,34,35,-1,0.971,33
2026-06-29,2026-06-28,6,夜勤,1,26,28,55,55,0,0.982,54
2026-06-29,2026-06-28,7,夜勤,1,36,32,69,74,-5,0.971,67
2026-06-29,2026-06-28,8,夜勤,2,52,40,94,94,0,0.979,92
2026-06-29,2026-06-29,9,日勤,15,71,55,141,146,-5,0.965,136
2026-06-29,2026-06-29,10,日勤,29,127,72,228,224,4,0.965,220
2026-06-29,2026-06-29,11,日勤,30,140,78,248,237,11,0.919,228
2026-06-29,2026-06-29,12,日勤,27,103,75,205,199,6,0.863,177
2026-06-29,2026-06-29,13,日勤,29,127,78,234,224,10,0.974,228
2026-06-29,2026-06-29,14,日勤,31,147,66,244,237,7,0.926,226
2026-06-29,2026-06-29,15,日勤,30,124,62,216,217,-1,0.926,200
2026-06-29,2026-06-29,16,日勤,31,113,54,198,197,1,0.975,193
2026-06-29,2026-06-29,17,日勤,22,95,48,165,172,-7,0.903,149
2026-06-29,2026-06-29,18,日勤,17,73,42,132,134,-2,0.902,119
2026-06-29,2026-06-29,19,日勤,12,48,34,94,97,-3,0.968,91
2026-06-29,2026-06-29,20,夜勤,9,46,42,97,101,-4,0.938,91
2026-06-29,2026-06-29,21,夜勤,5,34,33,72,79,-7,0.972,70
2026-06-29,2026-06-29,22,夜勤,3,41,29,73,69,4,0.904,66
2026-06-29,2026-06-29,23,夜勤,3,27,21,51,49,2,0.98,50
2026-06-30,2026-06-29,0,夜勤,1,24,20,45,48,-3,0.911,41
2026-06-30,2026-06-29,1,夜勤,2,13,16,31,28,3,0.935,29
2026-06-30,2026-06-29,2,夜勤,2,12,14,28,28,0,0.929,26
2026-06-30,2026-06-29,3,夜勤,1,12,14,27,28,-1,0.926,25
2026-06-30,2026-06-29,4,夜勤,2,13,14,29,28,1,0.931,27
2026-06-30,2026-06-29,5,夜勤,2,13,23,38,35,3,0.868,33
2026-06-30,2026-06-29,6,夜勤,2,24,29,55,55,0,0.927,51
2026-06-30,2026-06-29,7,夜勤,1,39,37,77,74,3,0.896,69
2026-06-30,2026-06-29,8,夜勤,1,48,45,94,94,0,0.968,91
2026-06-30,2026-06-30,9,日勤,14,71,56,141,146,-5,0.922,130
2026-06-30,2026-06-30,10,日勤,30,132,70,232,224,8,0.961,223
2026-06-30,2026-06-30,11,日勤,26,126,75,227,237,-10,0.912,207
2026-06-30,2026-06-30,12,日勤,30,92,65,187,199,-12,0.963,180
2026-06-30,2026-06-30,13,日勤,29,126,64,219,224,-5,0.954,209
2026-06-30,2026-06-30,14,日勤,26,141,69,236,237,-1,0.911,215
2026-06-30,2026-06-30,15,日勤,31,125,58,214,217,-3,0.977,209
2026-06-30,2026-06-30,16,日勤,31,120,61,212,197,15,0.948,201
2026-06-30,2026-06-30,17,日勤,25,103,50,178,172,6,0.972,173
2026-06-30,2026-06-30,18,日勤,16,80,39,135,134,1,0.911,123
2026-06-30,2026-06-30,19,日勤,11,47,33,91,97,-6,0.967,88
2026-06-30,2026-06-30,20,夜勤,9,46,44,99,101,-2,0.96,95
2026-06-30,2026-06-30,21,夜勤,6,38,34,78,79,-1,0.936,73
2026-06-30,2026-06-30,22,夜勤,3,38,26,67,69,-2,0.94,63
2026-06-30,2026-06-30,23,夜勤,3,25,23,51,49,2,0.902,46
2026-07-01,2026-06-30,0,夜勤,1,24,21,46,48,-2,0.87,40
2026-07-01,2026-06-30,1,夜勤,1,12,14,27,28,-1,0.963,26
2026-07-01,2026-06-30,2,夜勤,2,12,13,27,28,-1,0.963,26
2026-07-01,2026-06-30,3,夜勤,1,11,13,25,28,-3,0.92,23
2026-07-01,2026-06-30,4,夜勤,2,11,14,27,28,-1,0.926,25
2026-07-01,2026-06-30,5,夜勤,1,13,21,35,35,0,0.943,33
2026-07-01,2026-06-30,6,夜勤,1,26,31,58,55,3,0.948,55
2026-07-01,2026-06-30,7,夜勤,1,40,39,80,74,6,0.975,78
2026-07-01,2026-06-30,8,夜勤,1,52,39,92,94,-2,0.967,89
2026-07-01,2026-07-01,9,日勤,15,73,55,143,146,-3,0.902,129
2026-07-01,2026-07-01,10,日勤,30,114,65,209,224,-15,0.923,193
2026-07-01,2026-07-01,11,日勤,29,130,69,228,237,-9,0.939,214
2026-07-01,2026-07-01,12,日勤,27,102,79,208,199,9,0.971,202
2026-07-01,2026-07-01,13,日勤,29,118,74,221,224,-3,0.932,206
2026-07-01,2026-07-01,14,日勤,27,126,72,225,237,-12,0.916,206
2026-07-01,2026-07-01,15,日勤,26,122,64,212,217,-5,0.915,194
2026-07-01,2026-07-01,16,日勤,29,113,55,197,197,0,0.924,182
2026-07-01,2026-07-01,17,日勤,24,105,49,178,172,6,0.916,163
2026-07-01,2026-07-01,18,日勤,17,70,45,132,134,-2,0.947,125
2026-07-01,2026-07-01,19,日勤,11,49,35,95,97,-2,0.926,88
2026-07-01,2026-07-01,20,夜勤,9,53,44,106,101,5,0.915,97
2026-07-01,2026-07-01,21,夜勤,6,38,34,78,79,-1,0.949,74
2026-07-01,2026-07-01,22,夜勤,3,35,30,68,69,-1,0.926,63
2026-07-01,2026-07-01,23,夜勤,3,26,21,50,49,1,0.92,46
2026-07-02,2026-07-01,0,夜勤,1,23,23,47,48,-1,0.979,46
2026-07-02,2026-07-01,1,夜勤,1,13,14,28,28,0,0.964,27
2026-07-02,2026-07-01,2,夜勤,1,11,13,25,28,-3,0.96,24
2026-07-02,2026-07-01,3,夜勤,1,13,13,27,28,-1,0.926,25
2026-07-02,2026-07-01,4,夜勤,2,13,15,30,28,2,0.967,29
2026-07-02,2026-07-01,5,夜勤,2,12,23,37,35,2,0.973,36
2026-07-02,2026-07-01,6,夜勤,2,26,31,59,55,4,0.898,53
2026-07-02,2026-07-01,7,夜勤,1,41,36,78,74,4,0.936,73
2026-07-02,2026-07-01,8,夜勤,1,54,41,96,94,2,0.979,94
2026-07-02,2026-07-02,9,日勤,15,81,62,158,146,12,0.943,149
2026-07-02,2026-07-02,10,日勤,28,129,76,233,224,9,0.961,224
2026-07-02,2026-07-02,11,日勤,27,131,78,236,237,-1,0.928,219
2026-07-02,2026-07-02,12,日勤,28,104,73,205,199,6,0.859,176
2026-07-02,2026-07-02,13,日勤,30,115,72,217,224,-7,0.972,211
2026-07-02,2026-07-02,14,日勤,27,126,66,219,237,-18,0.973,213
2026-07-02,2026-07-02,15,日勤,31,122,61,214,217,-3,0.972,208
2026-07-02,2026-07-02,16,日勤,29,118,56,203,197,6,0.941,191
2026-07-02,2026-07-02,17,日勤,23,108,55,186,172,14,0.957,178
2026-07-02,2026-07-02,18,日勤,18,78,47,143,134,9,0.923,132
2026-07-02,2026-07-02,19,日勤,11,48,33,92,97,-5,0.946,87
2026-07-02,2026-07-02,20,夜勤,9,50,41,100,101,-1,0.9,90
2026-07-02,2026-07-02,21,夜勤,6,36,38,80,79,1,0.938,75
2026-07-02,2026-07-02,22,夜勤,3,37,30,70,69,1,0.957,67
2026-07-02,2026-07-02,23,夜勤,3,25,20,48,49,-1,0.917,44
2026-07-03,2026-07-02,0,夜勤,1,27,20,48,48,0,0.917,44
2026-07-03,2026-07-02,1,夜勤,1,12,13,26,28,-2,0.885,23
2026-07-03,2026-07-02,2,夜勤,2,12,15,29,28,1,0.931,27
2026-07-03,2026-07-02,3,夜勤,2,12,15,29,28,1,0.966,28
2026-07-03,2026-07-02,4,夜勤,1,13,15,29,28,1,0.966,28
2026-07-03,2026-07-02,5,夜勤,2,13,21,36,35,1,0.889,32
2026-07-03,2026-07-02,6,夜勤,1,26,30,57,55,2,0.93,53
2026-07-03,2026-07-02,7,夜勤,2,36,36,74,74,0,0.959,71
2026-07-03,2026-07-02,8,夜勤,1,45,46,92,94,-2,0.913,84
2026-07-03,2026-07-03,9,日勤,15,77,60,152,146,6,0.921,140
2026-07-03,2026-07-03,10,日勤,27,122,65,214,224,-10,0.93,199
2026-07-03,2026-07-03,11,日勤,31,146,67,244,237,7,0.869,212
2026-07-03,2026-07-03,12,日勤,27,99,71,197,199,-2,0.929,183
2026-07-03,2026-07-03,13,日勤,27,123,65,215,224,-9,0.967,208
2026-07-03,2026-07-03,14,日勤,29,141,77,247,237,10,0.955,236
2026-07-03,2026-07-03,15,日勤,28,128,69,225,217,8,0.978,220
2026-07-03,2026-07-03,16,日勤,29,119,54,202,197,5,0.911,184
2026-07-03,2026-07-03,17,日勤,21,103,55,179,172,7,0.922,165
2026-07-03,2026-07-03,18,日勤,17,73,45,135,134,1,0.896,121
2026-07-03,2026-07-03,19,日勤,12,52,35,99,97,2,0.96,95
2026-07-03,2026-07-03,20,夜勤,9,47,47,103,101,2,0.951,98
2026-07-03,2026-07-03,21,夜勤,6,37,36,79,79,0,0.962,76
2026-07-03,2026-07-03,22,夜勤,3,41,27,71,69,2,0.944,67
2026-07-03,2026-07-03,23,夜勤,3,25,22,50,49,1,0.9,45
2026-07-04,2026-07-03,0,夜勤,2,24,21,47,48,-1,0.957,45
2026-07-04,2026-07-03,1,夜勤,2,13,15,30,28,2,0.933,28
2026-07-04,2026-07-03,2,夜勤,2,11,14,27,28,-1,0.963,26
2026-07-04,2026-07-03,3,夜勤,1,12,13,26,28,-2,0.923,24
2026-07-04,2026-07-03,4,夜勤,2,12,15,29,28,1,0.931,27
2026-07-04,2026-07-03,5,夜勤,1,12,22,35,35,0,0.914,32
2026-07-04,2026-07-03,6,夜勤,2,24,29,55,55,0,0.964,53
2026-07-04,2026-07-03,7,夜勤,1,39,33,73,74,-1,0.945,69
2026-07-04,2026-07-03,8,夜勤,1,49,39,89,94,-5,0.933,83
2026-07-04,2026-07-04,9,日勤,15,68,59,142,146,-4,0.937,133
2026-07-04,2026-07-04,10,日勤,28,132,75,235,224,11,0.915,215
2026-07-04,2026-07-04,11,日勤,30,138,76,244,237,7,0.914,223
2026-07-04,2026-07-04,12,日勤,30,100,74,204,199,5,0.902,184
2026-07-04,2026-07-04,13,日勤,31,134,65,230,224,6,0.874,201
2026-07-04,2026-07-04,14,日勤,30,126,76,232,237,-5,0.901,209
2026-07-04,2026-07-04,15,日勤,27,113,67,207,217,-10,0.971,201
2026-07-04,2026-07-04,16,日勤,27,115,58,200,197,3,0.935,187
2026-07-04,2026-07-04,17,日勤,23,106,47,176,172,4,0.926,163
2026-07-04,2026-07-04,18,日勤,16,79,47,142,134,8,0.901,128
2026-07-04,2026-07-04,19,日勤,11,48,32,91,97,-6,0.945,86
2026-07-04,2026-07-04,20,夜勤,9,53,44,106,101,5,0.972,103
2026-07-04,2026-07-04,21,夜勤,6,39,33,78,79,-1,0.962,75
2026-07-04,2026-07-04,22,夜勤,3,37,30,70,69,1,0.971,68
2026-07-04,2026-07-04,23,夜勤,3,23,20,46,49,-3,0.935,43
2026-07-05,2026-07-04,0,夜勤,1,24,22,47,48,-1,0.979,46
2026-07-05,2026-07-04,1,夜勤,1,13,14,28,28,0,0.929,26
2026-07-05,2026-07-04,2,夜勤,1,11,14,26,28,-2,0.923,24
2026-07-05,2026-07-04,3,夜勤,1,13,16,30,28,2,0.967,29
2026-07-05,2026-07-04,4,夜勤,1,13,15,29,28,1,0.897,26
2026-07-05,2026-07-04,5,夜勤,1,11,23,35,35,0,0.943,33
2026-07-05,2026-07-04,6,夜勤,2,23,28,53,55,-2,0.887,47
2026-07-05,2026-07-04,7,夜勤,1,40,32,73,74,-1,0.959,70
2026-07-05,2026-07-04,8,夜勤,1,51,44,96,94,2,0.958,92
2026-07-05,2026-07-05,9,日勤,13,68,62,143,146,-3,0.916,131
2026-07-05,2026-07-05,10,日勤,28,124,67,219,224,-5,0.963,211
2026-07-05,2026-07-05,11,日勤,27,143,67,237,237,0,0.979,232
2026-07-05,2026-07-05,12,日勤,29,104,71,204,199,5,0.946,193
2026-07-05,2026-07-05,13,日勤,27,126,71,224,224,0,0.933,209
2026-07-05,2026-07-05,14,日勤,30,147,70,247,237,10,0.927,229
2026-07-05,2026-07-05,15,日勤,28,118,63,209,217,-8,0.971,203
2026-07-05,2026-07-05,16,日勤,28,111,60,199,197,2,0.874,174
2026-07-05,2026-07-05,17,日勤,25,109,51,185,172,13,0.935,173
2026-07-05,2026-07-05,18,日勤,16,72,45,133,134,-1,0.947,126
2026-07-05,2026-07-05,19,日勤,12,54,38,104,97,7,0.923,96
2026-07-05,2026-07-05,20,夜勤,9,48,41,98,101,-3,0.959,94
2026-07-05,2026-07-05,21,夜勤,5,41,33,79,79,0,0.924,73
2026-07-05,2026-07-05,22,夜勤,3,38,30,71,69,2,0.944,67
2026-07-05,2026-07-05,23,夜勤,3,24,23,50,49,1,0.96,48
2026-07-06,2026-07-05,0,夜勤,1,22,20,43,48,-5,0.907,39
2026-07-06,2026-07-05,1,夜勤,2,12,15,29,28,1,0.931,27
2026-07-06,2026-07-05,2,夜勤,2,13,15,30,28,2,0.933,28
2026-07-06,2026-07-05,3,夜勤,1,13,15,29,28,1,0.966,28
2026-07-06,2026-07-05,4,夜勤,1,12,13,26,28,-2,0.923,24
2026-07-06,2026-07-05,5,夜勤,1,12,22,35,35,0,0.971,34
2026-07-06,2026-07-05,6,夜勤,2,26,29,57,55,2,0.912,52
2026-07-06,2026-07-05,7,夜勤,2,38,34,74,74,0,0.919,68
2026-07-06,2026-07-05,8,夜勤,1,53,41,95,94,1,0.968,92
2026-07-06,2026-07-06,9,日勤,15,68,60,143,146,-3,0.937,134
2026-07-06,2026-07-06,10,日勤,31,130,75,236,224,12,0.915,216
2026-07-06,2026-07-06,11,日勤,30,141,76,247,237,10,0.911,225
2026-07-06,2026-07-06,12,日勤,28,104,71,203,199,4,0.906,184
2026-07-06,2026-07-06,13,日勤,29,130,73,232,224,8,0.914,212
2026-07-06,2026-07-06,14,日勤,30,129,69,228,237,-9,0.925,211
2026-07-06,2026-07-06,15,日勤,30,136,68,234,217,17,0.962,225
2026-07-06,2026-07-06,16,日勤,31,116,54,201,197,4,0.98,197
2026-07-06,2026-07-06,17,日勤,24,100,50,174,172,2,0.92,160
2026-07-06,2026-07-06,18,日勤,17,78,43,138,134,4,0.942,130
2026-07-06,2026-07-06,19,日勤,11,49,36,96,97,-1,0.969,93
2026-07-06,2026-07-06,20,夜勤,9,45,41,95,101,-6,0.979,93
2026-07-06,2026-07-06,21,夜勤,6,40,34,80,79,1,0.9,72
2026-07-06,2026-07-06,22,夜勤,3,41,26,70,69,1,0.943,66
2026-07-06,2026-07-06,23,夜勤,3,25,23,51,49,2,0.922,47
2026-07-07,2026-07-06,0,夜勤,1,22,23,46,48,-2,0.978,45
2026-07-07,2026-07-06,1,夜勤,1,12,15,28,28,0,0.893,25
2026-07-07,2026-07-06,2,夜勤,1,12,15,28,28,0,0.929,26
2026-07-07,2026-07-06,3,夜勤,1,13,14,28,28,0,0.964,27
2026-07-07,2026-07-06,4,夜勤,2,13,13,28,28,0,0.929,26
2026-07-07,2026-07-06,5,夜勤,2,13,20,35,35,0,0.943,33
2026-07-07,2026-07-06,6,夜勤,1,26,26,53,55,-2,0.906,48
2026-07-07,2026-07-06,7,夜勤,1,37,33,71,74,-3,0.958,68
2026-07-07,2026-07-06,8,夜勤,1,52,41,94,94,0,0.968,91
2026-07-07,2026-07-07,9,日勤,14,76,61,151,146,5,0.967,146
2026-07-07,2026-07-07,10,日勤,30,112,70,212,224,-12,0.934,198
2026-07-07,2026-07-07,11,日勤,31,148,74,253,237,16,0.858,217
2026-07-07,2026-07-07,12,日勤,27,104,65,196,199,-3,0.929,182
2026-07-07,2026-07-07,13,日勤,32,130,67,229,224,5,0.956,219
2026-07-07,2026-07-07,14,日勤,29,145,67,241,237,4,0.909,219
2026-07-07,2026-07-07,15,日勤,31,130,62,223,217,6,0.951,212
2026-07-07,2026-07-07,16,日勤,31,113,53,197,197,0,0.888,175
2026-07-07,2026-07-07,17,日勤,21,109,49,179,172,7,0.927,166
2026-07-07,2026-07-07,18,日勤,16,76,46,138,134,4,0.884,122
2026-07-07,2026-07-07,19,日勤,12,52,36,100,97,3,0.95,95
2026-07-07,2026-07-07,20,夜勤,8,49,43,100,101,-1,0.91,91
2026-07-07,2026-07-07,21,夜勤,5,34,37,76,79,-3,0.921,70
2026-07-07,2026-07-07,22,夜勤,3,39,28,70,69,1,0.943,66
2026-07-07,2026-07-07,23,夜勤,3,27,21,51,49,2,0.961,49
2026-07-08,2026-07-07,0,夜勤,2,26,22,50,48,2,0.96,48
2026-07-08,2026-07-07,1,夜勤,1,11,13,25,28,-3,0.96,24
2026-07-08,2026-07-07,2,夜勤,2,11,14,27,28,-1,0.926,25
2026-07-08,2026-07-07,3,夜勤,1,12,14,27,28,-1,0.963,26
2026-07-08,2026-07-07,4,夜勤,1,12,14,27,28,-1,0.889,24
2026-07-08,2026-07-07,5,夜勤,2,13,21,36,35,1,0.917,33
2026-07-08,2026-07-07,6,夜勤,1,26,26,53,55,-2,0.962,51
2026-07-08,2026-07-07,7,夜勤,1,38,35,74,74,0,0.959,71
2026-07-08,2026-07-07,8,夜勤,1,47,40,88,94,-6,0.92,81
2026-07-08,2026-07-08,9,日勤,14,71,57,142,146,-4,0.901,128
2026-07-08,2026-07-08,10,日勤,28,122,71,221,224,-3,0.946,209
2026-07-08,2026-07-08,11,日勤,27,143,66,236,237,-1,0.903,213
2026-07-08,2026-07-08,12,日勤,28,104,76,208,199,9,0.962,200
2026-07-08,2026-07-08,13,日勤,27,114,70,211,224,-13,0.953,201
2026-07-08,2026-07-08,14,日勤,27,139,75,241,237,4,0.963,232
2026-07-08,2026-07-08,15,日勤,29,115,68,212,217,-5,0.948,201
2026-07-08,2026-07-08,16,日勤,30,105,60,195,197,-2,0.944,184
2026-07-08,2026-07-08,17,日勤,22,101,48,171,172,-1,0.947,162
2026-07-08,2026-07-08,18,日勤,18,77,43,138,134,4,0.913,126
2026-07-08,2026-07-08,19,日勤,11,53,39,103,97,6,0.961,99
2026-07-08,2026-07-08,20,夜勤,8,46,43,97,101,-4,0.938,91
2026-07-08,2026-07-08,21,夜勤,5,38,32,75,79,-4,0.933,70
2026-07-08,2026-07-08,22,夜勤,3,34,28,65,69,-4,0.969,63
2026-07-08,2026-07-08,23,夜勤,3,27,23,53,49,4,0.981,52
2026-07-09,2026-07-08,0,夜勤,1,25,21,47,48,-1,0.957,45
2026-07-09,2026-07-08,1,夜勤,1,13,15,29,28,1,0.966,28
2026-07-09,2026-07-08,2,夜勤,1,11,15,27,28,-1,0.926,25
2026-07-09,2026-07-08,3,夜勤,1,12,14,27,28,-1,0.926,25
2026-07-09,2026-07-08,4,夜勤,1,11,14,26,28,-2,0.962,25
2026-07-09,2026-07-08,5,夜勤,1,12,22,35,35,0,0.914,32
2026-07-09,2026-07-08,6,夜勤,1,25,28,54,55,-1,0.944,51
2026-07-09,2026-07-08,7,夜勤,2,39,33,74,74,0,0.865,64
2026-07-09,2026-07-08,8,夜勤,2,47,45,94,94,0,0.947,89
2026-07-09,2026-07-09,9,日勤,13,79,61,153,146,7,0.908,139
2026-07-09,2026-07-09,10,日勤,31,126,72,229,224,5,0.943,216
2026-07-09,2026-07-09,11,日勤,26,143,76,245,237,8,0.902,221
2026-07-09,2026-07-09,12,日勤,27,105,64,196,199,-3,0.969,190
2026-07-09,2026-07-09,13,日勤,26,127,73,226,224,2,0.907,205
2026-07-09,2026-07-09,14,日勤,31,145,76,252,237,15,0.968,244
2026-07-09,2026-07-09,15,日勤,28,129,63,220,217,3,0.959,211
2026-07-09,2026-07-09,16,日勤,28,113,59,200,197,3,0.92,184
2026-07-09,2026-07-09,17,日勤,24,94,54,172,172,0,0.907,156
2026-07-09,2026-07-09,18,日勤,18,73,40,131,134,-3,0.962,126
2026-07-09,2026-07-09,19,日勤,11,53,34,98,97,1,0.98,96
2026-07-09,2026-07-09,20,夜勤,9,54,47,110,101,9,0.964,106
2026-07-09,2026-07-09,21,夜勤,5,35,32,72,79,-7,0.972,70
2026-07-09,2026-07-09,22,夜勤,3,38,26,67,69,-2,0.94,63
2026-07-09,2026-07-09,23,夜勤,3,23,20,46,49,-3,0.87,40
2026-07-10,2026-07-09,0,夜勤,1,23,21,45,48,-3,0.956,43
2026-07-10,2026-07-09,1,夜勤,1,11,14,26,28,-2,0.923,24
2026-07-10,2026-07-09,2,夜勤,1,13,13,27,28,-1,0.926,25
2026-07-10,2026-07-09,3,夜勤,1,12,15,28,28,0,0.964,27
2026-07-10,2026-07-09,4,夜勤,1,13,15,29,28,1,0.966,28
2026-07-10,2026-07-09,5,夜勤,1,12,20,33,35,-2,0.97,32
2026-07-10,2026-07-09,6,夜勤,1,26,30,57,55,2,0.912,52
2026-07-10,2026-07-09,7,夜勤,1,39,34,74,74,0,0.959,71
2026-07-10,2026-07-09,8,夜勤,1,52,40,93,94,-1,0.892,83
2026-07-10,2026-07-10,9,日勤,14,73,59,146,146,0,0.945,138
2026-07-10,2026-07-10,10,日勤,31,116,73,220,224,-4,0.941,207
2026-07-10,2026-07-10,11,日勤,27,136,76,239,237,2,0.929,222
2026-07-10,2026-07-10,12,日勤,29,101,67,197,199,-2,0.929,183
2026-07-10,2026-07-10,13,日勤,27,117,76,220,224,-4,0.932,205
2026-07-10,2026-07-10,14,日勤,30,139,64,233,237,-4,0.948,221
2026-07-10,2026-07-10,15,日勤,31,135,69,235,217,18,0.936,220
2026-07-10,2026-07-10,16,日勤,27,103,59,189,197,-8,0.974,184
2026-07-10,2026-07-10,17,日勤,21,103,52,176,172,4,0.949,167
2026-07-10,2026-07-10,18,日勤,16,80,40,136,134,2,0.904,123
2026-07-10,2026-07-10,19,日勤,12,54,36,102,97,5,0.971,99
2026-07-10,2026-07-10,20,夜勤,9,46,41,96,101,-5,0.979,94
2026-07-10,2026-07-10,21,夜勤,5,39,33,77,79,-2,0.974,75
2026-07-10,2026-07-10,22,夜勤,3,38,29,70,69,1,0.971,68
2026-07-10,2026-07-10,23,夜勤,3,26,19,48,49,-1,0.938,45
2026-07-11,2026-07-10,0,夜勤,2,25,20,47,48,-1,0.915,43
2026-07-11,2026-07-10,1,夜勤,2,12,14,28,28,0,0.929,26
2026-07-11,2026-07-10,2,夜勤,1,11,13,25,28,-3,0.96,24
2026-07-11,2026-07-10,3,夜勤,1,12,14,27,28,-1,0.963,26
2026-07-11,2026-07-10,4,夜勤,1,12,13,26,28,-2,0.923,24
2026-07-11,2026-07-10,5,夜勤,1,13,20,34,35,-1,0.912,31
2026-07-11,2026-07-10,6,夜勤,2,26,27,55,55,0,0.945,52
2026-07-11,2026-07-10,7,夜勤,2,38,36,76,74,2,0.934,71
2026-07-11,2026-07-10,8,夜勤,1,51,39,91,94,-3,0.912,83
2026-07-11,2026-07-11,9,日勤,14,80,61,155,146,9,0.935,145
2026-07-11,2026-07-11,10,日勤,31,136,75,242,224,18,0.909,220
2026-07-11,2026-07-11,11,日勤,28,123,65,216,237,-21,0.903,195
2026-07-11,2026-07-11,12,日勤,27,95,68,190,199,-9,0.947,180
2026-07-11,2026-07-11,13,日勤,26,114,65,205,224,-19,0.927,190
2026-07-11,2026-07-11,14,日勤,27,140,78,245,237,8,0.947,232
2026-07-11,2026-07-11,15,日勤,31,125,66,222,217,5,0.932,207
2026-07-11,2026-07-11,16,日勤,29,110,59,198,197,1,0.934,185
2026-07-11,2026-07-11,17,日勤,21,101,54,176,172,4,0.909,160
2026-07-11,2026-07-11,18,日勤,16,70,44,130,134,-4,0.931,121
2026-07-11,2026-07-11,19,日勤,12,50,33,95,97,-2,0.979,93
2026-07-11,2026-07-11,20,夜勤,8,55,42,105,101,4,0.971,102
2026-07-11,2026-07-11,21,夜勤,6,39,38,83,79,4,0.952,79
2026-07-11,2026-07-11,22,夜勤,3,37,30,70,69,1,0.943,66
2026-07-11,2026-07-11,23,夜勤,3,26,21,50,49,1,0.94,47
2026-07-12,2026-07-11,0,夜勤,1,25,21,47,48,-1,0.936,44
2026-07-12,2026-07-11,1,夜勤,1,13,16,30,28,2,0.9,27
2026-07-12,2026-07-11,2,夜勤,2,13,15,30,28,2,0.9,27
2026-07-12,2026-07-11,3,夜勤,1,12,14,27,28,-1,0.963,26
2026-07-12,2026-07-11,4,夜勤,1,12,13,26,28,-2,0.962,25
2026-07-12,2026-07-11,5,夜勤,1,12,21,34,35,-1,0.912,31
2026-07-12,2026-07-11,6,夜勤,2,24,26,52,55,-3,0.865,45
2026-07-12,2026-07-11,7,夜勤,1,37,38,76,74,2,0.908,69
2026-07-12,2026-07-11,8,夜勤,1,46,42,89,94,-5,0.865,77
2026-07-12,2026-07-12,9,日勤,15,72,54,141,146,-5,0.965,136
2026-07-12,2026-07-12,10,日勤,31,116,76,223,224,-1,0.969,216
2026-07-12,2026-07-12,11,日勤,29,132,79,240,237,3,0.979,235
2026-07-12,2026-07-12,12,日勤,27,94,70,191,199,-8,0.916,175
2026-07-12,2026-07-12,13,日勤,27,121,73,221,224,-3,0.914,202
2026-07-12,2026-07-12,14,日勤,29,125,76,230,237,-7,0.935,215
2026-07-12,2026-07-12,15,日勤,30,116,69,215,217,-2,0.963,207
2026-07-12,2026-07-12,16,日勤,28,118,62,208,197,11,0.942,196
2026-07-12,2026-07-12,17,日勤,24,106,51,181,172,9,0.912,165
2026-07-12,2026-07-12,18,日勤,18,77,46,141,134,7,0.922,130
2026-07-12,2026-07-12,19,日勤,11,50,36,97,97,0,0.948,92
2026-07-12,2026-07-12,20,夜勤,9,49,45,103,101,2,0.951,98
2026-07-12,2026-07-12,21,夜勤,6,39,38,83,79,4,0.976,81
2026-07-12,2026-07-12,22,夜勤,3,36,30,69,69,0,0.971,67
2026-07-12,2026-07-12,23,夜勤,3,25,20,48,49,-1,0.958,46
2026-07-13,2026-07-12,0,夜勤,1,24,20,45,48,-3,0.933,42
2026-07-13,2026-07-12,1,夜勤,1,12,16,29,28,1,0.966,28
2026-07-13,2026-07-12,2,夜勤,2,11,14,27,28,-1,0.963,26
2026-07-13,2026-07-12,3,夜勤,2,12,13,27,28,-1,0.963,26
2026-07-13,2026-07-12,4,夜勤,1,12,13,26,28,-2,0.962,25
2026-07-13,2026-07-12,5,夜勤,1,12,20,33,35,-2,0.939,31
2026-07-13,2026-07-12,6,夜勤,1,26,31,58,55,3,0.897,52
2026-07-13,2026-07-12,7,夜勤,2,38,37,77,74,3,0.961,74
2026-07-13,2026-07-12,8,夜勤,1,52,45,98,94,4,0.949,93
2026-07-13,2026-07-13,9,日勤,13,77,60,150,146,4,0.973,146
2026-07-13,2026-07-13,10,日勤,28,129,72,229,224,5,0.965,221
2026-07-13,2026-07-13,11,日勤,28,126,77,231,237,-6,0.931,215
2026-07-13,2026-07-13,12,日勤,32,109,67,208,199,9,0.913,190
2026-07-13,2026-07-13,13,日勤,28,123,70,221,224,-3,0.919,203
2026-07-13,2026-07-13,14,日勤,27,149,70,246,237,9,0.955,235
2026-07-13,2026-07-13,15,日勤,31,120,69,220,217,3,0.9,198
2026-07-13,2026-07-13,16,日勤,27,114,61,202,197,5,0.941,190
2026-07-13,2026-07-13,17,日勤,22,104,51,177,172,5,0.96,170
2026-07-13,2026-07-13,18,日勤,18,73,45,136,134,2,0.919,125
2026-07-13,2026-07-13,19,日勤,11,50,34,95,97,-2,0.947,90
2026-07-13,2026-07-13,20,夜勤,8,54,39,101,101,0,0.97,98
2026-07-13,2026-07-13,21,夜勤,6,35,32,73,79,-6,0.918,67
2026-07-13,2026-07-13,22,夜勤,3,37,30,70,69,1,0.943,66
2026-07-13,2026-07-13,23,夜勤,3,25,22,50,49,1,0.92,46
2026-07-14,2026-07-13,0,夜勤,1,27,23,51,48,3,0.922,47
2026-07-14,2026-07-13,1,夜勤,1,13,14,28,28,0,0.964,27
2026-07-14,2026-07-13,2,夜勤,1,12,15,28,28,0,0.929,26
2026-07-14,2026-07-13,3,夜勤,1,13,13,27,28,-1,0.963,26
2026-07-14,2026-07-13,4,夜勤,2,13,14,29,28,1,0.966,28
2026-07-14,2026-07-13,5,夜勤,1,12,21,34,35,-1,0.971,33
2026-07-14,2026-07-13,6,夜勤,1,27,27,55,55,0,0.927,51
2026-07-14,2026-07-13,7,夜勤,1,40,38,79,74,5,0.949,75
2026-07-14,2026-07-13,8,夜勤,1,49,45,95,94,1,0.979,93
2026-07-14,2026-07-14,9,日勤,14,73,60,147,146,1,0.932,137
2026-07-14,2026-07-14,10,日勤,27,114,74,215,224,-9,0.953,205
2026-07-14,2026-07-14,11,日勤,31,129,73,233,237,-4,0.961,224
2026-07-14,2026-07-14,12,日勤,30,109,67,206,199,7,0.922,190
2026-07-14,2026-07-14,13,日勤,30,115,68,213,224,-11,0.944,201
2026-07-14,2026-07-14,14,日勤,27,127,76,230,237,-7,0.97,223
2026-07-14,2026-07-14,15,日勤,27,130,61,218,217,1,0.922,201
2026-07-14,2026-07-14,16,日勤,31,120,57,208,197,11,0.971,202
2026-07-14,2026-07-14,17,日勤,22,106,54,182,172,10,0.918,167
2026-07-14,2026-07-14,18,日勤,17,67,47,131,134,-3,0.969,127
2026-07-14,2026-07-14,19,日勤,11,45,37,93,97,-4,0.935,87
2026-07-14,2026-07-14,20,夜勤,8,46,46,100,101,-1,0.97,97
2026-07-14,2026-07-14,21,夜勤,6,39,34,79,79,0,0.937,74
2026-07-14,2026-07-14,22,夜勤,3,38,28,69,69,0,0.928,64
2026-07-14,2026-07-14,23,夜勤,3,24,22,49,49,0,0.898,44
2026-07-15,2026-07-14,0,夜勤,1,26,21,48,48,0,0.938,45
2026-07-15,2026-07-14,1,夜勤,1,13,15,29,28,1,0.931,27
2026-07-15,2026-07-14,2,夜勤,1,11,16,28,28,0,0.964,27
2026-07-15,2026-07-14,3,夜勤,1,13,14,28,28,0,0.893,25
2026-07-15,2026-07-14,4,夜勤,2,12,15,29,28,1,0.931,27
2026-07-15,2026-07-14,5,夜勤,1,13,21,35,35,0,0.914,32
2026-07-15,2026-07-14,6,夜勤,1,23,29,53,55,-2,0.849,45
2026-07-15,2026-07-14,7,夜勤,2,38,38,78,74,4,0.897,70
2026-07-15,2026-07-14,8,夜勤,2,53,41,96,94,2,0.948,91
2026-07-15,2026-07-15,9,日勤,13,69,63,145,146,-1,0.91,132
2026-07-15,2026-07-15,10,日勤,31,129,68,228,224,4,0.934,213
2026-07-15,2026-07-15,11,日勤,30,124,67,221,237,-16,0.964,213
2026-07-15,2026-07-15,12,日勤,31,107,75,213,199,14,0.901,192
2026-07-15,2026-07-15,13,日勤,27,117,71,215,224,-9,0.977,210
2026-07-15,2026-07-15,14,日勤,30,142,78,250,237,13,0.928,232
2026-07-15,2026-07-15,15,日勤,28,116,64,208,217,-9,0.942,196
2026-07-15,2026-07-15,16,日勤,31,109,59,199,197,2,0.925,184
2026-07-15,2026-07-15,17,日勤,21,107,48,176,172,4,0.949,167
2026-07-15,2026-07-15,18,日勤,19,68,40,127,134,-7,0.945,120
2026-07-15,2026-07-15,19,日勤,11,50,36,97,97,0,0.897,87
2026-07-15,2026-07-15,20,夜勤,9,51,40,100,101,-1,0.9,90
2026-07-15,2026-07-15,21,夜勤,5,35,37,77,79,-2,0.961,74
2026-07-15,2026-07-15,22,夜勤,3,41,28,72,69,3,0.944,68
2026-07-15,2026-07-15,23,夜勤,3,23,21,47,49,-2,0.936,44
2026-07-16,2026-07-15,0,夜勤,2,25,23,50,48,2,0.98,49
2026-07-16,2026-07-15,1,夜勤,1,12,14,27,28,-1,0.963,26
2026-07-16,2026-07-15,2,夜勤,1,13,13,27,28,-1,0.963,26
2026-07-16,2026-07-15,3,夜勤,2,13,15,30,28,2,0.933,28
2026-07-16,2026-07-15,4,夜勤,1,13,14,28,28,0,0.929,26
2026-07-16,2026-07-15,5,夜勤,1,12,20,33,35,-2,0.97,32
2026-07-16,2026-07-15,6,夜勤,1,27,29,57,55,2,0.895,51
2026-07-16,2026-07-15,7,夜勤,1,35,37,73,74,-1,0.959,70
2026-07-16,2026-07-15,8,夜勤,1,47,45,93,94,-1,0.968,90
2026-07-16,2026-07-16,9,日勤,14,72,63,149,146,3,0.919,137
2026-07-16,2026-07-16,10,日勤,27,133,71,231,224,7,0.978,226
2026-07-16,2026-07-16,11,日勤,27,145,77,249,237,12,0.932,232
2026-07-16,2026-07-16,12,日勤,28,93,77,198,199,-1,0.859,170
2026-07-16,2026-07-16,13,日勤,31,129,73,233,224,9,0.974,227
2026-07-16,2026-07-16,14,日勤,29,128,67,224,237,-13,0.969,217
2026-07-16,2026-07-16,15,日勤,29,128,62,219,217,2,0.922,202
2026-07-16,2026-07-16,16,日勤,29,111,54,194,197,-3,0.948,184
2026-07-16,2026-07-16,17,日勤,21,101,54,176,172,4,0.955,168
2026-07-16,2026-07-16,18,日勤,19,68,44,131,134,-3,0.947,124
2026-07-16,2026-07-16,19,日勤,11,49,38,98,97,1,0.929,91
2026-07-16,2026-07-16,20,夜勤,9,51,42,102,101,1,0.98,100
2026-07-16,2026-07-16,21,夜勤,6,34,33,73,79,-6,0.904,66
2026-07-16,2026-07-16,22,夜勤,3,39,28,70,69,1,0.9,63
2026-07-16,2026-07-16,23,夜勤,3,26,19,48,49,-1,0.917,44
2026-07-17,2026-07-16,0,夜勤,1,27,21,49,48,1,0.918,45
2026-07-17,2026-07-16,1,夜勤,2,12,13,27,28,-1,0.926,25
2026-07-17,2026-07-16,2,夜勤,1,12,15,28,28,0,0.929,26
2026-07-17,2026-07-16,3,夜勤,1,13,14,28,28,0,0.964,27
2026-07-17,2026-07-16,4,夜勤,1,13,14,28,28,0,0.929,26
2026-07-17,2026-07-16,5,夜勤,1,13,21,35,35,0,0.971,34
2026-07-17,2026-07-16,6,夜勤,1,23,28,52,55,-3,0.962,50
2026-07-17,2026-07-16,7,夜勤,1,40,39,80,74,6,0.95,76
2026-07-17,2026-07-16,8,夜勤,1,48,47,96,94,2,0.906,87
2026-07-17,2026-07-17,9,日勤,15,72,53,140,146,-6,0.907,127
2026-07-17,2026-07-17,10,日勤,29,123,71,223,224,-1,0.901,201
2026-07-17,2026-07-17,11,日勤,31,132,78,241,237,4,0.905,218
2026-07-17,2026-07-17,12,日勤,27,108,71,206,199,7,0.966,199
2026-07-17,2026-07-17,13,日勤,31,121,68,220,224,-4,0.9,198
2026-07-17,2026-07-17,14,日勤,28,147,74,249,237,12,0.928,231
2026-07-17,2026-07-17,15,日勤,28,116,61,205,217,-12,0.917,188
2026-07-17,2026-07-17,16,日勤,27,100,58,185,197,-12,0.919,170
2026-07-17,2026-07-17,17,日勤,24,101,45,170,172,-2,0.906,154
2026-07-17,2026-07-17,18,日勤,18,80,39,137,134,3,0.971,133
2026-07-17,2026-07-17,19,日勤,12,49,37,98,97,1,0.969,95
2026-07-17,2026-07-17,20,夜勤,9,51,46,106,101,5,0.943,100
2026-07-17,2026-07-17,21,夜勤,6,36,33,75,79,-4,0.973,73
2026-07-17,2026-07-17,22,夜勤,3,36,28,67,69,-2,0.91,61
2026-07-17,2026-07-17,23,夜勤,3,25,23,51,49,2,0.902,46
2026-07-18,2026-07-17,0,夜勤,1,27,20,48,48,0,0.917,44
2026-07-18,2026-07-17,1,夜勤,1,12,14,27,28,-1,0.926,25
2026-07-18,2026-07-17,2,夜勤,1,12,14,27,28,-1,0.926,25
2026-07-18,2026-07-17,3,夜勤,1,13,15,29,28,1,0.966,28
2026-07-18,2026-07-17,4,夜勤,1,13,15,29,28,1,0.931,27
2026-07-18,2026-07-17,5,夜勤,1,13,20,34,35,-1,0.941,32
2026-07-18,2026-07-17,6,夜勤,1,24,28,53,55,-2,0.981,52
2026-07-18,2026-07-17,7,夜勤,1,38,38,77,74,3,0.961,74
2026-07-18,2026-07-17,8,夜勤,1,50,41,92,94,-2,0.913,84
2026-07-18,2026-07-18,9,日勤,14,79,53,146,146,0,0.966,141
2026-07-18,2026-07-18,10,日勤,30,129,72,231,224,7,0.974,225
2026-07-18,2026-07-18,11,日勤,31,135,68,234,237,-3,0.919,215
2026-07-18,2026-07-18,12,日勤,31,92,65,188,199,-11,0.91,171
2026-07-18,2026-07-18,13,日勤,27,114,73,214,224,-10,0.916,196
2026-07-18,2026-07-18,14,日勤,28,145,73,246,237,9,0.959,236
2026-07-18,2026-07-18,15,日勤,30,119,70,219,217,2,0.977,214
2026-07-18,2026-07-18,16,日勤,27,116,55,198,197,1,0.97,192
2026-07-18,2026-07-18,17,日勤,23,95,50,168,172,-4,0.964,162
2026-07-18,2026-07-18,18,日勤,17,76,46,139,134,5,0.942,131
2026-07-18,2026-07-18,19,日勤,11,49,38,98,97,1,0.918,90
2026-07-18,2026-07-18,20,夜勤,9,50,44,103,101,2,0.961,99
2026-07-18,2026-07-18,21,夜勤,6,34,33,73,79,-6,0.945,69
2026-07-18,2026-07-18,22,夜勤,3,39,30,72,69,3,0.931,67
2026-07-18,2026-07-18,23,夜勤,3,23,23,49,49,0,0.939,46
2026-07-19,2026-07-18,0,夜勤,1,24,21,46,48,-2,0.978,45
2026-07-19,2026-07-18,1,夜勤,2,13,13,28,28,0,0.929,26
2026-07-19,2026-07-18,2,夜勤,1,13,13,27,28,-1,0.963,26
2026-07-19,2026-07-18,3,夜勤,1,13,15,29,28,1,0.966,28
2026-07-19,2026-07-18,4,夜勤,2,12,13,27,28,-1,0.889,24
2026-07-19,2026-07-18,5,夜勤,1,13,21,35,35,0,0.971,34
2026-07-19,2026-07-18,6,夜勤,1,27,31,59,55,4,0.966,57
2026-07-19,2026-07-18,7,夜勤,1,41,38,80,74,6,0.9,72
2026-07-19,2026-07-18,8,夜勤,1,45,43,89,94,-5,0.955,85
2026-07-19,2026-07-19,9,日勤,15,72,52,139,146,-7,0.928,129
2026-07-19,2026-07-19,10,日勤,30,130,70,230,224,6,0.904,208
2026-07-19,2026-07-19,11,日勤,26,149,68,243,237,6,0.926,225
2026-07-19,2026-07-19,12,日勤,30,105,71,206,199,7,0.903,186
2026-07-19,2026-07-19,13,日勤,31,114,67,212,224,-12,0.953,202
2026-07-19,2026-07-19,14,日勤,30,137,74,241,237,4,0.896,216
2026-07-19,2026-07-19,15,日勤,30,131,70,231,217,14,0.948,219
2026-07-19,2026-07-19,16,日勤,30,120,58,208,197,11,0.899,187
2026-07-19,2026-07-19,17,日勤,22,95,53,170,172,-2,0.906,154
2026-07-19,2026-07-19,18,日勤,18,69,43,130,134,-4,0.938,122
2026-07-19,2026-07-19,19,日勤,11,49,38,98,97,1,0.959,94
2026-07-19,2026-07-19,20,夜勤,9,47,40,96,101,-5,0.906,87
2026-07-19,2026-07-19,21,夜勤,6,34,33,73,79,-6,0.904,66
2026-07-19,2026-07-19,22,夜勤,3,36,29,68,69,-1,0.912,62
2026-07-19,2026-07-19,23,夜勤,3,25,23,51,49,2,0.922,47
2026-07-20,2026-07-19,0,夜勤,2,23,22,47,48,-1,0.851,40
2026-07-20,2026-07-19,1,夜勤,1,14,14,29,28,1,0.966,28
2026-07-20,2026-07-19,2,夜勤,1,12,14,27,28,-1,0.889,24
2026-07-20,2026-07-19,3,夜勤,1,12,14,27,28,-1,0.889,24
2026-07-20,2026-07-19,4,夜勤,1,12,15,28,28,0,0.929,26
2026-07-20,2026-07-19,5,夜勤,1,13,21,35,35,0,0.971,34
2026-07-20,2026-07-19,6,夜勤,1,23,31,55,55,0,0.909,50
2026-07-20,2026-07-19,7,夜勤,1,33,32,66,74,-8,0.97,64
2026-07-20,2026-07-19,8,夜勤,1,45,39,85,94,-9,0.941,80
2026-07-20,2026-07-20,9,日勤,14,79,59,152,146,6,0.954,145
2026-07-20,2026-07-20,10,日勤,28,120,72,220,224,-4,0.914,201
2026-07-20,2026-07-20,11,日勤,27,126,67,220,237,-17,0.973,214
2026-07-20,2026-07-20,12,日勤,30,99,75,204,199,5,0.922,188
2026-07-20,2026-07-20,13,日勤,29,124,69,222,224,-2,0.91,202
2026-07-20,2026-07-20,14,日勤,31,141,76,248,237,11,0.972,241
2026-07-20,2026-07-20,15,日勤,30,131,60,221,217,4,0.91,201
2026-07-20,2026-07-20,16,日勤,27,104,61,192,197,-5,0.911,175
2026-07-20,2026-07-20,17,日勤,22,108,52,182,172,10,0.967,176
2026-07-20,2026-07-20,18,日勤,18,78,46,142,134,8,0.972,138
2026-07-20,2026-07-20,19,日勤,12,51,39,102,97,5,0.941,96
2026-07-20,2026-07-20,20,夜勤,8,45,44,97,101,-4,0.959,93
2026-07-20,2026-07-20,21,夜勤,6,41,36,83,79,4,0.964,80
2026-07-20,2026-07-20,22,夜勤,3,34,26,63,69,-6,0.921,58
2026-07-20,2026-07-20,23,夜勤,3,24,19,46,49,-3,0.935,43
2026-07-21,2026-07-20,0,夜勤,1,26,23,50,48,2,0.98,49
2026-07-21,2026-07-20,1,夜勤,2,12,13,27,28,-1,0.889,24
2026-07-21,2026-07-20,2,夜勤,1,13,15,29,28,1,0.966,28
2026-07-21,2026-07-20,3,夜勤,1,11,16,28,28,0,0.929,26
2026-07-21,2026-07-20,4,夜勤,1,13,15,29,28,1,0.931,27
2026-07-21,2026-07-20,5,夜勤,2,12,21,35,35,0,0.886,31
2026-07-21,2026-07-20,6,夜勤,2,25,31,58,55,3,0.931,54
2026-07-21,2026-07-20,7,夜勤,1,38,35,74,74,0,0.905,67
2026-07-21,2026-07-20,8,夜勤,1,55,46,102,94,8,0.931,95
2026-07-21,2026-07-21,9,日勤,15,68,57,140,146,-6,0.907,127
2026-07-21,2026-07-21,10,日勤,28,125,77,230,224,6,0.943,217
2026-07-21,2026-07-21,11,日勤,28,139,69,236,237,-1,0.979,231
2026-07-21,2026-07-21,12,日勤,28,106,66,200,199,1,0.87,174
2026-07-21,2026-07-21,13,日勤,31,126,74,231,224,7,0.957,221
2026-07-21,2026-07-21,14,日勤,31,148,78,257,237,20,0.946,243
2026-07-21,2026-07-21,15,日勤,27,116,60,203,217,-14,0.901,183
2026-07-21,2026-07-21,16,日勤,29,110,58,197,197,0,0.934,184
2026-07-21,2026-07-21,17,日勤,22,99,53,174,172,2,0.92,160
2026-07-21,2026-07-21,18,日勤,16,76,44,136,134,2,0.956,130
2026-07-21,2026-07-21,19,日勤,12,47,33,92,97,-5,0.902,83
2026-07-21,2026-07-21,20,夜勤,8,54,46,108,101,7,0.907,98
2026-07-21,2026-07-21,21,夜勤,6,40,38,84,79,5,0.964,81
2026-07-21,2026-07-21,22,夜勤,3,39,29,71,69,2,0.915,65
2026-07-21,2026-07-21,23,夜勤,3,23,22,48,49,-1,0.958,46
2026-07-22,2026-07-21,0,夜勤,1,22,20,43,48,-5,0.907,39
2026-07-22,2026-07-21,1,夜勤,1,13,13,27,28,-1,0.926,25
2026-07-22,2026-07-21,2,夜勤,1,13,13,27,28,-1,0.852,23
2026-07-22,2026-07-21,3,夜勤,1,12,15,28,28,0,0.929,26
2026-07-22,2026-07-21,4,夜勤,1,12,14,27,28,-1,0.889,24
2026-07-22,2026-07-21,5,夜勤,1,13,22,36,35,1,0.944,34
2026-07-22,2026-07-21,6,夜勤,1,24,30,55,55,0,0.945,52
2026-07-22,2026-07-21,7,夜勤,1,37,38,76,74,2,0.947,72
2026-07-22,2026-07-21,8,夜勤,1,53,46,100,94,6,0.89,89
2026-07-22,2026-07-22,9,日勤,13,79,52,144,146,-2,0.951,137
2026-07-22,2026-07-22,10,日勤,26,135,67,228,224,4,0.974,222
2026-07-22,2026-07-22,11,日勤,27,124,76,227,237,-10,0.969,220
2026-07-22,2026-07-22,12,日勤,28,90,66,184,199,-15,0.924,170
2026-07-22,2026-07-22,13,日勤,30,124,70,224,224,0,0.973,218
2026-07-22,2026-07-22,14,日勤,31,142,78,251,237,14,0.976,245
2026-07-22,2026-07-22,15,日勤,31,117,67,215,217,-2,0.851,183
2026-07-22,2026-07-22,16,日勤,27,104,56,187,197,-10,0.957,179
2026-07-22,2026-07-22,17,日勤,22,98,53,173,172,1,0.96,166
2026-07-22,2026-07-22,18,日勤,18,67,43,128,134,-6,0.914,117
2026-07-22,2026-07-22,19,日勤,10,54,37,101,97,4,0.96,97
2026-07-22,2026-07-22,20,夜勤,9,54,44,107,101,6,0.963,103
2026-07-22,2026-07-22,21,夜勤,6,35,33,74,79,-5,0.973,72
2026-07-22,2026-07-22,22,夜勤,3,38,30,71,69,2,0.958,68
2026-07-22,2026-07-22,23,夜勤,3,24,20,47,49,-2,0.936,44
2026-07-23,2026-07-22,0,夜勤,2,23,22,47,48,-1,0.979,46
2026-07-23,2026-07-22,1,夜勤,1,12,14,27,28,-1,0.889,24
2026-07-23,2026-07-22,2,夜勤,1,12,14,27,28,-1,0.926,25
2026-07-23,2026-07-22,3,夜勤,1,13,14,28,28,0,0.964,27
2026-07-23,2026-07-22,4,夜勤,1,12,15,28,28,0,0.929,26
2026-07-23,2026-07-22,5,夜勤,1,12,21,34,35,-1,0.912,31
2026-07-23,2026-07-22,6,夜勤,1,25,29,55,55,0,0.909,50
2026-07-23,2026-07-22,7,夜勤,1,40,39,80,74,6,0.975,78
2026-07-23,2026-07-22,8,夜勤,2,48,40,90,94,-4,0.956,86
2026-07-23,2026-07-23,9,日勤,15,69,52,136,146,-10,0.978,133
2026-07-23,2026-07-23,10,日勤,29,119,65,213,224,-11,0.948,202
2026-07-23,2026-07-23,11,日勤,31,124,75,230,237,-7,0.917,211
2026-07-23,2026-07-23,12,日勤,27,102,73,202,199,3,0.946,191
2026-07-23,2026-07-23,13,日勤,31,129,77,237,224,13,0.903,214
2026-07-23,2026-07-23,14,日勤,28,148,65,241,237,4,0.905,218
2026-07-23,2026-07-23,15,日勤,27,133,70,230,217,13,0.961,221
2026-07-23,2026-07-23,16,日勤,31,104,54,189,197,-8,0.857,162
2026-07-23,2026-07-23,17,日勤,24,94,53,171,172,-1,0.977,167
2026-07-23,2026-07-23,18,日勤,16,71,43,130,134,-4,0.962,125
2026-07-23,2026-07-23,19,日勤,12,48,36,96,97,-1,0.948,91
2026-07-23,2026-07-23,20,夜勤,9,50,42,101,101,0,0.911,92
2026-07-23,2026-07-23,21,夜勤,6,39,38,83,79,4,0.976,81
2026-07-23,2026-07-23,22,夜勤,3,39,31,73,69,4,0.959,70
2026-07-23,2026-07-23,23,夜勤,3,27,20,50,49,1,0.88,44
2026-07-24,2026-07-23,0,夜勤,1,26,23,50,48,2,0.92,46
2026-07-24,2026-07-23,1,夜勤,1,13,16,30,28,2,0.967,29
2026-07-24,2026-07-23,2,夜勤,1,12,14,27,28,-1,0.926,25
2026-07-24,2026-07-23,3,夜勤,1,13,14,28,28,0,0.964,27
2026-07-24,2026-07-23,4,夜勤,1,11,14,26,28,-2,0.923,24
2026-07-24,2026-07-23,5,夜勤,1,12,22,35,35,0,0.971,34
2026-07-24,2026-07-23,6,夜勤,1,24,31,56,55,1,0.946,53
2026-07-24,2026-07-23,7,夜勤,1,41,36,78,74,4,0.974,76
2026-07-24,2026-07-23,8,夜勤,1,45,43,89,94,-5,0.944,84
2026-07-24,2026-07-24,9,日勤,15,69,56,140,146,-6,0.95,133
2026-07-24,2026-07-24,10,日勤,29,114,77,220,224,-4,0.968,213
2026-07-24,2026-07-24,11,日勤,29,136,69,234,237,-3,0.974,228
2026-07-24,2026-07-24,12,日勤,31,93,65,189,199,-10,0.905,171
2026-07-24,2026-07-24,13,日勤,30,131,77,238,224,14,0.924,220
2026-07-24,2026-07-24,14,日勤,29,137,75,241,237,4,0.909,219
2026-07-24,2026-07-24,15,日勤,29,113,63,205,217,-12,0.946,194
2026-07-24,2026-07-24,16,日勤,27,115,53,195,197,-2,0.938,183
2026-07-24,2026-07-24,17,日勤,25,104,55,184,172,12,0.913,168
2026-07-24,2026-07-24,18,日勤,16,71,42,129,134,-5,0.938,121
2026-07-24,2026-07-24,19,日勤,11,47,33,91,97,-6,0.956,87
2026-07-24,2026-07-24,20,夜勤,8,49,44,101,101,0,0.901,91
2026-07-24,2026-07-24,21,夜勤,6,38,39,83,79,4,0.952,79
2026-07-24,2026-07-24,22,夜勤,3,36,29,68,69,-1,0.941,64
2026-07-24,2026-07-24,23,夜勤,3,24,22,49,49,0,0.898,44
2026-07-25,2026-07-24,0,夜勤,1,26,23,50,48,2,0.94,47
2026-07-25,2026-07-24,1,夜勤,1,12,15,28,28,0,0.929,26
2026-07-25,2026-07-24,2,夜勤,2,13,14,29,28,1,0.931,27
2026-07-25,2026-07-24,3,夜勤,1,13,15,29,28,1,0.966,28
2026-07-25,2026-07-24,4,夜勤,2,12,15,29,28,1,0.931,27
2026-07-25,2026-07-24,5,夜勤,2,11,21,34,35,-1,0.941,32
2026-07-25,2026-07-24,6,夜勤,2,25,29,56,55,1,0.929,52
2026-07-25,2026-07-24,7,夜勤,1,37,36,74,74,0,0.959,71
2026-07-25,2026-07-24,8,夜勤,1,48,46,95,94,1,0.926,88
2026-07-25,2026-07-25,9,日勤,15,76,58,149,146,3,0.98,146
2026-07-25,2026-07-25,10,日勤,31,113,65,209,224,-15,0.933,195
2026-07-25,2026-07-25,11,日勤,29,138,68,235,237,-2,0.962,226
2026-07-25,2026-07-25,12,日勤,29,93,74,196,199,-3,0.878,172
2026-07-25,2026-07-25,13,日勤,31,120,67,218,224,-6,0.931,203
2026-07-25,2026-07-25,14,日勤,30,149,70,249,237,12,0.888,221
2026-07-25,2026-07-25,15,日勤,30,125,70,225,217,8,0.924,208
2026-07-25,2026-07-25,16,日勤,27,119,57,203,197,6,0.975,198
2026-07-25,2026-07-25,17,日勤,22,99,48,169,172,-3,0.976,165
2026-07-25,2026-07-25,18,日勤,17,70,39,126,134,-8,0.921,116
2026-07-25,2026-07-25,19,日勤,12,45,38,95,97,-2,0.968,92
2026-07-25,2026-07-25,20,夜勤,8,45,43,96,101,-5,0.938,90
2026-07-25,2026-07-25,21,夜勤,6,37,33,76,79,-3,0.908,69
2026-07-25,2026-07-25,22,夜勤,3,40,30,73,69,4,0.945,69
2026-07-25,2026-07-25,23,夜勤,3,24,21,48,49,-1,0.979,47
2026-07-26,2026-07-25,0,夜勤,1,25,22,48,48,0,0.958,46
2026-07-26,2026-07-25,1,夜勤,1,12,13,26,28,-2,0.962,25
2026-07-26,2026-07-25,2,夜勤,2,12,14,28,28,0,0.893,25
2026-07-26,2026-07-25,3,夜勤,1,13,16,30,28,2,0.933,28
2026-07-26,2026-07-25,4,夜勤,1,13,14,28,28,0,0.964,27
2026-07-26,2026-07-25,5,夜勤,1,14,20,35,35,0,0.943,33
2026-07-26,2026-07-25,6,夜勤,1,25,30,56,55,1,0.964,54
2026-07-26,2026-07-25,7,夜勤,2,41,33,76,74,2,0.974,74
2026-07-26,2026-07-25,8,夜勤,1,47,43,91,94,-3,0.912,83
2026-07-26,2026-07-26,9,日勤,14,74,55,143,146,-3,0.965,138
2026-07-26,2026-07-26,10,日勤,30,112,70,212,224,-12,0.887,188
2026-07-26,2026-07-26,11,日勤,28,145,66,239,237,2,0.954,228
2026-07-26,2026-07-26,12,日勤,31,96,73,200,199,1,0.905,181
2026-07-26,2026-07-26,13,日勤,26,118,67,211,224,-13,0.953,201
2026-07-26,2026-07-26,14,日勤,29,135,76,240,237,3,0.908,218
2026-07-26,2026-07-26,15,日勤,29,120,68,217,217,0,0.912,198
2026-07-26,2026-07-26,16,日勤,27,123,56,206,197,9,0.966,199
2026-07-26,2026-07-26,17,日勤,23,99,50,172,172,0,0.919,158
2026-07-26,2026-07-26,18,日勤,18,78,44,140,134,6,0.964,135
2026-07-26,2026-07-26,19,日勤,11,53,34,98,97,1,0.929,91
2026-07-26,2026-07-26,20,夜勤,8,47,42,97,101,-4,0.928,90
2026-07-26,2026-07-26,21,夜勤,6,35,36,77,79,-2,0.948,73
2026-07-26,2026-07-26,22,夜勤,3,38,29,70,69,1,0.9,63
2026-07-26,2026-07-26,23,夜勤,3,23,19,45,49,-4,0.978,44
2026-07-27,2026-07-26,0,夜勤,2,24,22,48,48,0,0.896,43
2026-07-27,2026-07-26,1,夜勤,1,14,13,28,28,0,0.929,26
2026-07-27,2026-07-26,2,夜勤,2,12,13,27,28,-1,0.963,26
2026-07-27,2026-07-26,3,夜勤,1,14,16,31,28,3,0.968,30
2026-07-27,2026-07-26,4,夜勤,2,13,14,29,28,1,0.966,28
2026-07-27,2026-07-26,5,夜勤,1,14,23,38,35,3,0.947,36
2026-07-27,2026-07-26,6,夜勤,1,25,31,57,55,2,0.93,53
2026-07-27,2026-07-26,7,夜勤,1,39,33,73,74,-1,0.918,67
2026-07-27,2026-07-26,8,夜勤,2,54,47,103,94,9,0.903,93
2026-07-27,2026-07-27,9,日勤,15,79,55,149,146,3,0.919,137
2026-07-27,2026-07-27,10,日勤,26,114,76,216,224,-8,0.912,197
2026-07-27,2026-07-27,11,日勤,29,126,78,233,237,-4,0.927,216
2026-07-27,2026-07-27,12,日勤,27,92,71,190,199,-9,0.963,183
2026-07-27,2026-07-27,13,日勤,28,120,72,220,224,-4,0.941,207
2026-07-27,2026-07-27,14,日勤,28,148,74,250,237,13,0.9,225
2026-07-27,2026-07-27,15,日勤,29,130,65,224,217,7,0.951,213
2026-07-27,2026-07-27,16,日勤,31,117,62,210,197,13,0.91,191
2026-07-27,2026-07-27,17,日勤,24,92,49,165,172,-7,0.952,157
2026-07-27,2026-07-27,18,日勤,18,75,41,134,134,0,0.933,125
2026-07-27,2026-07-27,19,日勤,11,52,35,98,97,1,0.888,87
2026-07-27,2026-07-27,20,夜勤,8,49,39,96,101,-5,0.979,94
2026-07-27,2026-07-27,21,夜勤,6,35,32,73,79,-6,0.973,71
2026-07-27,2026-07-27,22,夜勤,3,38,27,68,69,-1,0.971,66
2026-07-27,2026-07-27,23,夜勤,3,26,22,51,49,2,0.922,47
2026-07-28,2026-07-27,0,夜勤,1,26,22,49,48,1,0.918,45
2026-07-28,2026-07-27,1,夜勤,1,12,15,28,28,0,0.964,27
2026-07-28,2026-07-27,2,夜勤,1,13,13,27,28,-1,0.926,25
2026-07-28,2026-07-27,3,夜勤,1,13,15,29,28,1,0.966,28
2026-07-28,2026-07-27,4,夜勤,1,12,15,28,28,0,0.964,27
2026-07-28,2026-07-27,5,夜勤,1,13,20,34,35,-1,0.941,32
2026-07-28,2026-07-27,6,夜勤,2,24,30,56,55,1,0.929,52
2026-07-28,2026-07-27,7,夜勤,1,40,32,73,74,-1,0.959,70
2026-07-28,2026-07-27,8,夜勤,2,46,41,89,94,-5,0.888,79
2026-07-28,2026-07-28,9,日勤,15,68,59,142,146,-4,0.944,134
2026-07-28,2026-07-28,10,日勤,28,129,69,226,224,2,0.907,205
2026-07-28,2026-07-28,11,日勤,26,149,69,244,237,7,0.857,209
2026-07-28,2026-07-28,12,日勤,29,91,76,196,199,-3,0.974,191
2026-07-28,2026-07-28,13,日勤,30,135,73,238,224,14,0.929,221
2026-07-28,2026-07-28,14,日勤,28,132,68,228,237,-9,0.93,212
2026-07-28,2026-07-28,15,日勤,30,129,68,227,217,10,0.934,212
2026-07-28,2026-07-28,16,日勤,27,102,59,188,197,-9,0.952,179
2026-07-28,2026-07-28,17,日勤,23,100,46,169,172,-3,0.917,155
2026-07-28,2026-07-28,18,日勤,19,82,46,147,134,13,0.905,133
2026-07-28,2026-07-28,19,日勤,12,51,36,99,97,2,0.879,87
2026-07-28,2026-07-28,20,夜勤,8,46,46,100,101,-1,0.9,90
2026-07-28,2026-07-28,21,夜勤,6,37,33,76,79,-3,0.908,69
2026-07-28,2026-07-28,22,夜勤,3,35,26,64,69,-5,0.938,60
2026-07-28,2026-07-28,23,夜勤,3,25,21,49,49,0,0.959,47
2026-07-29,2026-07-28,0,夜勤,2,26,22,50,48,2,0.92,46
2026-07-29,2026-07-28,1,夜勤,2,13,15,30,28,2,0.967,29
2026-07-29,2026-07-28,2,夜勤,1,12,15,28,28,0,0.964,27
2026-07-29,2026-07-28,3,夜勤,1,13,13,27,28,-1,0.926,25
2026-07-29,2026-07-28,4,夜勤,1,12,13,26,28,-2,0.923,24
2026-07-29,2026-07-28,5,夜勤,1,13,21,35,35,0,0.971,34
2026-07-29,2026-07-28,6,夜勤,1,25,29,55,55,0,0.945,52
2026-07-29,2026-07-28,7,夜勤,1,37,38,76,74,2,0.921,70
2026-07-29,2026-07-28,8,夜勤,1,53,43,97,94,3,0.979,95
2026-07-29,2026-07-29,9,日勤,16,77,54,147,146,1,0.918,135
2026-07-29,2026-07-29,10,日勤,29,112,78,219,224,-5,0.954,209
2026-07-29,2026-07-29,11,日勤,29,125,75,229,237,-8,0.917,210
2026-07-29,2026-07-29,12,日勤,29,103,70,202,199,3,0.955,193
2026-07-29,2026-07-29,13,日勤,28,116,68,212,224,-12,0.962,204
2026-07-29,2026-07-29,14,日勤,30,139,66,235,237,-2,0.945,222
2026-07-29,2026-07-29,15,日勤,27,115,67,209,217,-8,0.9,188
2026-07-29,2026-07-29,16,日勤,27,117,62,206,197,9,0.927,191
2026-07-29,2026-07-29,17,日勤,23,91,47,161,172,-11,0.944,152
2026-07-29,2026-07-29,18,日勤,16,75,46,137,134,3,0.978,134
2026-07-29,2026-07-29,19,日勤,12,49,36,97,97,0,0.969,94
2026-07-29,2026-07-29,20,夜勤,8,52,40,100,101,-1,0.68,68
2026-07-29,2026-07-29,21,夜勤,5,40,39,84,79,5,0.595,50
2026-07-29,2026-07-29,22,夜勤,3,36,30,69,69,0,0.681,47
2026-07-29,2026-07-29,23,夜勤,3,24,21,48,49,-1,0.708,34
2026-07-30,2026-07-29,0,夜勤,1,25,20,46,48,-2,0.63,29
2026-07-30,2026-07-29,1,夜勤,1,12,14,27,28,-1,0.667,18
2026-07-30,2026-07-29,2,夜勤,1,12,15,28,28,0,0.607,17
2026-07-30,2026-07-29,3,夜勤,1,13,16,30,28,2,0.633,19
2026-07-30,2026-07-29,4,夜勤,2,11,15,28,28,0,0.679,19
2026-07-30,2026-07-29,5,夜勤,1,14,21,36,35,1,0.611,22
2026-07-30,2026-07-29,6,夜勤,2,23,31,56,55,1,0.661,37
2026-07-30,2026-07-29,7,夜勤,1,39,39,79,74,5,0.658,52
2026-07-30,2026-07-29,8,夜勤,1,48,42,91,94,-3,0.615,56
2026-07-30,2026-07-30,9,日勤,15,68,57,140,146,-6,0.9,126
2026-07-30,2026-07-30,10,日勤,28,113,71,212,224,-12,0.958,203
2026-07-30,2026-07-30,11,日勤,28,136,69,233,237,-4,0.974,227
2026-07-30,2026-07-30,12,日勤,28,93,74,195,199,-4,0.903,176
2026-07-30,2026-07-30,13,日勤,30,130,66,226,224,2,0.969,219
2026-07-30,2026-07-30,14,日勤,30,133,66,229,237,-8,0.952,218
2026-07-30,2026-07-30,15,日勤,30,130,70,230,217,13,0.978,225
2026-07-30,2026-07-30,16,日勤,31,113,56,200,197,3,0.975,195
2026-07-30,2026-07-30,17,日勤,23,105,55,183,172,11,0.929,170
2026-07-30,2026-07-30,18,日勤,18,68,46,132,134,-2,0.917,121
2026-07-30,2026-07-30,19,日勤,11,48,34,93,97,-4,0.914,85
2026-07-30,2026-07-30,20,夜勤,8,45,43,96,101,-5,0.917,88
2026-07-30,2026-07-30,21,夜勤,6,34,33,73,79,-6,0.918,67
2026-07-30,2026-07-30,22,夜勤,3,38,29,70,69,1,0.957,67
2026-07-30,2026-07-30,23,夜勤,3,22,21,46,49,-3,0.935,43
2026-07-31,2026-07-30,0,夜勤,2,23,22,47,48,-1,0.936,44
2026-07-31,2026-07-30,1,夜勤,1,12,13,26,28,-2,0.923,24
2026-07-31,2026-07-30,2,夜勤,2,13,15,30,28,2,0.867,26
2026-07-31,2026-07-30,3,夜勤,2,12,13,27,28,-1,0.963,26
2026-07-31,2026-07-30,4,夜勤,1,13,15,29,28,1,0.966,28
2026-07-31,2026-07-30,5,夜勤,2,12,22,36,35,1,0.917,33
2026-07-31,2026-07-30,6,夜勤,1,26,30,57,55,2,0.912,52
2026-07-31,2026-07-30,7,夜勤,1,35,34,70,74,-4,0.957,67
2026-07-31,2026-07-30,8,夜勤,1,46,45,92,94,-2,0.967,89
2026-07-31,2026-07-31,9,日勤,14,75,54,143,146,-3,0.979,140
2026-07-31,2026-07-31,10,日勤,30,115,73,218,224,-6,0.94,205
2026-07-31,2026-07-31,11,日勤,30,142,67,239,237,2,0.937,224
2026-07-31,2026-07-31,12,日勤,28,101,71,200,199,1,0.945,189
2026-07-31,2026-07-31,13,日勤,27,113,74,214,224,-10,0.902,193
2026-07-31,2026-07-31,14,日勤,29,128,74,231,237,-6,0.939,217
2026-07-31,2026-07-31,15,日勤,29,129,61,219,217,2,0.913,200
2026-07-31,2026-07-31,16,日勤,31,108,57,196,197,-1,0.949,186
2026-07-31,2026-07-31,17,日勤,25,97,52,174,172,2,0.925,161
2026-07-31,2026-07-31,18,日勤,18,68,39,125,134,-9,0.912,114
2026-07-31,2026-07-31,19,日勤,10,47,33,90,97,-7,0.967,87
2026-07-31,2026-07-31,20,夜勤,9,52,46,107,101,6,0.907,97
2026-07-31,2026-07-31,21,夜勤,5,34,38,77,79,-2,0.909,70
2026-07-31,2026-07-31,22,夜勤,3,38,29,70,69,1,0.929,65
2026-07-31,2026-07-31,23,夜勤,3,23,21,47,49,-2,0.915,43
2026-08-01,2026-07-31,0,夜勤,2,24,19,45,48,-3,0.933,42
2026-08-01,2026-07-31,1,夜勤,1,12,13,26,28,-2,0.885,23
2026-08-01,2026-07-31,2,夜勤,1,11,16,28,28,0,0.929,26
2026-08-01,2026-07-31,3,夜勤,2,12,15,29,28,1,0.897,26
2026-08-01,2026-07-31,4,夜勤,1,12,13,26,28,-2,0.923,24
2026-08-01,2026-07-31,5,夜勤,1,12,22,35,35,0,0.914,32
2026-08-01,2026-07-31,6,夜勤,1,27,31,59,55,4,0.915,54
2026-08-01,2026-07-31,7,夜勤,1,34,38,73,74,-1,0.959,70
2026-08-01,2026-07-31,8,夜勤,1,47,43,91,94,-3,0.923,84
2026-08-01,2026-08-01,9,日勤,14,78,55,147,146,1,0.966,142
2026-08-01,2026-08-01,10,日勤,31,134,73,238,224,14,0.966,230
2026-08-01,2026-08-01,11,日勤,31,131,70,232,237,-5,0.944,219
2026-08-01,2026-08-01,12,日勤,29,107,66,202,199,3,0.97,196
2026-08-01,2026-08-01,13,日勤,28,135,66,229,224,5,0.969,222
2026-08-01,2026-08-01,14,日勤,31,140,73,244,237,7,0.906,221
2026-08-01,2026-08-01,15,日勤,31,113,67,211,217,-6,0.877,185
2026-08-01,2026-08-01,16,日勤,28,110,60,198,197,1,0.919,182
2026-08-01,2026-08-01,17,日勤,21,100,51,172,172,0,0.924,159
2026-08-01,2026-08-01,18,日勤,16,81,45,142,134,8,0.951,135
2026-08-01,2026-08-01,19,日勤,12,49,37,98,97,1,0.969,95
2026-08-01,2026-08-01,20,夜勤,9,51,43,103,101,2,0.66,68
2026-08-01,2026-08-01,21,夜勤,6,40,35,81,79,2,0.654,53
2026-08-01,2026-08-01,22,夜勤,3,40,27,70,69,1,0.614,43
2026-08-01,2026-08-01,23,夜勤,3,23,21,47,49,-2,0.66,31
2026-08-02,2026-08-01,0,夜勤,1,23,22,46,48,-2,0.652,30
2026-08-02,2026-08-01,1,夜勤,1,13,13,27,28,-1,0.63,17
2026-08-02,2026-08-01,2,夜勤,1,12,14,27,28,-1,0.667,18
2026-08-02,2026-08-01,3,夜勤,2,13,14,29,28,1,0.655,19
2026-08-02,2026-08-01,4,夜勤,1,12,14,27,28,-1,0.63,17
2026-08-02,2026-08-01,5,夜勤,1,12,22,35,35,0,0.686,24
2026-08-02,2026-08-01,6,夜勤,1,23,28,52,55,-3,0.615,32
2026-08-02,2026-08-01,7,夜勤,2,36,36,74,74,0,0.649,48
2026-08-02,2026-08-01,8,夜勤,2,54,40,96,94,2,0.656,63
2026-08-02,2026-08-02,9,日勤,13,73,52,138,146,-8,0.978,135
2026-08-02,2026-08-02,10,日勤,30,118,68,216,224,-8,0.977,211
2026-08-02,2026-08-02,11,日勤,29,127,75,231,237,-6,0.935,216
2026-08-02,2026-08-02,12,日勤,29,101,69,199,199,0,0.93,185
2026-08-02,2026-08-02,13,日勤,31,135,70,236,224,12,0.911,215
2026-08-02,2026-08-02,14,日勤,31,127,74,232,237,-5,0.935,217
2026-08-02,2026-08-02,15,日勤,29,119,62,210,217,-7,0.905,190
2026-08-02,2026-08-02,16,日勤,30,122,59,211,197,14,0.967,204
2026-08-02,2026-08-02,17,日勤,22,100,51,173,172,1,0.965,167
2026-08-02,2026-08-02,18,日勤,18,72,45,135,134,1,0.941,127
2026-08-02,2026-08-02,19,日勤,11,45,39,95,97,-2,0.916,87
2026-08-02,2026-08-02,20,夜勤,9,49,41,99,101,-2,0.97,96
2026-08-02,2026-08-02,21,夜勤,5,39,34,78,79,-1,0.897,70
2026-08-02,2026-08-02,22,夜勤,3,36,30,69,69,0,0.913,63
2026-08-02,2026-08-02,23,夜勤,3,23,20,46,49,-3,0.957,44
2026-08-03,2026-08-02,0,夜勤,2,24,23,49,48,1,0.918,45
2026-08-03,2026-08-02,1,夜勤,2,11,16,29,28,1,0.931,27
2026-08-03,2026-08-02,2,夜勤,1,13,15,29,28,1,0.966,28
2026-08-03,2026-08-02,3,夜勤,1,12,13,26,28,-2,0.923,24
2026-08-03,2026-08-02,4,夜勤,1,12,15,28,28,0,0.964,27
2026-08-03,2026-08-02,5,夜勤,2,13,21,36,35,1,0.972,35
2026-08-03,2026-08-02,6,夜勤,1,25,31,57,55,2,0.947,54
2026-08-03,2026-08-02,7,夜勤,1,34,34,69,74,-5,0.971,67
2026-08-03,2026-08-02,8,夜勤,1,45,45,91,94,-3,0.945,86
2026-08-03,2026-08-03,9,日勤,14,81,56,151,146,5,0.96,145
2026-08-03,2026-08-03,10,日勤,27,134,73,234,224,10,0.966,226
2026-08-03,2026-08-03,11,日勤,31,126,64,221,237,-16,0.919,203
2026-08-03,2026-08-03,12,日勤,27,90,76,193,199,-6,0.912,176
2026-08-03,2026-08-03,13,日勤,31,125,66,222,224,-2,0.937,208
2026-08-03,2026-08-03,14,日勤,28,131,75,234,237,-3,0.97,227
2026-08-03,2026-08-03,15,日勤,30,121,60,211,217,-6,0.957,202
2026-08-03,2026-08-03,16,日勤,29,115,55,199,197,2,0.935,186
2026-08-03,2026-08-03,17,日勤,23,92,52,167,172,-5,0.934,156
2026-08-03,2026-08-03,18,日勤,17,77,46,140,134,6,0.943,132
2026-08-03,2026-08-03,19,日勤,11,52,39,102,97,5,0.912,93
2026-08-03,2026-08-03,20,夜勤,9,46,47,102,101,1,0.971,99
2026-08-03,2026-08-03,21,夜勤,5,34,37,76,79,-3,0.934,71
2026-08-03,2026-08-03,22,夜勤,3,37,27,67,69,-2,0.94,63
2026-08-03,2026-08-03,23,夜勤,3,27,21,51,49,2,0.922,47
2026-08-04,2026-08-03,0,夜勤,1,26,19,46,48,-2,0.913,42
2026-08-04,2026-08-03,1,夜勤,1,13,14,28,28,0,0.929,26
2026-08-04,2026-08-03,2,夜勤,1,13,14,28,28,0,0.964,27
2026-08-04,2026-08-03,3,夜勤,2,11,15,28,28,0,0.964,27
2026-08-04,2026-08-03,4,夜勤,1,13,14,28,28,0,0.929,26
2026-08-04,2026-08-03,5,夜勤,1,12,20,33,35,-2,0.909,30
2026-08-04,2026-08-03,6,夜勤,2,24,30,56,55,1,0.929,52
2026-08-04,2026-08-03,7,夜勤,2,35,35,72,74,-2,0.958,69
2026-08-04,2026-08-03,8,夜勤,2,53,44,99,94,5,0.929,92
2026-08-04,2026-08-04,9,日勤,14,69,55,138,146,-8,0.964,133
2026-08-04,2026-08-04,10,日勤,29,113,78,220,224,-4,0.927,204
2026-08-04,2026-08-04,11,日勤,28,127,75,230,237,-7,0.957,220
2026-08-04,2026-08-04,12,日勤,29,98,77,204,199,5,0.868,177
2026-08-04,2026-08-04,13,日勤,31,114,78,223,224,-1,0.937,209
2026-08-04,2026-08-04,14,日勤,32,139,73,244,237,7,0.926,226
2026-08-04,2026-08-04,15,日勤,31,133,70,234,217,17,0.949,222
2026-08-04,2026-08-04,16,日勤,27,114,58,199,197,2,0.955,190
2026-08-04,2026-08-04,17,日勤,24,100,53,177,172,5,0.96,170
2026-08-04,2026-08-04,18,日勤,17,75,39,131,134,-3,0.969,127
2026-08-04,2026-08-04,19,日勤,12,46,38,96,97,-1,0.917,88
2026-08-04,2026-08-04,20,夜勤,8,49,46,103,101,2,0.922,95
2026-08-04,2026-08-04,21,夜勤,6,40,33,79,79,0,0.937,74
2026-08-04,2026-08-04,22,夜勤,3,37,31,71,69,2,0.944,67
2026-08-04,2026-08-04,23,夜勤,3,22,22,47,49,-2,0.957,45
2026-08-05,2026-08-04,0,夜勤,1,25,21,47,48,-1,0.936,44
2026-08-05,2026-08-04,1,夜勤,2,12,16,30,28,2,0.967,29
2026-08-05,2026-08-04,2,夜勤,1,12,15,28,28,0,0.964,27
2026-08-05,2026-08-04,3,夜勤,1,13,14,28,28,0,0.964,27
2026-08-05,2026-08-04,4,夜勤,1,12,14,27,28,-1,0.926,25
2026-08-05,2026-08-04,5,夜勤,1,12,20,33,35,-2,0.909,30
2026-08-05,2026-08-04,6,夜勤,2,25,28,55,55,0,0.927,51
2026-08-05,2026-08-04,7,夜勤,2,38,39,79,74,5,0.962,76
2026-08-05,2026-08-04,8,夜勤,1,52,42,95,94,1,0.968,92
2026-08-05,2026-08-05,9,日勤,14,79,54,147,146,1,0.912,134
2026-08-05,2026-08-05,10,日勤,29,122,65,216,224,-8,0.931,201
2026-08-05,2026-08-05,11,日勤,29,131,68,228,237,-9,0.908,207
2026-08-05,2026-08-05,12,日勤,27,93,78,198,199,-1,0.939,186
2026-08-05,2026-08-05,13,日勤,31,121,75,227,224,3,0.978,222
2026-08-05,2026-08-05,14,日勤,31,123,76,230,237,-7,0.952,219
2026-08-05,2026-08-05,15,日勤,29,126,68,223,217,6,0.951,212
2026-08-05,2026-08-05,16,日勤,26,102,55,183,197,-14,0.978,179
2026-08-05,2026-08-05,17,日勤,24,104,48,176,172,4,0.903,159
2026-08-05,2026-08-05,18,日勤,17,79,39,135,134,1,0.97,131
2026-08-05,2026-08-05,19,日勤,11,46,33,90,97,-7,0.922,83
2026-08-05,2026-08-05,20,夜勤,8,49,45,102,101,1,0.971,99
2026-08-05,2026-08-05,21,夜勤,6,38,33,77,79,-2,0.961,74
2026-08-05,2026-08-05,22,夜勤,3,40,27,70,69,1,0.929,65
2026-08-05,2026-08-05,23,夜勤,3,25,24,52,49,3,0.923,48
2026-08-06,2026-08-05,0,夜勤,1,25,20,46,48,-2,0.935,43
2026-08-06,2026-08-05,1,夜勤,1,12,14,27,28,-1,0.963,26
2026-08-06,2026-08-05,2,夜勤,1,12,15,28,28,0,0.893,25
2026-08-06,2026-08-05,3,夜勤,1,12,15,28,28,0,0.929,26
2026-08-06,2026-08-05,4,夜勤,1,13,15,29,28,1,0.966,28
2026-08-06,2026-08-05,5,夜勤,1,13,22,36,35,1,0.944,34
2026-08-06,2026-08-05,6,夜勤,1,24,27,52,55,-3,0.923,48
2026-08-06,2026-08-05,7,夜勤,1,39,38,78,74,4,0.962,75
2026-08-06,2026-08-05,8,夜勤,1,52,46,99,94,5,0.939,93
2026-08-06,2026-08-06,9,日勤,14,74,52,140,146,-6,0.9,126
2026-08-06,2026-08-06,10,日勤,31,116,69,216,224,-8,0.921,199
2026-08-06,2026-08-06,11,日勤,31,143,65,239,237,2,0.937,224
2026-08-06,2026-08-06,12,日勤,31,105,71,207,199,8,0.928,192
2026-08-06,2026-08-06,13,日勤,26,134,76,236,224,12,0.966,228
2026-08-06,2026-08-06,14,日勤,31,138,65,234,237,-3,0.927,217
2026-08-06,2026-08-06,15,日勤,32,132,70,234,217,17,0.919,215
2026-08-06,2026-08-06,16,日勤,28,115,60,203,197,6,0.862,175
2026-08-06,2026-08-06,17,日勤,24,107,51,182,172,10,0.94,171
2026-08-06,2026-08-06,18,日勤,16,75,46,137,134,3,0.949,130
2026-08-06,2026-08-06,19,日勤,11,52,32,95,97,-2,0.874,83
2026-08-06,2026-08-06,20,夜勤,8,47,45,100,101,-1,0.94,94
2026-08-06,2026-08-06,21,夜勤,6,41,38,85,79,6,0.918,78
2026-08-06,2026-08-06,22,夜勤,3,38,29,70,69,1,0.971,68
2026-08-06,2026-08-06,23,夜勤,3,25,21,49,49,0,0.918,45
2026-08-07,2026-08-06,0,夜勤,1,25,21,47,48,-1,0.915,43
2026-08-07,2026-08-06,1,夜勤,1,12,15,28,28,0,0.929,26
2026-08-07,2026-08-06,2,夜勤,1,13,15,29,28,1,0.966,28
2026-08-07,2026-08-06,3,夜勤,1,11,14,26,28,-2,0.923,24
2026-08-07,2026-08-06,4,夜勤,1,13,15,29,28,1,0.966,28
2026-08-07,2026-08-06,5,夜勤,2,12,23,37,35,2,0.919,34
2026-08-07,2026-08-06,6,夜勤,2,26,27,55,55,0,0.945,52
2026-08-07,2026-08-06,7,夜勤,1,37,37,75,74,1,0.92,69
2026-08-07,2026-08-06,8,夜勤,1,47,42,90,94,-4,0.922,83
2026-08-07,2026-08-07,9,日勤,15,75,55,145,146,-1,0.883,128
2026-08-07,2026-08-07,10,日勤,31,128,73,232,224,8,0.974,226
2026-08-07,2026-08-07,11,日勤,29,128,75,232,237,-5,0.961,223
2026-08-07,2026-08-07,12,日勤,28,102,65,195,199,-4,0.974,190
2026-08-07,2026-08-07,13,日勤,26,136,73,235,224,11,0.906,213
2026-08-07,2026-08-07,14,日勤,30,134,65,229,237,-8,0.926,212
2026-08-07,2026-08-07,15,日勤,26,118,69,213,217,-4,0.981,209
2026-08-07,2026-08-07,16,日勤,27,102,56,185,197,-12,0.903,167
2026-08-07,2026-08-07,17,日勤,22,99,50,171,172,-1,0.918,157
2026-08-07,2026-08-07,18,日勤,16,74,46,136,134,2,0.875,119
2026-08-07,2026-08-07,19,日勤,11,54,36,101,97,4,0.911,92
2026-08-07,2026-08-07,20,夜勤,8,53,44,105,101,4,0.952,100
2026-08-07,2026-08-07,21,夜勤,5,34,37,76,79,-3,0.947,72
2026-08-07,2026-08-07,22,夜勤,3,38,30,71,69,2,0.958,68
2026-08-07,2026-08-07,23,夜勤,3,26,19,48,49,-1,0.979,47
2026-08-08,2026-08-07,0,夜勤,1,24,24,49,48,1,0.918,45
2026-08-08,2026-08-07,1,夜勤,1,12,15,28,28,0,0.964,27
2026-08-08,2026-08-07,2,夜勤,1,13,15,29,28,1,0.931,27
2026-08-08,2026-08-07,3,夜勤,1,12,13,26,28,-2,0.923,24
2026-08-08,2026-08-07,4,夜勤,2,11,14,27,28,-1,0.926,25
2026-08-08,2026-08-07,5,夜勤,1,12,24,37,35,2,0.919,34
2026-08-08,2026-08-07,6,夜勤,1,24,27,52,55,-3,0.962,50
2026-08-08,2026-08-07,7,夜勤,1,35,37,73,74,-1,0.973,71
2026-08-08,2026-08-07,8,夜勤,1,46,40,87,94,-7,0.92,80
2026-08-08,2026-08-08,9,日勤,16,82,62,160,146,14,0.956,153
2026-08-08,2026-08-08,10,日勤,29,115,66,210,224,-14,0.976,205
2026-08-08,2026-08-08,11,日勤,31,127,71,229,237,-8,0.952,218
2026-08-08,2026-08-08,12,日勤,31,101,73,205,199,6,0.946,194
2026-08-08,2026-08-08,13,日勤,29,126,78,233,224,9,0.957,223
2026-08-08,2026-08-08,14,日勤,31,147,65,243,237,6,0.963,234
2026-08-08,2026-08-08,15,日勤,29,129,67,225,217,8,0.973,219
2026-08-08,2026-08-08,16,日勤,28,101,55,184,197,-13,0.962,177
2026-08-08,2026-08-08,17,日勤,24,94,47,165,172,-7,0.964,159
2026-08-08,2026-08-08,18,日勤,16,79,42,137,134,3,0.934,128
2026-08-08,2026-08-08,19,日勤,12,46,38,96,97,-1,0.948,91
2026-08-08,2026-08-08,20,夜勤,9,45,44,98,101,-3,0.949,93
2026-08-08,2026-08-08,21,夜勤,5,36,36,77,79,-2,0.974,75
2026-08-08,2026-08-08,22,夜勤,3,39,29,71,69,2,0.958,68
2026-08-08,2026-08-08,23,夜勤,3,26,19,48,49,-1,0.979,47
2026-08-09,2026-08-08,0,夜勤,1,24,20,45,48,-3,0.978,44
2026-08-09,2026-08-08,1,夜勤,1,13,14,28,28,0,0.893,25
2026-08-09,2026-08-08,2,夜勤,1,12,15,28,28,0,0.857,24
2026-08-09,2026-08-08,3,夜勤,1,11,14,26,28,-2,0.923,24
2026-08-09,2026-08-08,4,夜勤,1,13,15,29,28,1,0.966,28
2026-08-09,2026-08-08,5,夜勤,2,12,22,36,35,1,0.972,35
2026-08-09,2026-08-08,6,夜勤,1,27,27,55,55,0,0.982,54
2026-08-09,2026-08-08,7,夜勤,1,35,33,69,74,-5,0.928,64
2026-08-09,2026-08-08,8,夜勤,1,54,46,101,94,7,0.95,96
2026-08-09,2026-08-09,9,日勤,14,69,57,140,146,-6,0.943,132
2026-08-09,2026-08-09,10,日勤,31,112,75,218,224,-6,0.913,199
2026-08-09,2026-08-09,11,日勤,31,135,68,234,237,-3,0.906,212
2026-08-09,2026-08-09,12,日勤,30,101,68,199,199,0,0.975,194
2026-08-09,2026-08-09,13,日勤,30,127,72,229,224,5,0.852,195
2026-08-09,2026-08-09,14,日勤,30,145,67,242,237,5,0.967,234
2026-08-09,2026-08-09,15,日勤,31,135,71,237,217,20,0.916,217
2026-08-09,2026-08-09,16,日勤,30,121,56,207,197,10,0.976,202
2026-08-09,2026-08-09,17,日勤,22,92,52,166,172,-6,0.922,153
2026-08-09,2026-08-09,18,日勤,18,73,41,132,134,-2,0.924,122
2026-08-09,2026-08-09,19,日勤,11,47,38,96,97,-1,0.969,93
2026-08-09,2026-08-09,20,夜勤,8,47,45,100,101,-1,0.93,93
2026-08-09,2026-08-09,21,夜勤,6,36,33,75,79,-4,0.973,73
2026-08-09,2026-08-09,22,夜勤,3,36,30,69,69,0,0.942,65
2026-08-09,2026-08-09,23,夜勤,3,23,20,46,49,-3,0.913,42
2026-08-10,2026-08-09,0,夜勤,1,23,20,44,48,-4,0.932,41
2026-08-10,2026-08-09,1,夜勤,1,12,14,27,28,-1,0.926,25
2026-08-10,2026-08-09,2,夜勤,2,12,14,28,28,0,0.929,26
2026-08-10,2026-08-09,3,夜勤,1,13,15,29,28,1,0.931,27
2026-08-10,2026-08-09,4,夜勤,1,13,14,28,28,0,0.893,25
2026-08-10,2026-08-09,5,夜勤,2,12,21,35,35,0,0.971,34
2026-08-10,2026-08-09,6,夜勤,1,24,27,52,55,-3,0.962,50
2026-08-10,2026-08-09,7,夜勤,1,39,38,78,74,4,0.949,74
2026-08-10,2026-08-09,8,夜勤,2,47,40,89,94,-5,0.966,86
2026-08-10,2026-08-10,9,日勤,14,69,54,137,146,-9,0.949,130
2026-08-10,2026-08-10,10,日勤,29,121,74,224,224,0,0.902,202
2026-08-10,2026-08-10,11,日勤,29,150,75,254,237,17,0.929,236
2026-08-10,2026-08-10,12,日勤,30,108,74,212,199,13,0.915,194
2026-08-10,2026-08-10,13,日勤,26,115,75,216,224,-8,0.921,199
2026-08-10,2026-08-10,14,日勤,27,141,78,246,237,9,0.935,230
2026-08-10,2026-08-10,15,日勤,29,116,66,211,217,-6,0.948,200
2026-08-10,2026-08-10,16,日勤,29,108,57,194,197,-3,0.918,178
2026-08-10,2026-08-10,17,日勤,21,94,50,165,172,-7,0.921,152
2026-08-10,2026-08-10,18,日勤,18,81,45,144,134,10,0.951,137
2026-08-10,2026-08-10,19,日勤,11,51,36,98,97,1,0.939,92
2026-08-10,2026-08-10,20,夜勤,8,48,40,96,101,-5,0.927,89
2026-08-10,2026-08-10,21,夜勤,5,35,36,76,79,-3,0.947,72
2026-08-10,2026-08-10,22,夜勤,3,34,27,64,69,-5,0.953,61
2026-08-10,2026-08-10,23,夜勤,3,26,23,52,49,3,0.904,47
2026-08-11,2026-08-10,0,夜勤,1,25,22,48,48,0,0.938,45
2026-08-11,2026-08-10,1,夜勤,1,14,14,29,28,1,0.966,28
2026-08-11,2026-08-10,2,夜勤,2,14,15,31,28,3,0.935,29
2026-08-11,2026-08-10,3,夜勤,1,13,15,29,28,1,0.897,26
2026-08-11,2026-08-10,4,夜勤,1,12,14,27,28,-1,0.926,25
2026-08-11,2026-08-10,5,夜勤,1,13,21,35,35,0,0.971,34
2026-08-11,2026-08-10,6,夜勤,2,22,26,50,55,-5,0.94,47
2026-08-11,2026-08-10,7,夜勤,2,36,38,76,74,2,0.934,71
2026-08-11,2026-08-10,8,夜勤,1,49,43,93,94,-1,0.914,85
2026-08-11,2026-08-11,9,日勤,13,72,56,141,146,-5,0.908,128
2026-08-11,2026-08-11,10,日勤,31,127,75,233,224,9,0.914,213
2026-08-11,2026-08-11,11,日勤,30,143,72,245,237,8,0.939,230
2026-08-11,2026-08-11,12,日勤,29,93,72,194,199,-5,0.938,182
2026-08-11,2026-08-11,13,日勤,29,131,77,237,224,13,0.92,218
2026-08-11,2026-08-11,14,日勤,28,129,75,232,237,-5,0.914,212
2026-08-11,2026-08-11,15,日勤,29,120,64,213,217,-4,0.901,192
2026-08-11,2026-08-11,16,日勤,31,117,58,206,197,9,0.927,191
2026-08-11,2026-08-11,17,日勤,22,96,50,168,172,-4,0.946,159
2026-08-11,2026-08-11,18,日勤,17,70,44,131,134,-3,0.977,128
2026-08-11,2026-08-11,19,日勤,13,48,37,98,97,1,0.939,92
2026-08-11,2026-08-11,20,夜勤,8,50,40,98,101,-3,0.908,89
2026-08-11,2026-08-11,21,夜勤,5,38,34,77,79,-2,0.974,75
2026-08-11,2026-08-11,22,夜勤,3,35,26,64,69,-5,0.938,60
2026-08-11,2026-08-11,23,夜勤,3,25,20,48,49,-1,0.917,44
2026-08-12,2026-08-11,0,夜勤,2,25,23,50,48,2,0.9,45
2026-08-12,2026-08-11,1,夜勤,1,13,13,27,28,-1,0.963,26
2026-08-12,2026-08-11,2,夜勤,1,12,14,27,28,-1,0.926,25
2026-08-12,2026-08-11,3,夜勤,1,11,16,28,28,0,0.964,27
2026-08-12,2026-08-11,4,夜勤,2,12,16,30,28,2,0.9,27
2026-08-12,2026-08-11,5,夜勤,1,12,22,35,35,0,0.914,32
2026-08-12,2026-08-11,6,夜勤,2,24,27,53,55,-2,0.943,50
2026-08-12,2026-08-11,7,夜勤,1,35,39,75,74,1,0.947,71
2026-08-12,2026-08-11,8,夜勤,2,51,41,94,94,0,0.872,82
2026-08-12,2026-08-12,9,日勤,13,80,61,154,146,8,0.942,145
2026-08-12,2026-08-12,10,日勤,30,121,66,217,224,-7,0.963,209
2026-08-12,2026-08-12,11,日勤,30,134,67,231,237,-6,0.978,226
2026-08-12,2026-08-12,12,日勤,31,99,67,197,199,-2,0.924,182
2026-08-12,2026-08-12,13,日勤,29,121,73,223,224,-1,0.91,203
2026-08-12,2026-08-12,14,日勤,31,134,67,232,237,-5,0.94,218
2026-08-12,2026-08-12,15,日勤,26,129,60,215,217,-2,0.916,197
2026-08-12,2026-08-12,16,日勤,30,107,57,194,197,-3,0.866,168
2026-08-12,2026-08-12,17,日勤,22,97,51,170,172,-2,0.971,165
2026-08-12,2026-08-12,18,日勤,17,78,46,141,134,7,0.915,129
2026-08-12,2026-08-12,19,日勤,11,52,36,99,97,2,0.96,95
2026-08-12,2026-08-12,20,夜勤,9,52,46,107,101,6,0.935,100
2026-08-12,2026-08-12,21,夜勤,6,37,34,77,79,-2,0.948,73
2026-08-12,2026-08-12,22,夜勤,3,38,26,67,69,-2,0.925,62
2026-08-12,2026-08-12,23,夜勤,3,26,21,50,49,1,0.92,46
2026-08-13,2026-08-12,0,夜勤,1,23,22,46,48,-2,0.935,43
2026-08-13,2026-08-12,1,夜勤,1,13,13,27,28,-1,0.889,24
2026-08-13,2026-08-12,2,夜勤,1,11,14,26,28,-2,0.923,24
2026-08-13,2026-08-12,3,夜勤,2,14,15,31,28,3,0.903,28
2026-08-13,2026-08-12,4,夜勤,1,14,13,28,28,0,0.929,26
2026-08-13,2026-08-12,5,夜勤,1,13,23,37,35,2,0.946,35
2026-08-13,2026-08-12,6,夜勤,1,24,27,52,55,-3,0.942,49
2026-08-13,2026-08-12,7,夜勤,1,41,39,81,74,7,0.938,76
2026-08-13,2026-08-12,8,夜勤,1,50,43,94,94,0,0.926,87
2026-08-13,2026-08-13,9,日勤,13,69,60,142,146,-4,0.908,129
2026-08-13,2026-08-13,10,日勤,28,123,68,219,224,-5,0.904,198
2026-08-13,2026-08-13,11,日勤,28,137,76,241,237,4,0.876,211
2026-08-13,2026-08-13,12,日勤,30,92,71,193,199,-6,0.953,184
2026-08-13,2026-08-13,13,日勤,26,129,70,225,224,1,0.916,206
2026-08-13,2026-08-13,14,日勤,28,146,71,245,237,8,0.927,227
2026-08-13,2026-08-13,15,日勤,26,128,71,225,217,8,0.916,206
2026-08-13,2026-08-13,16,日勤,29,123,61,213,197,16,0.911,194
2026-08-13,2026-08-13,17,日勤,21,96,50,167,172,-5,0.868,145
2026-08-13,2026-08-13,18,日勤,18,72,46,136,134,2,0.904,123
2026-08-13,2026-08-13,19,日勤,11,53,39,103,97,6,0.932,96
2026-08-13,2026-08-13,20,夜勤,8,49,40,97,101,-4,0.918,89
2026-08-13,2026-08-13,21,夜勤,6,36,33,75,79,-4,0.933,70
2026-08-13,2026-08-13,22,夜勤,3,40,28,71,69,2,0.972,69
2026-08-13,2026-08-13,23,夜勤,3,26,21,50,49,1,0.96,48
2026-08-14,2026-08-13,0,夜勤,2,25,21,48,48,0,0.917,44
2026-08-14,2026-08-13,1,夜勤,2,13,14,29,28,1,0.931,27
2026-08-14,2026-08-13,2,夜勤,1,12,15,28,28,0,0.929,26
2026-08-14,2026-08-13,3,夜勤,1,13,15,29,28,1,0.966,28
2026-08-14,2026-08-13,4,夜勤,1,11,15,27,28,-1,0.889,24
2026-08-14,2026-08-13,5,夜勤,2,12,22,36,35,1,0.917,33
2026-08-14,2026-08-13,6,夜勤,1,25,29,55,55,0,0.927,51
2026-08-14,2026-08-13,7,夜勤,1,41,35,77,74,3,0.909,70
2026-08-14,2026-08-13,8,夜勤,1,46,46,93,94,-1,0.978,91
2026-08-14,2026-08-14,9,日勤,14,76,58,148,146,2,0.973,144
2026-08-14,2026-08-14,10,日勤,29,121,66,216,224,-8,0.944,204
2026-08-14,2026-08-14,11,日勤,29,149,75,253,237,16,0.957,242
2026-08-14,2026-08-14,12,日勤,32,95,73,200,199,1,0.94,188
2026-08-14,2026-08-14,13,日勤,26,116,72,214,224,-10,0.953,204
2026-08-14,2026-08-14,14,日勤,27,146,69,242,237,5,0.913,221
2026-08-14,2026-08-14,15,日勤,27,131,59,217,217,0,0.954,207
2026-08-14,2026-08-14,16,日勤,31,101,55,187,197,-10,0.973,182
2026-08-14,2026-08-14,17,日勤,23,107,47,177,172,5,0.944,167
2026-08-14,2026-08-14,18,日勤,16,77,44,137,134,3,0.956,131
2026-08-14,2026-08-14,19,日勤,11,52,34,97,97,0,0.979,95
2026-08-14,2026-08-14,20,夜勤,8,48,46,102,101,1,0.912,93
2026-08-14,2026-08-14,21,夜勤,6,34,36,76,79,-3,0.961,73
2026-08-14,2026-08-14,22,夜勤,3,39,29,71,69,2,0.958,68
2026-08-14,2026-08-14,23,夜勤,3,24,21,48,49,-1,0.979,47
2026-08-15,2026-08-14,0,夜勤,1,23,23,47,48,-1,0.872,41
2026-08-15,2026-08-14,1,夜勤,1,13,15,29,28,1,0.931,27
2026-08-15,2026-08-14,2,夜勤,1,11,13,25,28,-3,0.96,24
2026-08-15,2026-08-14,3,夜勤,1,11,15,27,28,-1,0.963,26
2026-08-15,2026-08-14,4,夜勤,1,13,15,29,28,1,0.931,27
2026-08-15,2026-08-14,5,夜勤,2,12,23,37,35,2,0.946,35
2026-08-15,2026-08-14,6,夜勤,2,23,31,56,55,1,0.911,51
2026-08-15,2026-08-14,7,夜勤,1,37,37,75,74,1,0.907,68
2026-08-15,2026-08-14,8,夜勤,1,50,46,97,94,3,0.928,90
2026-08-15,2026-08-15,9,日勤,15,71,62,148,146,2,0.878,130
2026-08-15,2026-08-15,10,日勤,27,129,74,230,224,6,0.961,221
2026-08-15,2026-08-15,11,日勤,28,126,68,222,237,-15,0.968,215
2026-08-15,2026-08-15,12,日勤,27,91,67,185,199,-14,0.93,172
2026-08-15,2026-08-15,13,日勤,28,122,65,215,224,-9,0.926,199
2026-08-15,2026-08-15,14,日勤,31,138,67,236,237,-1,0.856,202
2026-08-15,2026-08-15,15,日勤,26,117,61,204,217,-13,0.907,185
2026-08-15,2026-08-15,16,日勤,29,101,53,183,197,-14,0.923,169
2026-08-15,2026-08-15,17,日勤,24,106,47,177,172,5,0.972,172
2026-08-15,2026-08-15,18,日勤,16,78,41,135,134,1,0.919,124
2026-08-15,2026-08-15,19,日勤,11,50,35,96,97,-1,0.885,85
2026-08-15,2026-08-15,20,夜勤,8,53,42,103,101,2,0.971,100
2026-08-15,2026-08-15,21,夜勤,6,36,32,74,79,-5,0.959,71
2026-08-15,2026-08-15,22,夜勤,3,38,28,69,69,0,0.971,67
2026-08-15,2026-08-15,23,夜勤,3,24,22,49,49,0,0.918,45
2026-08-16,2026-08-15,0,夜勤,2,23,23,48,48,0,0.917,44
2026-08-16,2026-08-15,1,夜勤,2,13,15,30,28,2,0.9,27
2026-08-16,2026-08-15,2,夜勤,2,13,15,30,28,2,0.967,29
2026-08-16,2026-08-15,3,夜勤,1,13,16,30,28,2,0.933,28
2026-08-16,2026-08-15,4,夜勤,1,13,15,29,28,1,0.966,28
2026-08-16,2026-08-15,5,夜勤,2,13,21,36,35,1,0.944,34
2026-08-16,2026-08-15,6,夜勤,1,26,30,57,55,2,0.912,52
2026-08-16,2026-08-15,7,夜勤,1,39,38,78,74,4,0.962,75
2026-08-16,2026-08-15,8,夜勤,2,47,40,89,94,-5,0.966,86
2026-08-16,2026-08-16,9,日勤,13,70,62,145,146,-1,0.938,136
2026-08-16,2026-08-16,10,日勤,28,127,76,231,224,7,0.9,208
2026-08-16,2026-08-16,11,日勤,30,144,77,251,237,14,0.952,239
2026-08-16,2026-08-16,12,日勤,26,96,76,198,199,-1,0.934,185
2026-08-16,2026-08-16,13,日勤,28,127,71,226,224,2,0.969,219
2026-08-16,2026-08-16,14,日勤,27,150,69,246,237,9,0.923,227
2026-08-16,2026-08-16,15,日勤,30,135,63,228,217,11,0.934,213
2026-08-16,2026-08-16,16,日勤,29,109,54,192,197,-5,0.938,180
2026-08-16,2026-08-16,17,日勤,24,94,54,172,172,0,0.977,168
2026-08-16,2026-08-16,18,日勤,17,81,42,140,134,6,0.95,133
2026-08-16,2026-08-16,19,日勤,12,49,34,95,97,-2,0.905,86
2026-08-16,2026-08-16,20,夜勤,8,45,39,92,101,-9,0.924,85
2026-08-16,2026-08-16,21,夜勤,6,40,33,79,79,0,0.899,71
2026-08-16,2026-08-16,22,夜勤,3,37,26,66,69,-3,0.924,61
2026-08-16,2026-08-16,23,夜勤,3,25,20,48,49,-1,0.938,45
2026-08-17,2026-08-16,0,夜勤,1,25,23,49,48,1,0.959,47
2026-08-17,2026-08-16,1,夜勤,1,13,16,30,28,2,0.933,28
2026-08-17,2026-08-16,2,夜勤,1,11,14,26,28,-2,0.923,24
2026-08-17,2026-08-16,3,夜勤,2,12,13,27,28,-1,0.963,26
2026-08-17,2026-08-16,4,夜勤,1,14,16,31,28,3,0.903,28
2026-08-17,2026-08-16,5,夜勤,1,14,22,37,35,2,0.946,35
2026-08-17,2026-08-16,6,夜勤,1,26,30,57,55,2,0.86,49
2026-08-17,2026-08-16,7,夜勤,1,40,32,73,74,-1,0.945,69
2026-08-17,2026-08-16,8,夜勤,1,51,47,99,94,5,0.949,94
2026-08-17,2026-08-17,9,日勤,15,79,61,155,146,9,0.935,145
2026-08-17,2026-08-17,10,日勤,31,115,71,217,224,-7,0.945,205
2026-08-17,2026-08-17,11,日勤,31,138,73,242,237,5,0.938,227
2026-08-17,2026-08-17,12,日勤,30,96,74,200,199,1,0.945,189
2026-08-17,2026-08-17,13,日勤,31,124,66,221,224,-3,0.869,192
2026-08-17,2026-08-17,14,日勤,29,142,66,237,237,0,0.907,215
2026-08-17,2026-08-17,15,日勤,31,120,66,217,217,0,0.968,210
2026-08-17,2026-08-17,16,日勤,28,114,55,197,197,0,0.934,184
2026-08-17,2026-08-17,17,日勤,23,104,48,175,172,3,0.943,165
2026-08-17,2026-08-17,18,日勤,17,75,40,132,134,-2,0.962,127
2026-08-17,2026-08-17,19,日勤,11,46,39,96,97,-1,0.927,89
2026-08-17,2026-08-17,20,夜勤,9,46,41,96,101,-5,0.958,92
2026-08-17,2026-08-17,21,夜勤,6,38,34,78,79,-1,0.949,74
2026-08-17,2026-08-17,22,夜勤,3,36,31,70,69,1,0.914,64
2026-08-17,2026-08-17,23,夜勤,3,24,20,47,49,-2,0.936,44
2026-08-18,2026-08-17,0,夜勤,1,25,23,49,48,1,0.939,46
2026-08-18,2026-08-17,1,夜勤,1,13,14,28,28,0,0.893,25
2026-08-18,2026-08-17,2,夜勤,1,13,13,27,28,-1,0.926,25
2026-08-18,2026-08-17,3,夜勤,2,13,13,28,28,0,0.893,25
2026-08-18,2026-08-17,4,夜勤,1,12,13,26,28,-2,0.923,24
2026-08-18,2026-08-17,5,夜勤,2,11,23,36,35,1,0.917,33
2026-08-18,2026-08-17,6,夜勤,2,26,26,54,55,-1,0.981,53
2026-08-18,2026-08-17,7,夜勤,2,40,37,79,74,5,0.899,71
2026-08-18,2026-08-17,8,夜勤,1,48,46,95,94,1,0.958,91
2026-08-18,2026-08-18,9,日勤,15,76,53,144,146,-2,0.931,134
2026-08-18,2026-08-18,10,日勤,28,119,75,222,224,-2,0.928,206
2026-08-18,2026-08-18,11,日勤,30,145,71,246,237,9,0.923,227
2026-08-18,2026-08-18,12,日勤,27,106,69,202,199,3,0.96,194
2026-08-18,2026-08-18,13,日勤,29,116,69,214,224,-10,0.953,204
2026-08-18,2026-08-18,14,日勤,31,137,70,238,237,1,0.962,229
2026-08-18,2026-08-18,15,日勤,31,127,69,227,217,10,0.947,215
2026-08-18,2026-08-18,16,日勤,30,111,63,204,197,7,0.917,187
2026-08-18,2026-08-18,17,日勤,22,94,54,170,172,-2,0.947,161
2026-08-18,2026-08-18,18,日勤,19,75,40,134,134,0,0.925,124
2026-08-18,2026-08-18,19,日勤,11,52,38,101,97,4,0.95,96
2026-08-18,2026-08-18,20,夜勤,9,47,40,96,101,-5,0.917,88
2026-08-18,2026-08-18,21,夜勤,6,34,38,78,79,-1,0.974,76
2026-08-18,2026-08-18,22,夜勤,3,34,31,68,69,-1,0.912,62
2026-08-18,2026-08-18,23,夜勤,3,23,20,46,49,-3,0.913,42
2026-08-19,2026-08-18,0,夜勤,1,27,23,51,48,3,0.902,46
2026-08-19,2026-08-18,1,夜勤,2,13,13,28,28,0,0.964,27
2026-08-19,2026-08-18,2,夜勤,1,13,15,29,28,1,0.966,28
2026-08-19,2026-08-18,3,夜勤,1,13,14,28,28,0,0.893,25
2026-08-19,2026-08-18,4,夜勤,1,13,14,28,28,0,0.964,27
2026-08-19,2026-08-18,5,夜勤,2,12,23,37,35,2,0.973,36
2026-08-19,2026-08-18,6,夜勤,1,27,31,59,55,4,0.949,56
2026-08-19,2026-08-18,7,夜勤,1,37,36,74,74,0,0.959,71
2026-08-19,2026-08-18,8,夜勤,1,53,42,96,94,2,0.917,88
2026-08-19,2026-08-19,9,日勤,13,80,52,145,146,-1,0.917,133
2026-08-19,2026-08-19,10,日勤,30,132,67,229,224,5,0.917,210
2026-08-19,2026-08-19,11,日勤,28,149,73,250,237,13,0.976,244
2026-08-19,2026-08-19,12,日勤,28,90,66,184,199,-15,0.929,171
2026-08-19,2026-08-19,13,日勤,30,135,78,243,224,19,0.975,237
2026-08-19,2026-08-19,14,日勤,28,146,77,251,237,14,0.912,229
2026-08-19,2026-08-19,15,日勤,27,132,63,222,217,5,0.977,217
2026-08-19,2026-08-19,16,日勤,30,103,59,192,197,-5,0.932,179
2026-08-19,2026-08-19,17,日勤,24,104,53,181,172,9,0.912,165
2026-08-19,2026-08-19,18,日勤,17,71,39,127,134,-7,0.913,116
2026-08-19,2026-08-19,19,日勤,11,54,38,103,97,6,0.971,100
2026-08-19,2026-08-19,20,夜勤,8,46,44,98,101,-3,0.969,95
2026-08-19,2026-08-19,21,夜勤,5,38,33,76,79,-3,0.921,70
2026-08-19,2026-08-19,22,夜勤,3,36,30,69,69,0,0.899,62
2026-08-19,2026-08-19,23,夜勤,3,24,22,49,49,0,0.959,47
2026-08-20,2026-08-19,0,夜勤,1,25,21,47,48,-1,0.957,45
2026-08-20,2026-08-19,1,夜勤,1,13,14,28,28,0,0.929,26
2026-08-20,2026-08-19,2,夜勤,1,13,14,28,28,0,0.964,27
2026-08-20,2026-08-19,3,夜勤,1,13,16,30,28,2,0.933,28
2026-08-20,2026-08-19,4,夜勤,1,13,15,29,28,1,0.931,27
2026-08-20,2026-08-19,5,夜勤,1,13,22,36,35,1,0.972,35
2026-08-20,2026-08-19,6,夜勤,1,22,31,54,55,-1,0.944,51
2026-08-20,2026-08-19,7,夜勤,1,35,36,72,74,-2,0.917,66
2026-08-20,2026-08-19,8,夜勤,1,48,42,91,94,-3,0.901,82
2026-08-20,2026-08-20,9,日勤,13,78,57,148,146,2,0.959,142
2026-08-20,2026-08-20,10,日勤,31,118,72,221,224,-3,0.914,202
2026-08-20,2026-08-20,11,日勤,28,124,66,218,237,-19,0.963,210
2026-08-20,2026-08-20,12,日勤,31,97,73,201,199,2,0.98,197
2026-08-20,2026-08-20,13,日勤,26,130,78,234,224,10,0.932,218
2026-08-20,2026-08-20,14,日勤,31,131,68,230,237,-7,0.917,211
2026-08-20,2026-08-20,15,日勤,26,117,70,213,217,-4,0.981,209
2026-08-20,2026-08-20,16,日勤,31,116,56,203,197,6,0.951,193
2026-08-20,2026-08-20,17,日勤,24,91,46,161,172,-11,0.913,147
2026-08-20,2026-08-20,18,日勤,17,74,43,134,134,0,0.955,128
2026-08-20,2026-08-20,19,日勤,13,45,38,96,97,-1,0.938,90
2026-08-20,2026-08-20,20,夜勤,8,48,44,100,101,-1,0.9,90
2026-08-20,2026-08-20,21,夜勤,5,40,33,78,79,-1,0.936,73
2026-08-20,2026-08-20,22,夜勤,3,35,26,64,69,-5,0.906,58
2026-08-20,2026-08-20,23,夜勤,3,24,20,47,49,-2,0.957,45
2026-08-21,2026-08-20,0,夜勤,2,25,21,48,48,0,0.979,47
2026-08-21,2026-08-20,1,夜勤,2,12,14,28,28,0,0.964,27
2026-08-21,2026-08-20,2,夜勤,1,12,15,28,28,0,0.964,27
2026-08-21,2026-08-20,3,夜勤,2,12,15,29,28,1,0.966,28
2026-08-21,2026-08-20,4,夜勤,2,13,15,30,28,2,0.933,28
2026-08-21,2026-08-20,5,夜勤,1,13,20,34,35,-1,0.912,31
2026-08-21,2026-08-20,6,夜勤,2,27,30,59,55,4,0.949,56
2026-08-21,2026-08-20,7,夜勤,1,38,34,73,74,-1,0.932,68
2026-08-21,2026-08-20,8,夜勤,1,52,45,98,94,4,0.918,90
2026-08-21,2026-08-21,9,日勤,13,70,54,137,146,-9,0.949,130
2026-08-21,2026-08-21,10,日勤,32,127,72,231,224,7,0.931,215
2026-08-21,2026-08-21,11,日勤,30,124,71,225,237,-12,0.911,205
2026-08-21,2026-08-21,12,日勤,28,104,65,197,199,-2,0.924,182
2026-08-21,2026-08-21,13,日勤,28,122,67,217,224,-7,0.866,188
2026-08-21,2026-08-21,14,日勤,27,140,64,231,237,-6,0.952,220
2026-08-21,2026-08-21,15,日勤,26,121,70,217,217,0,0.903,196
2026-08-21,2026-08-21,16,日勤,29,116,62,207,197,10,0.937,194
2026-08-21,2026-08-21,17,日勤,22,92,51,165,172,-7,0.945,156
2026-08-21,2026-08-21,18,日勤,18,68,44,130,134,-4,0.885,115
2026-08-21,2026-08-21,19,日勤,11,54,38,103,97,6,0.951,98
2026-08-21,2026-08-21,20,夜勤,9,46,43,98,101,-3,0.918,90
2026-08-21,2026-08-21,21,夜勤,6,39,33,78,79,-1,0.923,72
2026-08-21,2026-08-21,22,夜勤,3,34,27,64,69,-5,0.922,59
2026-08-21,2026-08-21,23,夜勤,3,23,20,46,49,-3,0.957,44
2026-08-22,2026-08-21,0,夜勤,1,23,23,47,48,-1,0.915,43
2026-08-22,2026-08-21,1,夜勤,1,13,14,28,28,0,0.929,26
2026-08-22,2026-08-21,2,夜勤,1,12,16,29,28,1,0.966,28
2026-08-22,2026-08-21,3,夜勤,1,13,15,29,28,1,0.897,26
2026-08-22,2026-08-21,4,夜勤,1,12,16,29,28,1,0.966,28
2026-08-22,2026-08-21,5,夜勤,1,11,22,34,35,-1,0.971,33
2026-08-22,2026-08-21,6,夜勤,1,26,30,57,55,2,0.965,55
2026-08-22,2026-08-21,7,夜勤,1,38,35,74,74,0,0.946,70
2026-08-22,2026-08-21,8,夜勤,1,48,46,95,94,1,0.979,93
2026-08-22,2026-08-22,9,日勤,13,68,57,138,146,-8,0.906,125
2026-08-22,2026-08-22,10,日勤,31,131,67,229,224,5,0.926,212
2026-08-22,2026-08-22,11,日勤,31,126,70,227,237,-10,0.925,210
2026-08-22,2026-08-22,12,日勤,27,90,78,195,199,-4,0.964,188
2026-08-22,2026-08-22,13,日勤,28,136,73,237,224,13,0.975,231
2026-08-22,2026-08-22,14,日勤,29,131,78,238,237,1,0.945,225
2026-08-22,2026-08-22,15,日勤,26,116,59,201,217,-16,0.965,194
2026-08-22,2026-08-22,16,日勤,30,102,57,189,197,-8,0.947,179
2026-08-22,2026-08-22,17,日勤,22,93,52,167,172,-5,0.928,155
2026-08-22,2026-08-22,18,日勤,16,76,39,131,134,-3,0.916,120
2026-08-22,2026-08-22,19,日勤,11,50,39,100,97,3,0.96,96
2026-08-22,2026-08-22,20,夜勤,8,49,42,99,101,-2,0.909,90
2026-08-22,2026-08-22,21,夜勤,6,38,36,80,79,1,0.887,71
2026-08-22,2026-08-22,22,夜勤,3,35,29,67,69,-2,0.925,62
2026-08-22,2026-08-22,23,夜勤,3,27,22,52,49,3,0.904,47
2026-08-23,2026-08-22,0,夜勤,1,25,21,47,48,-1,0.936,44
2026-08-23,2026-08-22,1,夜勤,1,13,16,30,28,2,0.967,29
2026-08-23,2026-08-22,2,夜勤,1,12,14,27,28,-1,0.926,25
2026-08-23,2026-08-22,3,夜勤,2,11,14,27,28,-1,0.963,26
2026-08-23,2026-08-22,4,夜勤,2,12,14,28,28,0,0.929,26
2026-08-23,2026-08-22,5,夜勤,2,11,21,34,35,-1,0.912,31
2026-08-23,2026-08-22,6,夜勤,2,26,26,54,55,-1,0.907,49
2026-08-23,2026-08-22,7,夜勤,1,39,37,77,74,3,0.935,72
2026-08-23,2026-08-22,8,夜勤,1,50,39,90,94,-4,0.9,81
2026-08-23,2026-08-23,9,日勤,15,71,53,139,146,-7,0.95,132
2026-08-23,2026-08-23,10,日勤,26,133,69,228,224,4,0.899,205
2026-08-23,2026-08-23,11,日勤,29,148,66,243,237,6,0.963,234
2026-08-23,2026-08-23,12,日勤,30,107,74,211,199,12,0.948,200
2026-08-23,2026-08-23,13,日勤,28,113,70,211,224,-13,0.943,199
2026-08-23,2026-08-23,14,日勤,27,142,73,242,237,5,0.93,225
2026-08-23,2026-08-23,15,日勤,28,131,65,224,217,7,0.871,195
2026-08-23,2026-08-23,16,日勤,26,108,53,187,197,-10,0.914,171
2026-08-23,2026-08-23,17,日勤,21,108,50,179,172,7,0.961,172
2026-08-23,2026-08-23,18,日勤,16,77,44,137,134,3,0.964,132
2026-08-23,2026-08-23,19,日勤,12,53,35,100,97,3,0.97,97
2026-08-23,2026-08-23,20,夜勤,8,47,42,97,101,-4,0.948,92
2026-08-23,2026-08-23,21,夜勤,6,34,37,77,79,-2,0.961,74
2026-08-23,2026-08-23,22,夜勤,3,37,27,67,69,-2,0.955,64
2026-08-23,2026-08-23,23,夜勤,3,25,23,51,49,2,0.961,49
2026-08-24,2026-08-23,0,夜勤,1,27,23,51,48,3,0.98,50
2026-08-24,2026-08-23,1,夜勤,1,12,14,27,28,-1,0.889,24
2026-08-24,2026-08-23,2,夜勤,2,11,15,28,28,0,0.929,26
2026-08-24,2026-08-23,3,夜勤,1,12,14,27,28,-1,0.926,25
2026-08-24,2026-08-23,4,夜勤,2,11,13,26,28,-2,0.923,24
2026-08-24,2026-08-23,5,夜勤,1,12,21,34,35,-1,0.971,33
2026-08-24,2026-08-23,6,夜勤,1,25,30,56,55,1,0.929,52
2026-08-24,2026-08-23,7,夜勤,2,36,35,73,74,-1,0.973,71
2026-08-24,2026-08-23,8,夜勤,1,54,41,96,94,2,0.948,91
2026-08-24,2026-08-24,9,日勤,14,69,54,137,146,-9,0.964,132
2026-08-24,2026-08-24,10,日勤,29,127,69,225,224,1,0.938,211
2026-08-24,2026-08-24,11,日勤,30,129,72,231,237,-6,0.948,219
2026-08-24,2026-08-24,12,日勤,28,106,72,206,199,7,0.947,195
2026-08-24,2026-08-24,13,日勤,30,117,66,213,224,-11,0.911,194
2026-08-24,2026-08-24,14,日勤,31,125,68,224,237,-13,0.884,198
2026-08-24,2026-08-24,15,日勤,29,121,60,210,217,-7,0.905,190
2026-08-24,2026-08-24,16,日勤,30,112,61,203,197,6,0.931,189
2026-08-24,2026-08-24,17,日勤,24,98,47,169,172,-3,0.941,159
2026-08-24,2026-08-24,18,日勤,19,80,42,141,134,7,0.943,133
2026-08-24,2026-08-24,19,日勤,12,53,33,98,97,1,0.959,94
2026-08-24,2026-08-24,20,夜勤,9,50,41,100,101,-1,0.97,97
2026-08-24,2026-08-24,21,夜勤,5,36,38,79,79,0,0.975,77
2026-08-24,2026-08-24,22,夜勤,3,38,28,69,69,0,0.971,67
2026-08-24,2026-08-24,23,夜勤,3,24,20,47,49,-2,0.894,42
2026-08-25,2026-08-24,0,夜勤,1,25,22,48,48,0,0.958,46
2026-08-25,2026-08-24,1,夜勤,2,12,15,29,28,1,0.966,28
2026-08-25,2026-08-24,2,夜勤,1,11,15,27,28,-1,0.963,26
2026-08-25,2026-08-24,3,夜勤,1,13,13,27,28,-1,0.926,25
2026-08-25,2026-08-24,4,夜勤,1,13,14,28,28,0,0.929,26
2026-08-25,2026-08-24,5,夜勤,1,13,20,34,35,-1,0.912,31
2026-08-25,2026-08-24,6,夜勤,1,26,30,57,55,2,0.965,55
2026-08-25,2026-08-24,7,夜勤,1,35,33,69,74,-5,0.913,63
2026-08-25,2026-08-24,8,夜勤,1,53,39,93,94,-1,0.968,90
2026-08-25,2026-08-25,9,日勤,16,77,52,145,146,-1,0.979,142
2026-08-25,2026-08-25,10,日勤,26,127,66,219,224,-5,0.963,211
2026-08-25,2026-08-25,11,日勤,27,130,70,227,237,-10,0.943,214
2026-08-25,2026-08-25,12,日勤,30,108,65,203,199,4,0.911,185
2026-08-25,2026-08-25,13,日勤,30,127,72,229,224,5,0.956,219
2026-08-25,2026-08-25,14,日勤,28,140,71,239,237,2,0.904,216
2026-08-25,2026-08-25,15,日勤,31,134,67,232,217,15,0.966,224
2026-08-25,2026-08-25,16,日勤,26,105,59,190,197,-7,0.979,186
2026-08-25,2026-08-25,17,日勤,23,106,48,177,172,5,0.932,165
2026-08-25,2026-08-25,18,日勤,17,75,46,138,134,4,0.92,127
2026-08-25,2026-08-25,19,日勤,11,48,39,98,97,1,0.908,89
2026-08-25,2026-08-25,20,夜勤,9,51,40,100,101,-1,0.95,95
2026-08-25,2026-08-25,21,夜勤,6,35,35,76,79,-3,0.934,71
2026-08-25,2026-08-25,22,夜勤,3,36,28,67,69,-2,0.91,61
2026-08-25,2026-08-25,23,夜勤,3,26,19,48,49,-1,0.938,45
2026-08-26,2026-08-25,0,夜勤,1,23,22,46,48,-2,0.848,39
2026-08-26,2026-08-25,1,夜勤,1,13,15,29,28,1,0.966,28
2026-08-26,2026-08-25,2,夜勤,2,12,15,29,28,1,0.966,28
2026-08-26,2026-08-25,3,夜勤,1,14,13,28,28,0,0.964,27
2026-08-26,2026-08-25,4,夜勤,1,11,14,26,28,-2,0.923,24
2026-08-26,2026-08-25,5,夜勤,1,13,19,33,35,-2,0.909,30
2026-08-26,2026-08-25,6,夜勤,2,23,27,52,55,-3,0.981,51
2026-08-26,2026-08-25,7,夜勤,1,35,39,75,74,1,0.947,71
2026-08-26,2026-08-25,8,夜勤,1,51,47,99,94,5,0.929,92
2026-08-26,2026-08-26,9,日勤,15,78,56,149,146,3,0.966,144
2026-08-26,2026-08-26,10,日勤,28,119,67,214,224,-10,0.925,198
2026-08-26,2026-08-26,11,日勤,30,148,72,250,237,13,0.936,234
2026-08-26,2026-08-26,12,日勤,27,99,77,203,199,4,0.941,191
2026-08-26,2026-08-26,13,日勤,29,124,69,222,224,-2,0.914,203
2026-08-26,2026-08-26,14,日勤,26,136,72,234,237,-3,0.936,219
2026-08-26,2026-08-26,15,日勤,29,116,64,209,217,-8,0.933,195
2026-08-26,2026-08-26,16,日勤,30,120,60,210,197,13,0.976,205
2026-08-26,2026-08-26,17,日勤,23,103,54,180,172,8,0.972,175
2026-08-26,2026-08-26,18,日勤,18,76,42,136,134,2,0.978,133
2026-08-26,2026-08-26,19,日勤,11,53,39,103,97,6,0.951,98
2026-08-26,2026-08-26,20,夜勤,8,53,42,103,101,2,0.942,97
2026-08-26,2026-08-26,21,夜勤,6,38,39,83,79,4,0.916,76
2026-08-26,2026-08-26,22,夜勤,3,37,28,68,69,-1,0.912,62
2026-08-26,2026-08-26,23,夜勤,3,25,19,47,49,-2,0.957,45
2026-08-27,2026-08-26,0,夜勤,1,27,19,47,48,-1,0.936,44
2026-08-27,2026-08-26,1,夜勤,1,13,13,27,28,-1,0.963,26
2026-08-27,2026-08-26,2,夜勤,1,11,14,26,28,-2,0.962,25
2026-08-27,2026-08-26,3,夜勤,2,12,14,28,28,0,0.929,26
2026-08-27,2026-08-26,4,夜勤,1,12,14,27,28,-1,0.889,24
2026-08-27,2026-08-26,5,夜勤,2,12,20,34,35,-1,0.912,31
2026-08-27,2026-08-26,6,夜勤,1,27,31,59,55,4,0.915,54
2026-08-27,2026-08-26,7,夜勤,2,34,34,70,74,-4,0.957,67
2026-08-27,2026-08-26,8,夜勤,1,45,40,86,94,-8,0.965,83
2026-08-27,2026-08-27,9,日勤,15,76,61,152,146,6,0.934,142
2026-08-27,2026-08-27,10,日勤,28,136,65,229,224,5,0.908,208
2026-08-27,2026-08-27,11,日勤,27,134,73,234,237,-3,0.91,213
2026-08-27,2026-08-27,12,日勤,29,106,69,204,199,5,0.922,188
2026-08-27,2026-08-27,13,日勤,31,123,72,226,224,2,0.903,204
2026-08-27,2026-08-27,14,日勤,28,131,66,225,237,-12,0.938,211
2026-08-27,2026-08-27,15,日勤,27,127,62,216,217,-1,0.921,199
2026-08-27,2026-08-27,16,日勤,27,119,52,198,197,1,0.909,180
2026-08-27,2026-08-27,17,日勤,23,104,48,175,172,3,0.909,159
2026-08-27,2026-08-27,18,日勤,18,81,42,141,134,7,0.972,137
2026-08-27,2026-08-27,19,日勤,12,50,33,95,97,-2,0.926,88
2026-08-27,2026-08-27,20,夜勤,8,48,45,101,101,0,0.941,95
2026-08-27,2026-08-27,21,夜勤,5,37,39,81,79,2,0.914,74
2026-08-27,2026-08-27,22,夜勤,3,40,26,69,69,0,0.957,66
2026-08-27,2026-08-27,23,夜勤,3,23,22,48,49,-1,0.917,44
2026-08-28,2026-08-27,0,夜勤,2,26,23,51,48,3,0.941,48
2026-08-28,2026-08-27,1,夜勤,1,13,15,29,28,1,0.931,27
2026-08-28,2026-08-27,2,夜勤,1,13,14,28,28,0,0.929,26
2026-08-28,2026-08-27,3,夜勤,1,12,15,28,28,0,0.929,26
2026-08-28,2026-08-27,4,夜勤,1,13,15,29,28,1,0.966,28
2026-08-28,2026-08-27,5,夜勤,1,12,20,33,35,-2,0.97,32
2026-08-28,2026-08-27,6,夜勤,1,23,27,51,55,-4,0.941,48
2026-08-28,2026-08-27,7,夜勤,1,40,37,78,74,4,0.949,74
2026-08-28,2026-08-27,8,夜勤,2,46,45,93,94,-1,0.925,86
2026-08-28,2026-08-28,9,日勤,15,73,61,149,146,3,0.899,134
2026-08-28,2026-08-28,10,日勤,30,130,75,235,224,11,0.953,224
2026-08-28,2026-08-28,11,日勤,26,134,69,229,237,-8,0.921,211
2026-08-28,2026-08-28,12,日勤,28,101,76,205,199,6,0.888,182
2026-08-28,2026-08-28,13,日勤,29,132,66,227,224,3,0.974,221
2026-08-28,2026-08-28,14,日勤,26,124,66,216,237,-21,0.949,205
2026-08-28,2026-08-28,15,日勤,28,119,63,210,217,-7,0.952,200
2026-08-28,2026-08-28,16,日勤,28,106,56,190,197,-7,0.953,181
2026-08-28,2026-08-28,17,日勤,25,95,45,165,172,-7,0.915,151
2026-08-28,2026-08-28,18,日勤,16,76,39,131,134,-3,0.939,123
2026-08-28,2026-08-28,19,日勤,12,51,34,97,97,0,0.907,88
2026-08-28,2026-08-28,20,夜勤,8,50,45,103,101,2,0.971,100
2026-08-28,2026-08-28,21,夜勤,6,36,38,80,79,1,0.95,76
2026-08-28,2026-08-28,22,夜勤,3,37,26,66,69,-3,0.939,62
2026-08-28,2026-08-28,23,夜勤,3,24,21,48,49,-1,0.958,46
2026-08-29,2026-08-28,0,夜勤,2,26,21,49,48,1,0.918,45
2026-08-29,2026-08-28,1,夜勤,1,14,14,29,28,1,0.897,26
2026-08-29,2026-08-28,2,夜勤,1,12,13,26,28,-2,0.962,25
2026-08-29,2026-08-28,3,夜勤,1,11,13,25,28,-3,0.96,24
2026-08-29,2026-08-28,4,夜勤,2,12,14,28,28,0,0.929,26
2026-08-29,2026-08-28,5,夜勤,1,12,22,35,35,0,0.943,33
2026-08-29,2026-08-28,6,夜勤,1,26,26,53,55,-2,0.943,50
2026-08-29,2026-08-28,7,夜勤,1,36,38,75,74,1,0.973,73
2026-08-29,2026-08-28,8,夜勤,1,52,46,99,94,5,0.98,97
2026-08-29,2026-08-29,9,日勤,15,77,56,148,146,2,0.953,141
2026-08-29,2026-08-29,10,日勤,30,119,71,220,224,-4,0.927,204
2026-08-29,2026-08-29,11,日勤,30,148,75,253,237,16,0.921,233
2026-08-29,2026-08-29,12,日勤,28,99,76,203,199,4,0.926,188
2026-08-29,2026-08-29,13,日勤,31,134,72,237,224,13,0.975,231
2026-08-29,2026-08-29,14,日勤,27,127,73,227,237,-10,0.96,218
2026-08-29,2026-08-29,15,日勤,31,129,66,226,217,9,0.903,204
2026-08-29,2026-08-29,16,日勤,29,114,56,199,197,2,0.935,186
2026-08-29,2026-08-29,17,日勤,23,96,55,174,172,2,0.954,166
2026-08-29,2026-08-29,18,日勤,16,81,39,136,134,2,0.926,126
2026-08-29,2026-08-29,19,日勤,12,46,33,91,97,-6,0.956,87
2026-08-29,2026-08-29,20,夜勤,9,53,46,108,101,7,0.907,98
2026-08-29,2026-08-29,21,夜勤,6,37,36,79,79,0,0.949,75
2026-08-29,2026-08-29,22,夜勤,3,40,29,72,69,3,0.972,70
2026-08-29,2026-08-29,23,夜勤,3,25,21,49,49,0,0.918,45
2026-08-30,2026-08-29,0,夜勤,1,23,21,45,48,-3,0.933,42
2026-08-30,2026-08-29,1,夜勤,2,13,14,29,28,1,0.966,28
2026-08-30,2026-08-29,2,夜勤,1,13,14,28,28,0,0.857,24
2026-08-30,2026-08-29,3,夜勤,1,11,13,25,28,-3,0.92,23
2026-08-30,2026-08-29,4,夜勤,1,13,14,28,28,0,0.893,25
2026-08-30,2026-08-29,5,夜勤,1,13,19,33,35,-2,0.939,31
2026-08-30,2026-08-29,6,夜勤,2,27,31,60,55,5,0.917,55
2026-08-30,2026-08-29,7,夜勤,1,41,35,77,74,3,0.961,74
2026-08-30,2026-08-29,8,夜勤,1,48,44,93,94,-1,0.882,82
2026-08-30,2026-08-30,9,日勤,15,68,59,142,146,-4,0.951,135
2026-08-30,2026-08-30,10,日勤,27,132,66,225,224,1,0.947,213
2026-08-30,2026-08-30,11,日勤,30,125,67,222,237,-15,0.905,201
2026-08-30,2026-08-30,12,日勤,31,97,76,204,199,5,0.902,184
2026-08-30,2026-08-30,13,日勤,29,129,68,226,224,2,0.929,210
2026-08-30,2026-08-30,14,日勤,28,144,72,244,237,7,0.906,221
2026-08-30,2026-08-30,15,日勤,30,126,66,222,217,5,0.941,209
2026-08-30,2026-08-30,16,日勤,27,113,58,198,197,1,0.944,187
2026-08-30,2026-08-30,17,日勤,25,92,51,168,172,-4,0.923,155
2026-08-30,2026-08-30,18,日勤,16,77,47,140,134,6,0.9,126
2026-08-30,2026-08-30,19,日勤,13,46,39,98,97,1,0.969,95
2026-08-30,2026-08-30,20,夜勤,8,52,40,100,101,-1,0.93,93
2026-08-30,2026-08-30,21,夜勤,6,39,35,80,79,1,0.925,74
2026-08-30,2026-08-30,22,夜勤,3,36,29,68,69,-1,0.926,63
2026-08-30,2026-08-30,23,夜勤,3,22,23,48,49,-1,0.917,44
2026-08-31,2026-08-30,0,夜勤,1,25,23,49,48,1,0.959,47
2026-08-31,2026-08-30,1,夜勤,1,11,15,27,28,-1,0.963,26
2026-08-31,2026-08-30,2,夜勤,1,13,13,27,28,-1,0.926,25
2026-08-31,2026-08-30,3,夜勤,1,12,15,28,28,0,0.893,25
2026-08-31,2026-08-30,4,夜勤,2,12,13,27,28,-1,0.963,26
2026-08-31,2026-08-30,5,夜勤,1,12,19,32,35,-3,0.938,30
2026-08-31,2026-08-30,6,夜勤,1,23,28,52,55,-3,0.981,51
2026-08-31,2026-08-30,7,夜勤,1,35,36,72,74,-2,0.972,70
2026-08-31,2026-08-30,8,夜勤,1,53,42,96,94,2,0.979,94
2026-08-31,2026-08-31,9,日勤,13,74,55,142,146,-4,0.944,134
2026-08-31,2026-08-31,10,日勤,31,114,77,222,224,-2,0.977,217
2026-08-31,2026-08-31,11,日勤,31,127,66,224,237,-13,0.955,214
2026-08-31,2026-08-31,12,日勤,29,105,70,204,199,5,0.971,198
2026-08-31,2026-08-31,13,日勤,28,119,72,219,224,-5,0.913,200
2026-08-31,2026-08-31,14,日勤,31,127,75,233,237,-4,0.927,216
2026-08-31,2026-08-31,15,日勤,27,120,58,205,217,-12,0.956,196
2026-08-31,2026-08-31,16,日勤,31,102,61,194,197,-3,0.954,185
2026-08-31,2026-08-31,17,日勤,24,95,47,166,172,-6,0.94,156
2026-08-31,2026-08-31,18,日勤,16,75,39,130,134,-4,0.915,119
2026-08-31,2026-08-31,19,日勤,11,53,37,101,97,4,0.931,94
2026-08-31,2026-08-31,20,夜勤,8,46,44,98,101,-3,0.969,95
2026-08-31,2026-08-31,21,夜勤,5,35,33,73,79,-6,0.973,71
2026-08-31,2026-08-31,22,夜勤,3,38,31,72,69,3,0.944,68
2026-08-31,2026-08-31,23,夜勤,3,23,23,49,49,0,0.959,47
2026-09-01,2026-08-31,0,夜勤,1,23,22,46,48,-2,0.957,44
2026-09-01,2026-08-31,1,夜勤,1,13,15,29,28,1,0.966,28
2026-09-01,2026-08-31,2,夜勤,1,13,15,29,28,1,0.966,28
2026-09-01,2026-08-31,3,夜勤,2,13,15,30,28,2,0.933,28
2026-09-01,2026-08-31,4,夜勤,1,13,15,29,28,1,0.966,28
2026-09-01,2026-08-31,5,夜勤,1,12,23,36,35,1,0.917,33
2026-09-01,2026-08-31,6,夜勤,1,23,30,54,55,-1,0.981,53
2026-09-01,2026-08-31,7,夜勤,1,41,35,77,74,3,0.974,75
2026-09-01,2026-08-31,8,夜勤,1,51,47,99,94,5,0.929,92
